,timestamp,Qubit,Frequency (GHz),T1 (µs),T2 (µs),Readout error,Sqrt-x (sx) error,CNOT error,Readout assignment error,√x (sx) error,Single-qubit Pauli-X error,T1 (us),T2 (us),Anharmonicity (GHz),Readout assignment error ,Prob meas0 prep1 ,Prob meas1 prep0 ,Readout length (ns),ID error ,√x (sx) error ,Single-qubit Pauli-X error ,CNOT error ,Gate time (ns)
0,2021-01-03 23:32:00,0.0,5.28281534941578,49.71563774367918,23.01987444109883,0.0351999999999999,0.0018011803857171614,"cx0_2: 1.820e-2 , cx0_1: 2.581e-2 ",,,,,,,,,,,,,,,
1,2021-01-03 23:32:00,1.0,5.2476263178265965,60.41148135577895,24.62436254265942,0.02679999999999993,0.0009715429515469773,"cx1_2: 1.747e-2 , cx1_0: 2.581e-2 ",,,,,,,,,,,,,,,
2,2021-01-03 23:32:00,2.0,5.033483547429311,57.36010679949978,71.50533718701048,0.07950000000000003,0.0005323467704894931,"cx2_4: 1.373e-2 , cx2_3: 1.161e-2 , cx2_1: 1.747e-2 , cx2_0: 1.820e-2 ",,,,,,,,,,,,,,,
3,2021-01-03 23:32:00,3.0,5.292254840708637,69.83800214036334,39.34907869659191,0.05069999999999997,0.0004003739554276655,"cx3_4: 1.188e-2 , cx3_2: 1.161e-2 ",,,,,,,,,,,,,,,
4,2021-01-03 23:32:00,4.0,5.078449052286754,44.867474350575044,29.267919995226194,0.02849999999999997,0.0006634823818588555,"cx4_2: 1.373e-2 , cx4_3: 1.188e-2 ",,,,,,,,,,,,,,,
5,2021-01-04 23:16:00,0.0,5.2828276482172285,44.41629238318697,24.428564010946765,0.035700000000000065,0.0010473452179297366,"cx0_2: 1.384e-2 , cx0_1: 2.383e-2 ",,,,,,,,,,,,,,,
6,2021-01-04 23:16:00,1.0,5.247615887139088,44.76089916245357,19.28817710996749,0.03159999999999996,0.0013880672933529194,"cx1_2: 1.756e-2 , cx1_0: 2.383e-2 ",,,,,,,,,,,,,,,
7,2021-01-04 23:16:00,2.0,5.033491141648174,57.35630284756832,84.1284567996759,0.08600000000000008,0.00047666734897337657,"cx2_4: 1.316e-2 , cx2_3: 1.287e-2 , cx2_1: 1.756e-2 , cx2_0: 1.384e-2 ",,,,,,,,,,,,,,,
8,2021-01-04 23:16:00,3.0,5.292250248283569,60.07637890842204,36.020039623305045,0.044300000000000006,0.00035482033519787347,"cx3_4: 1.578e-2 , cx3_2: 1.287e-2 ",,,,,,,,,,,,,,,
9,2021-01-04 23:16:00,4.0,5.078465916967222,54.2427538484755,37.194708636036346,0.03269999999999995,0.0006467427193829378,"cx4_2: 1.316e-2 , cx4_3: 1.578e-2 ",,,,,,,,,,,,,,,
10,2021-01-05 11:17:00,0.0,5.282822647707106,44.41629238318697,24.428564010946765,0.03839999999999999,0.0012255553629702662,"cx0_2: 1.263e-2 , cx0_1: 2.197e-2 ",,,,,,,,,,,,,,,
11,2021-01-05 11:17:00,1.0,5.247632679626399,60.130613830797714,27.950240863715486,0.02739999999999998,0.0007383117646232345,"cx1_2: 1.845e-2 , cx1_0: 2.197e-2 ",,,,,,,,,,,,,,,
12,2021-01-05 11:17:00,2.0,5.033482668385674,58.48419637892872,77.71799744545959,0.07539999999999991,0.0004756034211270378,"cx2_4: 1.357e-2 , cx2_3: 1.406e-2 , cx2_1: 1.845e-2 , cx2_0: 1.263e-2 ",,,,,,,,,,,,,,,
13,2021-01-05 11:17:00,3.0,5.2922548955395845,62.85254937771409,37.174687813600116,0.04710000000000003,0.00032472849533651756,"cx3_4: 1.214e-2 , cx3_2: 1.406e-2 ",,,,,,,,,,,,,,,
14,2021-01-05 11:17:00,4.0,5.078457327719431,57.02988100632077,34.19973154028301,0.026000000000000027,0.0005021528988987518,"cx4_2: 1.357e-2 , cx4_3: 1.214e-2 ",,,,,,,,,,,,,,,
15,2021-01-05 13:02:00,0.0,5.282822647707106,44.41629238318697,24.428564010946765,0.03839999999999999,0.0012255553629702662,"cx0_2: 1.263e-2 , cx0_1: 2.197e-2 ",,,,,,,,,,,,,,,
16,2021-01-05 13:02:00,1.0,5.247632679626399,60.130613830797714,27.950240863715486,0.02739999999999998,0.0007383117646232345,"cx1_2: 1.845e-2 , cx1_0: 2.197e-2 ",,,,,,,,,,,,,,,
17,2021-01-05 13:02:00,2.0,5.033482668385674,58.48419637892872,77.71799744545959,0.07539999999999991,0.0004756034211270378,"cx2_4: 1.357e-2 , cx2_3: 1.406e-2 , cx2_1: 1.845e-2 , cx2_0: 1.263e-2 ",,,,,,,,,,,,,,,
18,2021-01-05 13:02:00,3.0,5.2922548955395845,62.85254937771409,37.174687813600116,0.04710000000000003,0.00032472849533651756,"cx3_4: 1.214e-2 , cx3_2: 1.406e-2 ",,,,,,,,,,,,,,,
19,2021-01-05 13:02:00,4.0,5.078457327719431,57.02988100632077,34.19973154028301,0.026000000000000027,0.0005021528988987518,"cx4_2: 1.357e-2 , cx4_3: 1.214e-2 ",,,,,,,,,,,,,,,
20,2021-01-06 00:18:00,0.0,5.282822647707106,44.41629238318697,24.428564010946765,0.03839999999999999,0.0012255553629702662,"cx0_2: 1.263e-2 , cx0_1: 2.197e-2 ",,,,,,,,,,,,,,,
21,2021-01-06 00:18:00,1.0,5.247632679626399,60.130613830797714,27.950240863715486,0.02739999999999998,0.0007383117646232345,"cx1_2: 1.845e-2 , cx1_0: 2.197e-2 ",,,,,,,,,,,,,,,
22,2021-01-06 00:18:00,2.0,5.033482668385674,58.48419637892872,77.71799744545959,0.07539999999999991,0.0004756034211270378,"cx2_4: 1.357e-2 , cx2_3: 1.406e-2 , cx2_1: 1.845e-2 , cx2_0: 1.263e-2 ",,,,,,,,,,,,,,,
23,2021-01-06 00:18:00,3.0,5.2922548955395845,62.85254937771409,37.174687813600116,0.04710000000000003,0.00032472849533651756,"cx3_4: 1.214e-2 , cx3_2: 1.406e-2 ",,,,,,,,,,,,,,,
24,2021-01-06 00:18:00,4.0,5.078457327719431,57.02988100632077,34.19973154028301,0.026000000000000027,0.0005021528988987518,"cx4_2: 1.357e-2 , cx4_3: 1.214e-2 ",,,,,,,,,,,,,,,
25,2021-01-07 00:19:00,0.0,5.282830389281163,48.64538451775931,27.14330110513514,0.04479999999999995,0.0014393739257572821,"cx0_2: 1.450e-2 , cx0_1: 2.276e-2 ",,,,,,,,,,,,,,,
26,2021-01-07 00:19:00,1.0,5.247622193981074,65.86163064502368,26.330224276483165,0.030200000000000005,0.0008178202847570358,"cx1_2: 1.937e-2 , cx1_0: 2.276e-2 ",,,,,,,,,,,,,,,
27,2021-01-07 00:19:00,2.0,5.03348904333906,59.48432059142112,73.7550989968578,0.0756,0.0004522289177935385,"cx2_4: 1.467e-2 , cx2_3: 1.462e-2 , cx2_1: 1.937e-2 , cx2_0: 1.450e-2 ",,,,,,,,,,,,,,,
28,2021-01-07 00:19:00,3.0,5.292247053624477,50.35573618959576,35.05645339390059,0.04410000000000003,0.00032482802648042065,"cx3_4: 1.177e-2 , cx3_2: 1.462e-2 ",,,,,,,,,,,,,,,
29,2021-01-07 00:19:00,4.0,5.078454095333154,60.11688801721685,37.78859212198632,0.024699999999999944,0.0005271884302366184,"cx4_2: 1.467e-2 , cx4_3: 1.177e-2 ",,,,,,,,,,,,,,,
30,2021-01-07 23:19:00,0.0,5.282827855975829,44.055289873968896,24.86844420107855,0.05610000000000004,0.001356274446519616,"cx0_2: 2.133e-2 , cx0_1: 2.277e-2 ",,,,,,,,,,,,,,,
31,2021-01-07 23:19:00,1.0,5.247626184704124,80.8698723713071,28.659525041344573,0.03190000000000004,0.0009208531662746836,"cx1_2: 2.442e-2 , cx1_0: 2.277e-2 ",,,,,,,,,,,,,,,
32,2021-01-07 23:19:00,2.0,5.033479351952308,64.07527332534927,83.11496437131207,0.1007,0.0006317905530599515,"cx2_4: 1.518e-2 , cx2_3: 1.723e-2 , cx2_1: 2.442e-2 , cx2_0: 2.133e-2 ",,,,,,,,,,,,,,,
33,2021-01-07 23:19:00,3.0,5.292245591515382,48.35443352496325,38.5912665807146,0.061099999999999925,0.0003920804320297956,"cx3_4: 1.392e-2 , cx3_2: 1.723e-2 ",,,,,,,,,,,,,,,
34,2021-01-07 23:19:00,4.0,5.0784596493886385,56.29040300679026,42.40453687489666,0.02849999999999997,0.0006298419301676468,"cx4_2: 1.518e-2 , cx4_3: 1.392e-2 ",,,,,,,,,,,,,,,
35,2021-01-08 08:24:00,0.0,5.282825170742384,50.72025879737434,28.369451259600854,0.03620000000000001,0.001241062938052782,"cx0_2: 1.527e-2 , cx0_1: 1.992e-2 ",,,,,,,,,,,,,,,
36,2021-01-08 08:24:00,1.0,5.2476297956253495,60.013315333894965,23.874986174514166,0.03110000000000002,0.0010350295447510956,"cx1_2: 1.925e-2 , cx1_0: 1.992e-2 ",,,,,,,,,,,,,,,
37,2021-01-08 08:24:00,2.0,5.033491961422488,74.17159267676251,77.15455343982579,0.10040000000000003,0.0005170500723634568,"cx2_4: 1.444e-2 , cx2_3: 1.599e-2 , cx2_1: 1.925e-2 , cx2_0: 1.527e-2 ",,,,,,,,,,,,,,,
38,2021-01-08 08:24:00,3.0,5.292251127480338,61.71913798325672,40.785869009725744,0.04960000000000009,0.00035367670077165043,"cx3_4: 1.463e-2 , cx3_2: 1.599e-2 ",,,,,,,,,,,,,,,
39,2021-01-08 08:24:00,4.0,5.0784604492044725,54.33077442731281,34.111125441918894,0.022699999999999942,0.00045047377416378116,"cx4_2: 1.444e-2 , cx4_3: 1.463e-2 ",,,,,,,,,,,,,,,
40,2021-01-09 23:55:00,0.0,5.282826969713144,50.45996588595665,25.657316623965357,0.03669999999999996,0.0012465948484851898,"cx0_2: 1.430e-2 , cx0_1: 1.664e-2 ",,,,,,,,,,,,,,,
41,2021-01-09 23:55:00,1.0,5.2476253172772065,72.17153972505945,25.82143556197537,0.027700000000000058,0.0012607552834764891,"cx1_2: 2.152e-2 , cx1_0: 1.664e-2 ",,,,,,,,,,,,,,,
42,2021-01-09 23:55:00,2.0,5.033487389629002,65.1295972955359,87.84243939705904,0.07330000000000003,0.0004245225603902456,"cx2_4: 1.409e-2 , cx2_3: 1.301e-2 , cx2_1: 2.152e-2 , cx2_0: 1.430e-2 ",,,,,,,,,,,,,,,
43,2021-01-09 23:55:00,3.0,5.292249006222542,53.97945609241667,34.17830629393572,0.04420000000000002,0.0003666055100147177,"cx3_4: 1.083e-2 , cx3_2: 1.301e-2 ",,,,,,,,,,,,,,,
44,2021-01-09 23:55:00,4.0,5.0784628997967065,67.80485745174929,36.724215814789936,0.02310000000000001,0.0005505831577615342,"cx4_2: 1.409e-2 , cx4_3: 1.083e-2 ",,,,,,,,,,,,,,,
45,2021-01-11 12:05:00,0.0,5.282803172303469,58.381560947359525,25.67072745161025,0.025800000000000045,0.0013879004345361866,"cx0_2: 1.458e-2 , cx0_1: 2.137e-2 ",,,,,,,,,,,,,,,
46,2021-01-11 12:05:00,1.0,5.2476262480025495,50.41417044375734,24.13772804343273,0.030000000000000027,0.0008799954324451258,"cx1_2: 1.872e-2 , cx1_0: 2.137e-2 ",,,,,,,,,,,,,,,
47,2021-01-11 12:05:00,2.0,5.033483331923754,59.34970129977624,82.07627577524767,0.08250000000000003,0.00042492541388917504,"cx2_4: 1.340e-2 , cx2_3: 1.186e-2 , cx2_1: 1.872e-2 , cx2_0: 1.458e-2 ",,,,,,,,,,,,,,,
48,2021-01-11 12:05:00,3.0,5.292252695672982,58.62071213020783,39.42604215515219,0.04889999999999994,0.00039526239446756366,"cx3_4: 1.231e-2 , cx3_2: 1.186e-2 ",,,,,,,,,,,,,,,
49,2021-01-11 12:05:00,4.0,5.078462245696278,56.07749369774057,36.089564554081434,0.026699999999999943,0.000626062312098226,"cx4_2: 1.340e-2 , cx4_3: 1.231e-2 ",,,,,,,,,,,,,,,
50,2021-01-12 10:46:00,0.0,5.2828223804733225,54.640149310731886,25.743637866752483,0.029499999999999967,0.0012573868976876747,"cx0_2: 2.329e-2 , cx0_1: 2.212e-2 ",,,,,,,,,,,,,,,
51,2021-01-12 10:46:00,1.0,5.247617726485972,62.99884142493264,28.21757903618104,0.029900000000000038,0.0011192771233474155,"cx1_2: 1.832e-2 , cx1_0: 2.212e-2 ",,,,,,,,,,,,,,,
52,2021-01-12 10:46:00,2.0,5.033488778950749,87.31657767814941,90.2359981974996,0.0927,0.0005642040827340737,"cx2_4: 1.330e-2 , cx2_3: 1.146e-2 , cx2_1: 1.832e-2 , cx2_0: 2.329e-2 ",,,,,,,,,,,,,,,
53,2021-01-12 10:46:00,3.0,5.2922489298341775,56.73652391954413,35.65449741294569,0.0514,0.00041841159215704463,"cx3_4: 1.247e-2 , cx3_2: 1.146e-2 ",,,,,,,,,,,,,,,
54,2021-01-12 10:46:00,4.0,5.07846062645316,48.06999547548339,43.229073356293995,0.021299999999999986,0.0005395536462853293,"cx4_2: 1.330e-2 , cx4_3: 1.247e-2 ",,,,,,,,,,,,,,,
55,2021-01-18 12:44:00,0.0,5.2828154710232855,42.96768781465993,20.394426262475886,0.03259999999999996,0.0014382342001531062,"cx0_2: 1.573e-2 , cx0_1: 2.090e-2 ",,,,,,,,,,,,,,,
56,2021-01-18 12:44:00,1.0,5.247627687234671,70.07142731786998,26.31140931628221,0.024399999999999974,0.0016346907305982226,"cx1_2: 1.863e-2 , cx1_0: 2.090e-2 ",,,,,,,,,,,,,,,
57,2021-01-18 12:44:00,2.0,5.033490455772693,69.14999480285158,77.69902735225864,0.07089999999999996,0.0005007038717950344,"cx2_4: 1.427e-2 , cx2_3: 1.152e-2 , cx2_1: 1.863e-2 , cx2_0: 1.573e-2 ",,,,,,,,,,,,,,,
58,2021-01-18 12:44:00,3.0,5.292246919703299,73.0596667265424,38.83865391938272,0.05010000000000003,0.0003508122518868689,"cx3_4: 1.481e-2 , cx3_2: 1.152e-2 ",,,,,,,,,,,,,,,
59,2021-01-18 12:44:00,4.0,5.078465809911172,33.164000358481296,30.088029743073893,0.03759999999999997,0.0005759481978978705,"cx4_2: 1.427e-2 , cx4_3: 1.481e-2 ",,,,,,,,,,,,,,,
60,2021-01-19 10:24:00,0.0,5.282830007924193,38.039357900093925,23.06684575550694,0.029199999999999893,0.0013710801433417276,"cx0_2: 1.405e-2 , cx0_1: 2.218e-2 ",,,,,,,,,,,,,,,
61,2021-01-19 10:24:00,1.0,5.247617341738841,52.4032069194482,23.17252504136777,0.030000000000000027,0.0015628438997255226,"cx1_2: 1.824e-2 , cx1_0: 2.218e-2 ",,,,,,,,,,,,,,,
62,2021-01-19 10:24:00,2.0,5.03348682975014,63.08558015134214,87.62815573375104,0.07679999999999998,0.00046355733088456543,"cx2_4: 1.612e-2 , cx2_3: 1.251e-2 , cx2_1: 1.824e-2 , cx2_0: 1.405e-2 ",,,,,,,,,,,,,,,
63,2021-01-19 10:24:00,3.0,5.292252373062727,59.30764685248228,43.79450791707363,0.055400000000000005,0.0003878425446334783,"cx3_4: 1.305e-2 , cx3_2: 1.251e-2 ",,,,,,,,,,,,,,,
64,2021-01-19 10:24:00,4.0,5.078460429978126,46.98355569319862,31.964930132947174,0.02939999999999998,0.0007029666561865174,"cx4_2: 1.612e-2 , cx4_3: 1.305e-2 ",,,,,,,,,,,,,,,
65,2021-01-25 22:16:00,0.0,5.282822096708099,55.893572835226934,24.449416198742924,0.025800000000000045,0.0012420841228854168,"cx0_2: 1.346e-2 , cx0_1: 1.994e-2 ",,,,,,,,,,,,,,,
66,2021-01-25 22:16:00,1.0,5.2476226604432785,67.61209337565037,24.995783557813397,0.03090000000000004,0.0008864702605265151,"cx1_2: 1.919e-2 , cx1_0: 1.994e-2 ",,,,,,,,,,,,,,,
67,2021-01-25 22:16:00,2.0,5.033485167816536,70.18247125309394,86.22478952946695,0.07269999999999999,0.0004898783067061791,"cx2_4: 1.762e-2 , cx2_3: 1.394e-2 , cx2_1: 1.919e-2 , cx2_0: 1.346e-2 ",,,,,,,,,,,,,,,
68,2021-01-25 22:16:00,3.0,5.292258171570822,50.237731385406704,35.227992068967296,0.04590000000000005,0.00040558532482077214,"cx3_4: 1.504e-2 , cx3_2: 1.394e-2 ",,,,,,,,,,,,,,,
69,2021-01-25 22:16:00,4.0,5.0784607159240505,59.009028629338026,42.0691518651121,0.03820000000000001,0.0007738729701262058,"cx4_2: 1.762e-2 , cx4_3: 1.504e-2 ",,,,,,,,,,,,,,,
70,2021-01-26 13:53:00,0.0,5.2828252227832,58.749273149493256,25.649800711082374,0.02869999999999995,0.001313937675085718,"cx0_2: 1.571e-2 , cx0_1: 1.821e-2 ",,,,,,,,,,,,,,,
71,2021-01-26 13:53:00,1.0,5.247628857169367,66.3857994409418,26.29631971934221,0.027100000000000013,0.0007148492220377411,"cx1_2: 1.903e-2 , cx1_0: 1.821e-2 ",,,,,,,,,,,,,,,
72,2021-01-26 13:53:00,2.0,5.033483694197832,60.16385573358003,49.48332074543886,0.08750000000000002,0.0004909127687588221,"cx2_4: 1.828e-2 , cx2_3: 1.488e-2 , cx2_1: 1.903e-2 , cx2_0: 1.571e-2 ",,,,,,,,,,,,,,,
73,2021-01-26 13:53:00,3.0,5.292271707104015,58.57573835462672,38.23097683624804,0.07289999999999996,0.0007442300600597439,"cx3_4: 1.733e-2 , cx3_2: 1.488e-2 ",,,,,,,,,,,,,,,
74,2021-01-26 13:53:00,4.0,5.078462268318553,61.34834444297433,42.514429846255275,0.03639999999999999,0.0008449270212018403,"cx4_2: 1.828e-2 , cx4_3: 1.733e-2 ",,,,,,,,,,,,,,,
75,2021-01-28 23:30:00,0.0,5.282819356838068,52.41540419267609,25.965803741689445,0.02659999999999996,0.002411290382872684,"cx0_2: 1.555e-2 , cx0_1: 1.954e-2 ",,,,,,,,,,,,,,,
76,2021-01-28 23:30:00,1.0,5.2476265261403565,52.415084759289925,24.025279887982496,0.03669999999999996,0.0010670055128818624,"cx1_2: 1.912e-2 , cx1_0: 1.954e-2 ",,,,,,,,,,,,,,,
77,2021-01-28 23:30:00,2.0,5.0334900275334284,42.79792913235369,74.52834229929903,0.06999999999999995,0.0005414326242151676,"cx2_4: 3.137e-2 , cx2_3: 1.489e-2 , cx2_1: 1.912e-2 , cx2_0: 1.555e-2 ",,,,,,,,,,,,,,,
78,2021-01-28 23:30:00,3.0,5.292271788122533,49.93181015220332,35.277267367962764,0.06689999999999996,0.0004226751158133038,"cx3_4: 1.963e-2 , cx3_2: 1.489e-2 ",,,,,,,,,,,,,,,
79,2021-01-28 23:30:00,4.0,5.0784560969948895,68.7905467761529,39.062677089564154,0.02310000000000001,0.0009043285843927113,"cx4_2: 3.137e-2 , cx4_3: 1.963e-2 ",,,,,,,,,,,,,,,
80,2021-02-03 10:25:00,0.0,5.282824373188125,51.94427009477766,28.197827296197914,0.022599999999999957,0.0010144891527298096,"cx0_2: 2.012e-2 , cx0_1: 1.872e-2 ",,,,,,,,,,,,,,,
81,2021-02-03 10:25:00,1.0,5.247629716294306,57.6919380164674,25.08156496003001,0.029700000000000063,0.0009921156099129613,"cx1_2: 2.574e-2 , cx1_0: 1.872e-2 ",,,,,,,,,,,,,,,
82,2021-02-03 10:25:00,2.0,5.033495529768198,48.59820620086722,38.44307750637593,0.08179999999999997,0.0007199179588334612,"cx2_4: 2.029e-2 , cx2_3: 1.957e-2 , cx2_1: 2.574e-2 , cx2_0: 2.012e-2 ",,,,,,,,,,,,,,,
83,2021-02-03 10:25:00,3.0,5.292257104099173,60.191385802706726,36.50003959289528,0.050899999999999945,0.0004410511118139374,"cx3_4: 1.288e-2 , cx3_2: 1.957e-2 ",,,,,,,,,,,,,,,
84,2021-02-03 10:25:00,4.0,5.078454898332786,48.93369489351329,41.16552187483375,0.04269999999999996,0.0005774344943580521,"cx4_2: 2.029e-2 , cx4_3: 1.288e-2 ",,,,,,,,,,,,,,,
85,2021-02-10 09:05:00,0.0,5.282829370857751,62.77068556074898,29.684433694709224,0.033600000000000074,0.001011438723133346,"cx0_2: 1.154e-2 , cx0_1: 2.048e-2 ",,,,,,,,,,,,,,,
86,2021-02-10 09:05:00,1.0,5.2476222057988355,52.95255950679781,26.460493829659576,0.02610000000000001,0.0009007762308639289,"cx1_2: 1.842e-2 , cx1_0: 2.048e-2 ",,,,,,,,,,,,,,,
87,2021-02-10 09:05:00,2.0,5.03347653379092,77.92618340351392,83.40816747597106,0.07569999999999999,0.0004221691446905342,"cx2_4: 1.282e-2 , cx2_3: 1.288e-2 , cx2_1: 1.842e-2 , cx2_0: 1.154e-2 ",,,,,,,,,,,,,,,
88,2021-02-10 09:05:00,3.0,5.29226165068637,71.10093298109078,37.68054536460979,0.04259999999999997,0.0003412369202170067,"cx3_4: 1.211e-2 , cx3_2: 1.288e-2 ",,,,,,,,,,,,,,,
89,2021-02-10 09:05:00,4.0,5.078455417616834,67.03222108037728,39.21485590118301,0.03339999999999998,0.0004911703362841577,"cx4_2: 1.282e-2 , cx4_3: 1.211e-2 ",,,,,,,,,,,,,,,
90,2021-02-15 14:00:00,0.0,5.282827206815828,51.45446594602842,23.393572025086595,0.029200000000000007,0.0021054037595573554,"cx0_2: 2.086e-2 , cx0_1: 2.036e-2 ",,,,,,,,,,,,,,,
91,2021-02-15 14:00:00,1.0,5.2476278139541455,40.021138457474365,23.706913221406023,0.030000000000000027,0.0015703724262797526,"cx1_2: 2.532e-2 , cx1_0: 2.036e-2 ",,,,,,,,,,,,,,,
92,2021-02-15 14:00:00,2.0,5.033492144663598,67.79529738019312,63.90023292451602,0.0806,0.0010026494855090325,"cx2_4: 1.743e-2 , cx2_3: 1.675e-2 , cx2_1: 2.532e-2 , cx2_0: 2.086e-2 ",,,,,,,,,,,,,,,
93,2021-02-15 14:00:00,3.0,5.292259559927607,66.99773103321368,33.454785456791946,0.05820000000000002,0.0004543520656786259,"cx3_4: 1.494e-2 , cx3_2: 1.675e-2 ",,,,,,,,,,,,,,,
94,2021-02-15 14:00:00,4.0,5.0784688142310985,61.15052792311632,35.1125877737094,0.030299999999999994,0.0004186578608230338,"cx4_2: 1.743e-2 , cx4_3: 1.494e-2 ",,,,,,,,,,,,,,,
95,2021-02-18 14:25:00,0.0,5.282836370966155,46.932620181075954,22.43916606856194,0.028799999999999937,0.0013783738707663367,"cx0_2: 1.884e-2 , cx0_1: 2.691e-2 ",,,,,,,,,,,,,,,
96,2021-02-18 14:25:00,1.0,5.247632071283936,54.29342517400678,24.44073243287863,0.030499999999999968,0.001156213981268377,"cx1_2: 1.944e-2 , cx1_0: 2.691e-2 ",,,,,,,,,,,,,,,
97,2021-02-18 14:25:00,2.0,5.033484395324946,66.77090444330193,68.05701598907123,0.0766,0.0008986013135505207,"cx2_4: 1.276e-2 , cx2_3: 1.477e-2 , cx2_1: 1.944e-2 , cx2_0: 1.884e-2 ",,,,,,,,,,,,,,,
98,2021-02-18 14:25:00,3.0,5.292259842899616,52.58300974165435,27.81023713199088,0.05659999999999999,0.00046539927410957685,"cx3_4: 1.310e-2 , cx3_2: 1.477e-2 ",,,,,,,,,,,,,,,
99,2021-02-18 14:25:00,4.0,5.078461285785322,61.903254073733045,35.276610078421214,0.04120000000000002,0.0005922608298748048,"cx4_2: 1.276e-2 , cx4_3: 1.310e-2 ",,,,,,,,,,,,,,,
100,2021-03-04 19:25:00,,5.2822771251778695,25.81022333122168,20.83147371295659,,,"cx0_2: 1.941e-2 , cx0_1: 2.567e-2 ",0.04079999999999995,0.001535734750117655,,,,,,,,,,,,,
101,2021-03-04 19:25:00,1.0,5.247826618512885,51.161787047074185,24.87834224738367,,,"cx1_2: 1.971e-2 , cx1_0: 2.567e-2 ",0.2199,0.0017770024244547378,,,,,,,,,,,,,
102,2021-03-04 19:25:00,2.0,5.033526551407088,77.57964633037366,82.02220158124787,,,"cx2_4: 1.553e-2 , cx2_3: 1.598e-2 , cx2_1: 1.971e-2 , cx2_0: 1.941e-2 ",0.07309999999999994,0.000419743088851726,,,,,,,,,,,,,
103,2021-03-04 19:25:00,3.0,5.292018491469356,53.79325339913108,30.32598793919267,,,"cx3_4: 1.815e-2 , cx3_2: 1.598e-2 ",0.06170000000000009,0.0006746813871848003,,,,,,,,,,,,,
104,2021-03-04 19:25:00,4.0,5.0784184726862645,41.917289448785475,37.37990587774519,,,"cx4_2: 1.553e-2 , cx4_3: 1.815e-2 ",0.06799999999999995,0.0007375361071256911,,,,,,,,,,,,,
105,2021-03-05 12:30:00,,5.2822771251778695,25.81022333122168,20.83147371295659,,,"cx0_2: 1.941e-2 , cx0_1: 2.567e-2 ",0.04079999999999995,0.001535734750117655,,,,,,,,,,,,,
106,2021-03-05 12:30:00,1.0,5.247826618512885,51.161787047074185,24.87834224738367,,,"cx1_2: 1.971e-2 , cx1_0: 2.567e-2 ",0.2199,0.0017770024244547378,,,,,,,,,,,,,
107,2021-03-05 12:30:00,2.0,5.033526551407088,77.57964633037366,82.02220158124787,,,"cx2_4: 1.553e-2 , cx2_3: 1.598e-2 , cx2_1: 1.971e-2 , cx2_0: 1.941e-2 ",0.07309999999999994,0.000419743088851726,,,,,,,,,,,,,
108,2021-03-05 12:30:00,3.0,5.292018491469356,53.79325339913108,30.32598793919267,,,"cx3_4: 1.815e-2 , cx3_2: 1.598e-2 ",0.06170000000000009,0.0006746813871848003,,,,,,,,,,,,,
109,2021-03-05 12:30:00,4.0,5.0784184726862645,41.917289448785475,37.37990587774519,,,"cx4_2: 1.553e-2 , cx4_3: 1.815e-2 ",0.06799999999999995,0.0007375361071256911,,,,,,,,,,,,,
110,2021-03-08 10:55:00,,5.2822771251778695,25.81022333122168,20.83147371295659,,,"cx0_2: 1.941e-2 , cx0_1: 2.567e-2 ",0.04079999999999995,0.001535734750117655,,,,,,,,,,,,,
111,2021-03-08 10:55:00,1.0,5.247826618512885,51.161787047074185,24.87834224738367,,,"cx1_2: 1.971e-2 , cx1_0: 2.567e-2 ",0.2199,0.0017770024244547378,,,,,,,,,,,,,
112,2021-03-08 10:55:00,2.0,5.033526551407088,77.57964633037366,82.02220158124787,,,"cx2_4: 1.553e-2 , cx2_3: 1.598e-2 , cx2_1: 1.971e-2 , cx2_0: 1.941e-2 ",0.07309999999999994,0.000419743088851726,,,,,,,,,,,,,
113,2021-03-08 10:55:00,3.0,5.292018491469356,53.79325339913108,30.32598793919267,,,"cx3_4: 1.815e-2 , cx3_2: 1.598e-2 ",0.06170000000000009,0.0006746813871848003,,,,,,,,,,,,,
114,2021-03-08 10:55:00,4.0,5.0784184726862645,41.917289448785475,37.37990587774519,,,"cx4_2: 1.553e-2 , cx4_3: 1.815e-2 ",0.06799999999999995,0.0007375361071256911,,,,,,,,,,,,,
115,2021-03-10 09:17:00,,5.282273244280949,50.74441798827378,26.07584628197849,,,"cx0_2: 2.030e-2 , cx0_1: 2.278e-2 ",0.024699999999999944,0.0014360071274650901,0.0014360071274650901,,,,,,,,,,,,
116,2021-03-10 09:17:00,1.0,5.2478252361890325,47.31130506813488,23.671390264719204,,,"cx1_2: 1.988e-2 , cx1_0: 2.278e-2 ",0.2361,0.002075886063005705,0.002075886063005705,,,,,,,,,,,,
117,2021-03-10 09:17:00,2.0,5.033538261839716,62.08245457949749,65.65466237985625,,,"cx2_4: 1.686e-2 , cx2_3: 1.674e-2 , cx2_1: 1.988e-2 , cx2_0: 2.030e-2 ",0.09509999999999996,0.0007674807720513046,0.0007674807720513046,,,,,,,,,,,,
118,2021-03-10 09:17:00,3.0,5.2920141081025776,56.688321696555825,30.058175869571233,,,"cx3_4: 1.207e-2 , cx3_2: 1.674e-2 ",0.04769999999999997,0.0003999237718554704,0.0003999237718554704,,,,,,,,,,,,
119,2021-03-10 09:17:00,4.0,5.078436903611269,62.82793633464489,42.92001243934439,,,"cx4_2: 1.686e-2 , cx4_3: 1.207e-2 ",0.022699999999999942,0.0006294978449009256,0.0006294978449009256,,,,,,,,,,,,
120,2021-03-11 00:55:00,,5.282278105854523,36.863837694500646,22.876616929681997,,,"cx0_2: 1.786e-2 , cx0_1: 1.715e-2 ",0.024399999999999974,0.002563484291395856,0.002563484291395856,,,,,,,,,,,,
121,2021-03-11 00:55:00,1.0,5.247772678433644,41.28805744527556,21.52112562584154,,,"cx1_2: 5.113e-2 , cx1_0: 1.715e-2 ",0.2292,0.0012087200875697465,0.0012087200875697465,,,,,,,,,,,,
122,2021-03-11 00:55:00,2.0,5.033381231672129,56.37319149742086,70.79548112450195,,,"cx2_4: 2.702e-2 , cx2_3: 2.633e-2 , cx2_1: 5.113e-2 , cx2_0: 1.786e-2 ",0.09850000000000003,0.0006833758351146248,0.0006833758351146248,,,,,,,,,,,,
123,2021-03-11 00:55:00,3.0,5.2920169671944155,53.55421206772522,31.811205956090184,,,"cx3_4: 1.986e-2 , cx3_2: 2.633e-2 ",0.04259999999999997,0.000431186337451298,0.000431186337451298,,,,,,,,,,,,
124,2021-03-11 00:55:00,4.0,5.078436301068141,52.86350664728614,45.285673381209364,,,"cx4_2: 2.702e-2 , cx4_3: 1.986e-2 ",0.027100000000000013,0.0007655559849466296,0.0007655559849466296,,,,,,,,,,,,
125,2021-03-14 22:44:00,,5.282257512312907,52.81406758782466,26.767949720304397,,,"cx0_2: 2.253e-2 , cx0_1: 2.871e-2 ",0.0615,0.002045034065625689,0.002045034065625689,,,,,,,,,,,,
126,2021-03-14 22:44:00,1.0,5.247538217820828,51.32519214570365,25.172692449426762,,,"cx1_2: 2.226e-2 , cx1_0: 2.871e-2 ",0.030200000000000005,0.0012989623951982078,0.0012989623951982078,,,,,,,,,,,,
127,2021-03-14 22:44:00,2.0,5.0333701355595615,58.469826355940285,59.918362268730974,,,"cx2_4: 1.782e-2 , cx2_3: 1.422e-2 , cx2_1: 2.226e-2 , cx2_0: 2.253e-2 ",0.09820000000000008,0.000503357762691865,0.000503357762691865,,,,,,,,,,,,
128,2021-03-14 22:44:00,3.0,5.291999355462867,51.272169446771755,32.63550994729227,,,"cx3_4: 1.586e-2 , cx3_2: 1.422e-2 ",0.03380000000000005,0.0004121190336811256,0.0004121190336811256,,,,,,,,,,,,
129,2021-03-14 22:44:00,4.0,5.078447831416369,46.867289235648535,38.04622249248123,,,"cx4_2: 1.782e-2 , cx4_3: 1.586e-2 ",0.056200000000000035,0.0006035712917623122,0.0006035712917623122,,,,,,,,,,,,
130,2021-03-15 14:25:00,,5.282263967118867,48.233935475809965,22.946009132253213,,,"cx0_2: 2.167e-2 , cx0_1: 2.117e-2 ",0.06330000000000002,0.0013043388897769352,0.0013043388897769352,,,,,,,,,,,,
131,2021-03-15 14:25:00,1.0,5.247528169154704,42.86533281094276,24.545080807352427,,,"cx1_2: 2.227e-2 , cx1_0: 2.117e-2 ",0.03110000000000002,0.0016225037300878712,0.0016225037300878712,,,,,,,,,,,,
132,2021-03-15 14:25:00,2.0,5.0333705434418965,64.96063166056538,68.66934540094697,,,"cx2_4: 3.945e-2 , cx2_3: 1.774e-2 , cx2_1: 2.227e-2 , cx2_0: 2.167e-2 ",0.11519999999999996,0.0006173446629852813,0.0006173446629852813,,,,,,,,,,,,
133,2021-03-15 14:25:00,3.0,5.2919908409326535,54.84495547016203,30.759930969381355,,,"cx3_2: 1.774e-2 , cx3_4: 1.586e-2 ",0.027700000000000058,0.0003956947295829953,0.0003956947295829953,,,,,,,,,,,,
134,2021-03-15 14:25:00,4.0,5.0784530733352735,46.867289235648535,3.443082999663734,,,"cx4_2: 3.945e-2 , cx4_3: 1.586e-2 ",0.2923,0.0032277421851412158,0.0032277421851412158,,,,,,,,,,,,
135,2021-03-16 21:02:00,,5.282253294241917,39.51139497530836,24.130325360137693,,,"cx0_2: 2.575e-2 , cx0_1: 2.049e-2 ",0.06129999999999991,0.0012311133020269278,0.0012311133020269278,,,,,,,,,,,,
136,2021-03-16 21:02:00,1.0,5.247521980779943,60.27210264564784,22.628503513031244,,,"cx1_2: 3.152e-2 , cx1_0: 2.049e-2 ",0.03739999999999999,0.0010012014397257347,0.0010012014397257347,,,,,,,,,,,,
137,2021-03-16 21:02:00,2.0,5.033370283338376,64.93711509050004,80.75954830667746,,,"cx2_4: 3.990e-2 , cx2_3: 2.333e-2 , cx2_1: 3.152e-2 , cx2_0: 2.575e-2 ",0.0917,0.0007424126505031758,0.0007424126505031758,,,,,,,,,,,,
138,2021-03-16 21:02:00,3.0,5.291985496275676,42.349524106055654,28.0568510861801,,,"cx3_4: 4.566e-2 , cx3_2: 2.333e-2 ",0.04849999999999999,0.0005598499405256549,0.0005598499405256549,,,,,,,,,,,,
139,2021-03-16 21:02:00,4.0,5.0784147083649955,7.000431929174598,15.27612513387241,,,"cx4_2: 3.990e-2 , cx4_3: 4.566e-2 ",0.1168,0.003751439140376113,0.003751439140376113,,,,,,,,,,,,
140,2021-03-19 15:25:00,,5.282253294241917,39.51139497530836,24.130325360137693,,,"cx0_2: 2.575e-2 , cx0_1: 2.049e-2 ",0.06129999999999991,0.0012311133020269278,0.0012311133020269278,,,,,,,,,,,,
141,2021-03-19 15:25:00,1.0,5.247521980779943,60.27210264564784,22.628503513031244,,,"cx1_2: 3.152e-2 , cx1_0: 2.049e-2 ",0.03739999999999999,0.0010012014397257347,0.0010012014397257347,,,,,,,,,,,,
142,2021-03-19 15:25:00,2.0,5.033370283338376,64.93711509050004,80.75954830667746,,,"cx2_4: 3.990e-2 , cx2_3: 2.333e-2 , cx2_1: 3.152e-2 , cx2_0: 2.575e-2 ",0.0917,0.0007424126505031758,0.0007424126505031758,,,,,,,,,,,,
143,2021-03-19 15:25:00,3.0,5.291985496275676,42.349524106055654,28.0568510861801,,,"cx3_4: 4.566e-2 , cx3_2: 2.333e-2 ",0.04849999999999999,0.0005598499405256549,0.0005598499405256549,,,,,,,,,,,,
144,2021-03-19 15:25:00,4.0,5.0784147083649955,7.000431929174598,15.27612513387241,,,"cx4_2: 3.990e-2 , cx4_3: 4.566e-2 ",0.1168,0.003751439140376113,0.003751439140376113,,,,,,,,,,,,
145,2021-04-07 15:10:00,Q0,5.282,,,,,,,,,51.96,22.56,-0.33081,0.0754,0.0876,0.0632,3352.889,0.002165,0.002165,0.002165,0_2:2.283e-2; 0_1:2.155e-2,0_2:419.556; 0_1:440.889
146,2021-04-07 15:10:00,Q1,5.247999999999999,,,,,,,,,51.6,23.59,-0.33043,0.0353,0.0442,0.0264,3352.889,0.0014789999999999998,0.0014789999999999998,0.0014789999999999998,1_2:2.451e-2; 1_0:2.155e-2,1_2:583.111; 1_0:476.444
147,2021-04-07 15:10:00,Q2,5.033,,,,,,,,,67.08,67.29,-0.37611999999999995,0.0979,0.0988,0.09699999999999999,3352.889,0.0005282,0.0005282,0.0005282,2_4:1.258e-2; 2_3:1.271e-2; 2_1:2.451e-2; 2_0:2.283e-2,2_4:391.111; 2_3:519.111; 2_1:618.667; 2_0:455.111
148,2021-04-07 15:10:00,Q3,5.292000000000001,,,,,,,,,64.46,29.04,-0.32974000000000003,0.0237,0.0356,0.0118,3352.889,0.0003494,0.0003494,0.0003494,3_4:1.324e-2; 3_2:1.271e-2,3_4:469.333; 3_2:483.556
149,2021-04-07 15:10:00,Q4,5.078,,,,,,,,,55.17,34.08,-0.3331,0.0562,0.0762,0.0362,3352.889,0.0005078999999999999,0.0005078999999999999,0.0005078999999999999,4_2:1.258e-2; 4_3:1.324e-2,4_2:355.556; 4_3:504.889
150,2020-12-23 14:41:00,0.0,5.282832563617494,43.47535284024096,23.21516505095941,0.030899999999999924,0.0010262584421360744,"cx0_2: 1.556e-2 , cx0_1: 2.015e-2 ",,,,,,,,,,,,,,,
151,2020-12-23 14:41:00,1.0,5.247625885805206,55.525938129811536,22.962659010060054,0.03859999999999997,0.0013806782888701205,"cx1_2: 2.093e-2 , cx1_0: 2.015e-2 ",,,,,,,,,,,,,,,
152,2020-12-23 14:41:00,2.0,5.033496397263586,47.446715743042596,55.655256050387756,0.07769999999999999,0.0006242565283383902,"cx2_4: 1.554e-2 , cx2_3: 1.418e-2 , cx2_1: 2.093e-2 , cx2_0: 1.556e-2 ",,,,,,,,,,,,,,,
153,2020-12-23 14:41:00,3.0,5.292248970732994,56.555499383161575,37.116582924130995,0.0504,0.00044535968469269,"cx3_4: 1.231e-2 , cx3_2: 1.418e-2 ",,,,,,,,,,,,,,,
154,2020-12-23 14:41:00,4.0,5.078468251673959,51.746396137462604,32.543103420730446,0.024399999999999974,0.0005149888254244736,"cx4_2: 1.554e-2 , cx4_3: 1.231e-2 ",,,,,,,,,,,,,,,
155,2020-12-29 10:43:00,0.0,5.282825851529793,56.504946722393505,23.98247466890952,0.03790000000000005,0.0018573980432255866,"cx0_2: 1.497e-2 , cx0_1: 2.087e-2 ",,,,,,,,,,,,,,,
156,2020-12-29 10:43:00,1.0,5.247627246958133,50.82477391177786,25.6998094297052,0.03899999999999992,0.0009825990218037435,"cx1_2: 1.924e-2 , cx1_0: 2.087e-2 ",,,,,,,,,,,,,,,
157,2020-12-29 10:43:00,2.0,5.033494693598353,66.2212314967057,79.37879381761229,0.08860000000000001,0.0004376495933382922,"cx2_4: 1.391e-2 , cx2_3: 1.324e-2 , cx2_1: 1.924e-2 , cx2_0: 1.497e-2 ",,,,,,,,,,,,,,,
158,2020-12-29 10:43:00,3.0,5.292261080470875,58.188636845753635,32.802101234885036,0.052799999999999965,0.0004405068239330784,"cx3_4: 1.411e-2 , cx3_2: 1.324e-2 ",,,,,,,,,,,,,,,
159,2020-12-29 10:43:00,4.0,5.078455470416639,41.666323068820994,34.76538200312228,0.023700000000000054,0.0005249840654946307,"cx4_2: 1.391e-2 , cx4_3: 1.411e-2 ",,,,,,,,,,,,,,,
