,timestamp,Qubit,Frequency (GHz),T1 (µs),T2 (µs),Readout error,Single-qubit U2 error,CNOT error,Sqrt-x (sx) error,Readout assignment error,√x (sx) error,Single-qubit Pauli-X error,T1 (us),T2 (us),Anharmonicity (GHz),Readout assignment error ,Prob meas0 prep1 ,Prob meas1 prep0 ,Readout length (ns),ID error ,√x (sx) error ,Single-qubit Pauli-X error ,CNOT error ,Gate time (ns)
0,2021-01-03 23:32:00,,4.8220652766170735,117.48353491205212,59.95604889793229,0.0272,0.0002524128972068372,cx0_1: 8.529e-3 ,,,,,,,,,,,,,,,,
1,2021-01-03 23:32:00,1.0,4.759944496661296,98.60232916197506,100.83540980531592,0.016900000000000026,0.00023165412213607632,"cx1_3: 7.658e-3 , cx1_2: 8.849e-3 , cx1_0: 8.529e-3 ",,,,,,,,,,,,,,,,
2,2021-01-03 23:32:00,2.0,4.907313033549356,105.78125489924831,166.97945064127532,0.02980000000000005,0.0003015710703901588,cx2_1: 8.849e-3 ,,,,,,,,,,,,,,,,
3,2021-01-03 23:32:00,3.0,4.878965281630321,77.18869192717031,130.06157208930293,0.016100000000000003,0.00031940658357642774,"cx3_5: 9.579e-3 , cx3_1: 7.658e-3 ",,,,,,,,,,,,,,,,
4,2021-01-03 23:32:00,4.0,4.8708995641381625,100.71092063360693,30.763180673044985,0.022599999999999957,0.0002756854945649284,cx4_5: 9.819e-3 ,,,,,,,,,,,,,,,,
5,2021-01-03 23:32:00,5.0,4.963972148436197,70.64562053315628,106.14628188995331,0.017299999999999982,0.0002724031781329086,"cx5_6: 7.883e-3 , cx5_4: 9.819e-3 , cx5_3: 9.579e-3 ",,,,,,,,,,,,,,,,
6,2021-01-03 23:32:00,6.0,5.1770022263190905,82.46541839784989,129.37731842704622,0.013199999999999991,0.00021098754089468981,cx6_5: 7.883e-3 ,,,,,,,,,,,,,,,,
7,2021-01-04 23:16:00,,4.822061581183463,93.43402508664343,53.43671273444026,0.02880000000000005,0.00026477005039622387,cx0_1: 8.615e-3 ,,,,,,,,,,,,,,,,
8,2021-01-04 23:16:00,1.0,4.759927381030298,105.6931806424175,99.13985144355458,0.024599999999999955,0.0002567612517198304,"cx1_3: 7.457e-3 , cx1_2: 1.029e-2 , cx1_0: 8.615e-3 ",,,,,,,,,,,,,,,,
9,2021-01-04 23:16:00,2.0,4.907315894191488,71.53405836609353,106.82309718847908,0.013900000000000023,0.00048489705690633465,cx2_1: 1.029e-2 ,,,,,,,,,,,,,,,,
10,2021-01-04 23:16:00,3.0,4.878970278586963,89.5783589247255,129.27103539149934,0.02550000000000008,0.00028328450178587584,"cx3_5: 9.516e-3 , cx3_1: 7.457e-3 ",,,,,,,,,,,,,,,,
11,2021-01-04 23:16:00,4.0,4.870898660818087,90.35333506075969,30.763180673044985,0.019299999999999984,0.00041926408410317514,cx4_5: 1.018e-2 ,,,,,,,,,,,,,,,,
12,2021-01-04 23:16:00,5.0,4.963971236468858,67.58981076917611,108.77519658586084,0.0121,0.00033548124063892653,"cx5_6: 8.264e-3 , cx5_4: 1.018e-2 , cx5_3: 9.516e-3 ",,,,,,,,,,,,,,,,
13,2021-01-04 23:16:00,6.0,5.176999109558286,111.16209131809073,131.96770806444022,0.0141,0.00021353187482117949,cx6_5: 8.264e-3 ,,,,,,,,,,,,,,,,
14,2021-01-05 11:17:00,,4.82206249516421,110.81984647076729,61.15877474402851,0.028299999999999995,0.00026141693502620294,cx0_1: 7.454e-3 ,,,,,,,,,,,,,,,,
15,2021-01-05 11:17:00,1.0,4.759942441580915,85.33427805787396,111.3407520683819,0.012899999999999913,0.0002285249572970272,"cx1_3: 7.663e-3 , cx1_2: 9.144e-3 , cx1_0: 7.454e-3 ",,,,,,,,,,,,,,,,
16,2021-01-05 11:17:00,2.0,4.907313505999327,75.04583234508796,108.9281260475774,0.013800000000000034,0.00030660601124733944,cx2_1: 9.144e-3 ,,,,,,,,,,,,,,,,
17,2021-01-05 11:17:00,3.0,4.878970126432269,94.41798750132818,137.7415705084478,0.061200000000000025,0.00033558098904177685,"cx3_5: 1.030e-2 , cx3_1: 7.663e-3 ",,,,,,,,,,,,,,,,
18,2021-01-05 11:17:00,4.0,4.870902387054891,87.614008525845,30.763180673044985,0.01639999999999997,0.00029197462921584655,cx4_5: 1.143e-2 ,,,,,,,,,,,,,,,,
19,2021-01-05 11:17:00,5.0,4.963976300200512,63.4117661847334,89.36846917755109,0.029400000000000093,0.0005632281353769657,"cx5_6: 1.158e-2 , cx5_4: 1.143e-2 , cx5_3: 1.030e-2 ",,,,,,,,,,,,,,,,
20,2021-01-05 11:17:00,6.0,5.17700387022528,86.72791755018355,118.36597661111584,0.01329999999999998,0.00022113845592576693,cx6_5: 1.158e-2 ,,,,,,,,,,,,,,,,
21,2021-01-05 13:02:00,,4.82206249516421,110.81984647076729,61.15877474402851,0.028299999999999995,0.00026141693502620294,cx0_1: 7.454e-3 ,,,,,,,,,,,,,,,,
22,2021-01-05 13:02:00,1.0,4.759942441580915,85.33427805787396,111.3407520683819,0.012899999999999913,0.0002285249572970272,"cx1_3: 7.663e-3 , cx1_2: 9.144e-3 , cx1_0: 7.454e-3 ",,,,,,,,,,,,,,,,
23,2021-01-05 13:02:00,2.0,4.907313505999327,75.04583234508796,108.9281260475774,0.013800000000000034,0.00030660601124733944,cx2_1: 9.144e-3 ,,,,,,,,,,,,,,,,
24,2021-01-05 13:02:00,3.0,4.878970126432269,94.41798750132818,137.7415705084478,0.061200000000000025,0.00033558098904177685,"cx3_5: 1.030e-2 , cx3_1: 7.663e-3 ",,,,,,,,,,,,,,,,
25,2021-01-05 13:02:00,4.0,4.870902387054891,87.614008525845,30.763180673044985,0.01639999999999997,0.00029197462921584655,cx4_5: 1.143e-2 ,,,,,,,,,,,,,,,,
26,2021-01-05 13:02:00,5.0,4.963976300200512,63.4117661847334,89.36846917755109,0.029400000000000093,0.0005632281353769657,"cx5_6: 1.158e-2 , cx5_4: 1.143e-2 , cx5_3: 1.030e-2 ",,,,,,,,,,,,,,,,
27,2021-01-05 13:02:00,6.0,5.17700387022528,86.72791755018355,118.36597661111584,0.01329999999999998,0.00022113845592576693,cx6_5: 1.158e-2 ,,,,,,,,,,,,,,,,
28,2021-01-06 00:18:00,,4.82206249516421,110.81984647076729,61.15877474402851,0.028299999999999995,0.00026141693502620294,cx0_1: 7.454e-3 ,,,,,,,,,,,,,,,,
29,2021-01-06 00:18:00,1.0,4.759942441580915,85.33427805787396,111.3407520683819,0.012899999999999913,0.0002285249572970272,"cx1_3: 7.663e-3 , cx1_2: 9.144e-3 , cx1_0: 7.454e-3 ",,,,,,,,,,,,,,,,
30,2021-01-06 00:18:00,2.0,4.907313505999327,75.04583234508796,108.9281260475774,0.013800000000000034,0.00030660601124733944,cx2_1: 9.144e-3 ,,,,,,,,,,,,,,,,
31,2021-01-06 00:18:00,3.0,4.878970126432269,94.41798750132818,137.7415705084478,0.061200000000000025,0.00033558098904177685,"cx3_5: 1.030e-2 , cx3_1: 7.663e-3 ",,,,,,,,,,,,,,,,
32,2021-01-06 00:18:00,4.0,4.870902387054891,87.614008525845,30.763180673044985,0.01639999999999997,0.00029197462921584655,cx4_5: 1.143e-2 ,,,,,,,,,,,,,,,,
33,2021-01-06 00:18:00,5.0,4.963976300200512,63.4117661847334,89.36846917755109,0.029400000000000093,0.0005632281353769657,"cx5_6: 1.158e-2 , cx5_4: 1.143e-2 , cx5_3: 1.030e-2 ",,,,,,,,,,,,,,,,
34,2021-01-06 00:18:00,6.0,5.17700387022528,86.72791755018355,118.36597661111584,0.01329999999999998,0.00022113845592576693,cx6_5: 1.158e-2 ,,,,,,,,,,,,,,,,
35,2021-01-07 00:19:00,,4.822065104745712,88.42552930452361,50.80385302630711,0.02739999999999998,0.0002758525843303792,cx0_1: 1.000e+0 ,,,,,,,,,,,,,,,,
36,2021-01-07 00:19:00,1.0,4.759948470368856,59.383659376341924,92.14714222688622,0.013700000000000044,0.00029572460540059145,"cx1_3: 1.000e+0 , cx1_2: 1.000e+0 , cx1_0: 1.000e+0 ",,,,,,,,,,,,,,,,
37,2021-01-07 00:19:00,2.0,4.9073177833729975,96.14652437241621,157.09311269919726,0.012000000000000009,0.00033144866554933795,cx2_1: 1.000e+0 ,,,,,,,,,,,,,,,,
38,2021-01-07 00:19:00,3.0,4.878968193106607,94.41798750132818,133.543880780581,0.0141,0.00030294823519668427,"cx3_5: 8.542e-3 , cx3_1: 1.000e+0 ",,,,,,,,,,,,,,,,
39,2021-01-07 00:19:00,4.0,4.870902111388716,87.614008525845,30.763180673044985,0.0192,0.0002714690496842795,cx4_5: 1.013e-2 ,,,,,,,,,,,,,,,,
40,2021-01-07 00:19:00,5.0,4.963968172681299,113.67480377596277,147.16485302685328,0.010699999999999932,0.0002252651863067748,"cx5_6: 8.804e-3 , cx5_4: 1.013e-2 , cx5_3: 8.542e-3 ",,,,,,,,,,,,,,,,
41,2021-01-07 00:19:00,6.0,5.176998965531777,70.23744350200917,143.36619693448415,0.013300000000000091,0.0002332958440812729,cx6_5: 8.804e-3 ,,,,,,,,,,,,,,,,
42,2021-01-07 23:19:00,,4.822065223919961,72.40591203859958,53.81286838198874,0.023299999999999987,0.0002738267595582643,cx0_1: 8.419e-3 ,,,,,,,,,,,,,,,,
43,2021-01-07 23:19:00,1.0,4.759938311285555,119.91032150135959,140.97256169985394,0.009600000000000051,0.00021470720073756875,"cx1_3: 8.530e-3 , cx1_2: 7.996e-3 , cx1_0: 8.419e-3 ",,,,,,,,,,,,,,,,
44,2021-01-07 23:19:00,2.0,4.907318509959469,73.62024895558665,142.3313980863058,0.011700000000000044,0.0002824621738287377,cx2_1: 7.996e-3 ,,,,,,,,,,,,,,,,
45,2021-01-07 23:19:00,3.0,4.878971759836635,50.42117125969384,108.34732838667776,0.01770000000000005,0.0003150452990752597,"cx3_5: 9.642e-3 , cx3_1: 8.530e-3 ",,,,,,,,,,,,,,,,
46,2021-01-07 23:19:00,4.0,4.870902488035487,115.1566587121289,30.763180673044985,0.021600000000000064,0.00025674081757878255,cx4_5: 8.718e-3 ,,,,,,,,,,,,,,,,
47,2021-01-07 23:19:00,5.0,4.963967447991632,91.37961346429016,125.37222158857864,0.010499999999999956,0.0003525330421603433,"cx5_6: 9.538e-3 , cx5_4: 8.718e-3 , cx5_3: 9.642e-3 ",,,,,,,,,,,,,,,,
48,2021-01-07 23:19:00,6.0,5.17700127536775,80.09403038935056,132.69655321446578,0.020499999999999963,0.00034894390163005024,cx6_5: 9.538e-3 ,,,,,,,,,,,,,,,,
49,2021-01-08 08:24:00,,4.822065325649978,107.46529434191878,59.735290748060635,0.02839999999999998,0.00024587460547725344,cx0_1: 8.252e-3 ,,,,,,,,,,,,,,,,
50,2021-01-08 08:24:00,1.0,4.759937361301161,116.78979091234284,113.03240962289895,0.015100000000000002,0.0002021367777236865,"cx1_3: 8.738e-3 , cx1_2: 8.127e-3 , cx1_0: 8.252e-3 ",,,,,,,,,,,,,,,,
51,2021-01-08 08:24:00,2.0,4.907313210843613,99.59393193614656,148.8812917729036,0.012499999999999956,0.000247415246141989,cx2_1: 8.127e-3 ,,,,,,,,,,,,,,,,
52,2021-01-08 08:24:00,3.0,4.878958639698685,84.56604796253602,142.65760192963302,0.01639999999999997,0.0002741185702294675,"cx3_5: 9.399e-3 , cx3_1: 8.738e-3 ",,,,,,,,,,,,,,,,
53,2021-01-08 08:24:00,4.0,4.870898829830951,118.31785517605205,30.763180673044985,0.02039999999999997,0.00024904267152095613,cx4_5: 7.615e-3 ,,,,,,,,,,,,,,,,
54,2021-01-08 08:24:00,5.0,4.963964398527175,101.45790548330437,152.22092192642594,0.013700000000000044,0.0002891506190931551,"cx5_6: 8.075e-3 , cx5_4: 7.615e-3 , cx5_3: 9.399e-3 ",,,,,,,,,,,,,,,,
55,2021-01-08 08:24:00,6.0,5.176998989063424,89.35759197379555,181.40935737662056,0.011300000000000088,0.00028304473938392673,cx6_5: 8.075e-3 ,,,,,,,,,,,,,,,,
56,2021-01-09 23:55:00,,4.822066451705167,100.4695045681288,60.33263412998536,0.024000000000000018,0.00022881705452848644,cx0_1: 9.091e-3 ,,,,,,,,,,,,,,,,
57,2021-01-09 23:55:00,1.0,4.759938077781915,115.23073264004853,121.7190901604079,0.01329999999999998,0.0002425869755583789,"cx1_3: 7.735e-3 , cx1_2: 8.566e-3 , cx1_0: 9.091e-3 ",,,,,,,,,,,,,,,,
58,2021-01-09 23:55:00,2.0,4.9073155381607725,123.9687912234168,149.29800365581954,0.012499999999999956,0.00025056740265570916,cx2_1: 8.566e-3 ,,,,,,,,,,,,,,,,
59,2021-01-09 23:55:00,3.0,4.878964526835032,79.99361803372578,100.70391800809674,0.015000000000000013,0.0002822379400875102,"cx3_5: 1.031e-2 , cx3_1: 7.735e-3 ",,,,,,,,,,,,,,,,
60,2021-01-09 23:55:00,4.0,4.870900702344316,101.07985233222044,30.763180673044985,0.02079999999999993,0.00029354570176255473,cx4_5: 7.710e-3 ,,,,,,,,,,,,,,,,
61,2021-01-09 23:55:00,5.0,4.963962288534263,83.07442710650109,129.50503238187613,0.011499999999999956,0.00025716850371366946,"cx5_6: 1.004e-2 , cx5_4: 7.710e-3 , cx5_3: 1.031e-2 ",,,,,,,,,,,,,,,,
62,2021-01-09 23:55:00,6.0,5.177004018177498,115.00399816963792,196.09418426616142,0.02140000000000009,0.00029715464455708186,cx6_5: 1.004e-2 ,,,,,,,,,,,,,,,,
63,2021-01-11 12:05:00,,4.822067260609588,107.73475843729635,53.654143342936564,0.034799999999999935,0.00030040664601348166,cx0_1: 1.037e-2 ,,,,,,,,,,,,,,,,
64,2021-01-11 12:05:00,1.0,4.759941033656681,117.6422026466048,101.10346177929657,0.0121,0.00024187928853505064,"cx1_3: 1.164e-2 , cx1_2: 1.049e-2 , cx1_0: 1.037e-2 ",,,,,,,,,,,,,,,,
65,2021-01-11 12:05:00,2.0,4.9073121643278865,117.50823724146849,183.61297665424232,0.011700000000000044,0.0002806437071815227,cx2_1: 1.049e-2 ,,,,,,,,,,,,,,,,
66,2021-01-11 12:05:00,3.0,4.8789607122364504,90.43078060022215,117.39968055141846,0.014299999999999981,0.0003002050072106931,"cx3_5: 8.728e-3 , cx3_1: 1.164e-2 ",,,,,,,,,,,,,,,,
67,2021-01-11 12:05:00,4.0,4.870905193233142,113.00421916357462,30.763180673044985,0.020000000000000014,0.0002449429129113379,cx4_5: 7.268e-3 ,,,,,,,,,,,,,,,,
68,2021-01-11 12:05:00,5.0,4.9639700127737605,117.98709691075226,170.26004270693466,0.010699999999999932,0.00028287384042273466,"cx5_6: 7.489e-3 , cx5_4: 7.268e-3 , cx5_3: 8.728e-3 ",,,,,,,,,,,,,,,,
69,2021-01-11 12:05:00,6.0,5.176996689582338,67.09317703661367,120.33610633812953,0.016000000000000014,0.00027558432944546266,cx6_5: 7.489e-3 ,,,,,,,,,,,,,,,,
70,2021-01-12 10:46:00,,4.822065499049704,86.19856939821464,53.55804054071999,0.02410000000000001,0.00028214595017390297,cx0_1: 1.179e-2 ,,,,,,,,,,,,,,,,
71,2021-01-12 10:46:00,1.0,4.7599374274385715,141.26164365124637,121.9079290182653,0.011199999999999988,0.00028321004359552475,"cx1_3: 1.020e-2 , cx1_2: 1.064e-2 , cx1_0: 1.179e-2 ",,,,,,,,,,,,,,,,
72,2021-01-12 10:46:00,2.0,4.907313528229984,94.38744047812172,154.66676391011978,0.010599999999999945,0.00029969709493271607,cx2_1: 1.064e-2 ,,,,,,,,,,,,,,,,
73,2021-01-12 10:46:00,3.0,4.878967710740858,59.0537291767897,101.48350621609742,0.017500000000000068,0.0002958377176507687,"cx3_5: 9.553e-3 , cx3_1: 1.020e-2 ",,,,,,,,,,,,,,,,
74,2021-01-12 10:46:00,4.0,4.870899049505878,78.66161778264764,30.763180673044985,0.02059999999999995,0.00024323231722817983,cx4_5: 8.030e-3 ,,,,,,,,,,,,,,,,
75,2021-01-12 10:46:00,5.0,4.963966311354191,82.90468891121806,106.43850704702459,0.010000000000000007,0.00022959488678530844,"cx5_6: 9.964e-3 , cx5_4: 8.030e-3 , cx5_3: 9.553e-3 ",,,,,,,,,,,,,,,,
76,2021-01-12 10:46:00,6.0,5.176998468581195,102.86669459481308,163.4846709735863,0.01329999999999998,0.00026851055633700177,cx6_5: 9.964e-3 ,,,,,,,,,,,,,,,,
77,2021-01-18 12:44:00,0.0,4.822068405832316,113.42839010388724,70.83268097731974,0.05069999999999997,,cx0_1: 1.654e-2 ,0.0003659028803788107,,,,,,,,,,,,,,,
78,2021-01-18 12:44:00,1.0,4.7599416692316066,103.95989352693401,90.75121250235884,0.024299999999999992,,"cx1_3: 1.068e-2 , cx1_2: 1.465e-2 , cx1_0: 1.654e-2 ",0.0005186987955303499,,,,,,,,,,,,,,,
79,2021-01-18 12:44:00,2.0,4.907313261072804,93.59256539747257,98.16226597223276,0.01079999999999992,,cx2_1: 1.465e-2 ,0.00042794146657277156,,,,,,,,,,,,,,,
80,2021-01-18 12:44:00,3.0,4.8789606495421065,106.11532769014215,154.87442795337031,0.01760000000000006,,"cx3_5: 1.285e-2 , cx3_1: 1.068e-2 ",0.0003707163397112362,,,,,,,,,,,,,,,
81,2021-01-18 12:44:00,4.0,4.870903800653922,93.89500068488373,42.09534964618904,0.0192,,cx4_5: 7.480e-3 ,0.00023056508514032758,,,,,,,,,,,,,,,
82,2021-01-18 12:44:00,5.0,4.963970353701969,79.09714005658934,114.65395523423894,0.01329999999999998,,"cx5_6: 7.177e-3 , cx5_4: 7.480e-3 , cx5_3: 1.285e-2 ",0.0003055518001027418,,,,,,,,,,,,,,,
83,2021-01-18 12:44:00,6.0,5.177001998696187,82.78234973451553,129.43049790792128,0.0222,,cx6_5: 7.177e-3 ,0.0002934606752170388,,,,,,,,,,,,,,,
84,2021-01-19 10:24:00,0.0,4.822062903780989,118.49188813039169,59.188307809132816,0.03520000000000001,,cx0_1: 1.147e-2 ,0.00026906561408257475,,,,,,,,,,,,,,,
85,2021-01-19 10:24:00,1.0,4.759941209740308,80.0217405594808,89.17839841778094,0.02099999999999991,,"cx1_3: 7.716e-3 , cx1_2: 1.148e-2 , cx1_0: 1.147e-2 ",0.0002283588801010581,,,,,,,,,,,,,,,
86,2021-01-19 10:24:00,2.0,4.907313516823291,82.91008962451569,150.3471013499489,0.011900000000000022,,cx2_1: 1.148e-2 ,0.0003195435187462764,,,,,,,,,,,,,,,
87,2021-01-19 10:24:00,3.0,4.878965952649856,66.58471634224364,124.62574689906845,0.016599999999999948,,"cx3_5: 1.151e-2 , cx3_1: 7.716e-3 ",0.0004096141584439795,,,,,,,,,,,,,,,
88,2021-01-19 10:24:00,4.0,4.87090271379924,126.18266829944548,42.09534964618904,0.02479999999999993,,cx4_5: 7.974e-3 ,0.0002918758076233349,,,,,,,,,,,,,,,
89,2021-01-19 10:24:00,5.0,4.963972569303209,77.79790809489786,158.47067715175385,0.012499999999999956,,"cx5_6: 8.562e-3 , cx5_4: 7.974e-3 , cx5_3: 1.151e-2 ",0.0002599784330246094,,,,,,,,,,,,,,,
90,2021-01-19 10:24:00,6.0,5.1770038227397315,82.78234973451553,137.9266630938589,0.0242,,cx6_5: 8.562e-3 ,0.0003166743664528038,,,,,,,,,,,,,,,
91,2021-01-26 13:53:00,0.0,4.822062924372363,107.98238788560863,55.34557682120301,0.030399999999999983,,cx0_1: 1.301e-2 ,0.0003211686933646554,,,,,,,,,,,,,,,
92,2021-01-26 13:53:00,1.0,4.759943048951283,111.61316445722376,95.48877698179096,0.025900000000000038,,"cx1_3: 7.483e-3 , cx1_2: 9.751e-3 , cx1_0: 1.301e-2 ",0.0002646017345145228,,,,,,,,,,,,,,,
93,2021-01-26 13:53:00,2.0,4.9073163776055875,63.59711691065505,123.85087124869949,0.0111,,cx2_1: 9.751e-3 ,0.00026503112169991993,,,,,,,,,,,,,,,
94,2021-01-26 13:53:00,3.0,4.878982530981268,97.05111259699856,177.93780444302345,0.017900000000000027,,"cx3_5: 1.154e-2 , cx3_1: 7.483e-3 ",0.00020914280739163301,,,,,,,,,,,,,,,
95,2021-01-26 13:53:00,4.0,4.870889371458112,153.22101425636924,42.09534964618904,0.0192,,cx4_5: 9.204e-3 ,0.0002252055874855107,,,,,,,,,,,,,,,
96,2021-01-26 13:53:00,5.0,4.9639738237114575,86.87647405642528,166.1623710776375,0.01770000000000005,,"cx5_6: 6.388e-3 , cx5_4: 9.204e-3 , cx5_3: 1.154e-2 ",0.00029041032309271383,,,,,,,,,,,,,,,
97,2021-01-26 13:53:00,6.0,5.177002199425734,94.94343879550965,154.93607657107657,0.02489999999999992,,cx6_5: 6.388e-3 ,0.00026520700129309047,,,,,,,,,,,,,,,
98,2021-01-28 23:30:00,0.0,4.8220633928848695,137.0950896895479,61.27482219810728,0.02760000000000007,,cx0_1: 1.153e-2 ,0.00029045494817958275,,,,,,,,,,,,,,,
99,2021-01-28 23:30:00,1.0,4.759924245494486,81.40210182317567,72.54042467580621,0.01849999999999996,,"cx1_3: 1.044e-2 , cx1_2: 1.182e-2 , cx1_0: 1.153e-2 ",0.000539795920645842,,,,,,,,,,,,,,,
100,2021-01-28 23:30:00,2.0,4.907308687402664,79.77438003803917,137.85192924023443,0.010499999999999956,,cx2_1: 1.182e-2 ,0.00040771752524521677,,,,,,,,,,,,,,,
101,2021-01-28 23:30:00,3.0,4.878968394911217,111.24081416129285,140.29663451782855,0.019399999999999973,,"cx3_5: 7.575e-3 , cx3_1: 1.044e-2 ",0.00023668689229321412,,,,,,,,,,,,,,,
102,2021-01-28 23:30:00,4.0,4.870899639430006,141.45031995340642,42.09534964618904,0.023399999999999976,,cx4_5: 6.596e-3 ,0.00021928386607131812,,,,,,,,,,,,,,,
103,2021-01-28 23:30:00,5.0,4.963969703835159,85.86430091043084,153.39724357377688,0.0129999999999999,,"cx5_6: 7.584e-3 , cx5_4: 6.596e-3 , cx5_3: 7.575e-3 ",0.0002011834414834742,,,,,,,,,,,,,,,
104,2021-01-28 23:30:00,6.0,5.177003440964657,80.90180387042189,140.646119635217,0.026999999999999916,,cx6_5: 7.584e-3 ,0.0007984564628549937,,,,,,,,,,,,,,,
105,2021-02-03 10:25:00,0.0,4.822062554301657,84.18230941009665,56.771944449985114,0.02659999999999996,,cx0_1: 7.871e-3 ,0.00025288154892670844,,,,,,,,,,,,,,,
106,2021-02-03 10:25:00,1.0,4.759919753734916,101.58969303353487,50.5164838226377,0.04420000000000002,,"cx1_3: 6.695e-3 , cx1_2: 9.211e-3 , cx1_0: 7.871e-3 ",0.0002779448070303875,,,,,,,,,,,,,,,
107,2021-02-03 10:25:00,2.0,4.907307540617982,54.496618897260134,107.48389339997163,0.012900000000000024,,cx2_1: 9.211e-3 ,0.00032639049435544083,,,,,,,,,,,,,,,
108,2021-02-03 10:25:00,3.0,4.8789535573114655,78.19392457491566,88.13864089381632,0.017299999999999982,,"cx3_5: 1.177e-2 , cx3_1: 6.695e-3 ",0.00024758223171869836,,,,,,,,,,,,,,,
109,2021-02-03 10:25:00,4.0,4.870890463447526,66.08829850795082,32.748819939925305,0.01910000000000001,,cx4_5: 9.139e-3 ,0.0009485766078691627,,,,,,,,,,,,,,,
110,2021-02-03 10:25:00,5.0,4.963970187561098,66.23928976723123,119.34915911752418,0.0726,,"cx5_6: 1.055e-2 , cx5_4: 9.139e-3 , cx5_3: 1.177e-2 ",0.0005729691173662874,,,,,,,,,,,,,,,
111,2021-02-03 10:25:00,6.0,5.177004985785137,105.49575524537985,186.1497665925309,0.019000000000000017,,cx6_5: 1.055e-2 ,0.00020343437186261972,,,,,,,,,,,,,,,
112,2021-02-10 09:05:00,0.0,4.822077082346161,89.46964041451055,56.76044069764162,0.025800000000000045,,cx0_1: 9.004e-3 ,0.00042894820948646514,,,,,,,,,,,,,,,
113,2021-02-10 09:05:00,1.0,4.7599231489249885,72.13170500950132,110.36591492288706,0.031200000000000006,,"cx1_3: 7.884e-3 , cx1_2: 8.203e-3 , cx1_0: 9.004e-3 ",0.00020777770509525359,,,,,,,,,,,,,,,
114,2021-02-10 09:05:00,2.0,4.907311916525138,116.17158272012892,195.06424255694046,0.010399999999999965,,cx2_1: 8.203e-3 ,0.00027523146262556917,,,,,,,,,,,,,,,
115,2021-02-10 09:05:00,3.0,4.878963335471644,86.16337005644806,154.97672529830552,0.021700000000000053,,"cx3_5: 9.039e-3 , cx3_1: 7.884e-3 ",0.0003105257267403936,,,,,,,,,,,,,,,
116,2021-02-10 09:05:00,4.0,4.870894964522766,47.35650358030862,42.0285540602806,0.01889999999999992,,cx4_5: 9.651e-3 ,0.0003860979591194356,,,,,,,,,,,,,,,
117,2021-02-10 09:05:00,5.0,4.963966493707104,100.34224730358216,161.13258576702137,0.0121,,"cx5_6: 6.186e-3 , cx5_4: 9.651e-3 , cx5_3: 9.039e-3 ",0.0002333814220590961,,,,,,,,,,,,,,,
118,2021-02-10 09:05:00,6.0,5.176991857900218,127.45432903121595,173.03425428137132,0.015900000000000025,,cx6_5: 6.186e-3 ,0.00021446066240154706,,,,,,,,,,,,,,,
119,2021-02-15 14:00:00,0.0,4.822056286091347,117.35272219651556,63.55493803516402,0.030200000000000005,,cx0_1: 8.228e-3 ,0.0002525414957531213,,,,,,,,,,,,,,,
120,2021-02-15 14:00:00,1.0,4.759914906677799,77.6607610170571,76.44940065227993,0.01419999999999999,,"cx1_3: 8.008e-3 , cx1_2: 9.807e-3 , cx1_0: 8.228e-3 ",0.00023148776004752392,,,,,,,,,,,,,,,
121,2021-02-15 14:00:00,2.0,4.9073031229195045,62.59432521053912,153.91639398801576,0.010199999999999987,,cx2_1: 9.807e-3 ,0.00027245502645756813,,,,,,,,,,,,,,,
122,2021-02-15 14:00:00,3.0,4.878968756557437,46.09284124556919,93.7625057800715,0.017900000000000027,,"cx3_5: 1.279e-2 , cx3_1: 8.008e-3 ",0.000316433511837829,,,,,,,,,,,,,,,
123,2021-02-15 14:00:00,4.0,4.870890497179207,108.52425840707413,40.202751774669814,0.02350000000000008,,cx4_5: 8.203e-3 ,0.0002355594596646868,,,,,,,,,,,,,,,
124,2021-02-15 14:00:00,5.0,4.96396069063045,82.89254372335554,121.37887503100966,0.011700000000000044,,"cx5_6: 8.034e-3 , cx5_4: 8.203e-3 , cx5_3: 1.279e-2 ",0.0003368837239078668,,,,,,,,,,,,,,,
125,2021-02-15 14:00:00,6.0,5.1770947070396245,101.8597640808553,128.7622325388201,0.024699999999999944,,cx6_5: 8.034e-3 ,0.0002043026576213005,,,,,,,,,,,,,,,
126,2021-02-18 14:25:00,0.0,4.822061762165903,105.66481388019591,62.655922865410645,0.026399999999999983,,cx0_1: 1.033e-2 ,0.0002224892561634883,,,,,,,,,,,,,,,
127,2021-02-18 14:25:00,1.0,4.759920640951972,92.49356546486379,98.86820746728941,0.015700000000000047,,"cx1_3: 7.437e-3 , cx1_2: 1.057e-2 , cx1_0: 1.033e-2 ",0.0002588584667930723,,,,,,,,,,,,,,,
128,2021-02-18 14:25:00,2.0,4.907309571496565,68.34449152198015,144.07149009658264,0.01089999999999991,,cx2_1: 1.057e-2 ,0.00028134402286307173,,,,,,,,,,,,,,,
129,2021-02-18 14:25:00,3.0,4.87896693677699,112.48491496186422,204.03384817112808,0.02180000000000004,,"cx3_5: 1.020e-2 , cx3_1: 7.437e-3 ",0.00026377989693954934,,,,,,,,,,,,,,,
130,2021-02-18 14:25:00,4.0,4.870908084160517,88.62261964386433,40.202751774669814,0.01859999999999995,,cx4_5: 9.941e-3 ,0.0003120353989465587,,,,,,,,,,,,,,,
131,2021-02-18 14:25:00,5.0,4.963978069075345,87.56421162385355,156.0398859666684,0.00990000000000002,,"cx5_6: 6.519e-3 , cx5_4: 9.941e-3 , cx5_3: 1.020e-2 ",0.00025999820909715653,,,,,,,,,,,,,,,
132,2021-02-18 14:25:00,6.0,5.177098560966707,48.50513232414803,110.18659411986292,0.026699999999999943,,cx6_5: 6.519e-3 ,0.00027289301509674776,,,,,,,,,,,,,,,
133,2021-03-04 19:25:00,,4.822060071546843,95.48121517405924,57.54213224767578,,,cx0_1: 7.962e-3 ,,0.0202,0.00022959340521997367,,,,,,,,,,,,,
134,2021-03-04 19:25:00,1.0,4.759906981938305,104.13011868040405,84.6197490060119,,,"cx1_3: 8.975e-3 , cx1_2: 9.410e-3 , cx1_0: 7.962e-3 ",,0.015400000000000082,0.00022730280679657969,,,,,,,,,,,,,
135,2021-03-04 19:25:00,2.0,4.907313014970608,121.47289805959984,101.12781453097284,,,cx2_1: 9.410e-3 ,,0.363,0.00021158363604808226,,,,,,,,,,,,,
136,2021-03-04 19:25:00,3.0,4.878957020642047,119.07229649605404,200.77432892935272,,,"cx3_5: 8.941e-3 , cx3_1: 8.975e-3 ",,0.023700000000000054,0.00023072685010572797,,,,,,,,,,,,,
137,2021-03-04 19:25:00,4.0,4.870897853024421,113.4827117080488,39.937807860261906,,,cx4_5: 8.162e-3 ,,0.022399999999999972,0.00033693765967163767,,,,,,,,,,,,,
138,2021-03-04 19:25:00,5.0,4.963963916587548,62.031560691460896,88.41752001764559,,,"cx5_6: 6.837e-3 , cx5_4: 8.162e-3 , cx5_3: 8.941e-3 ",,0.01090000000000002,0.0002642778345928697,,,,,,,,,,,,,
139,2021-03-04 19:25:00,6.0,5.1770983508353385,72.1365135641182,131.4486063890471,,,cx6_5: 6.837e-3 ,,0.017100000000000004,0.00022821061280327529,,,,,,,,,,,,,
140,2021-03-05 12:30:00,,4.822068450190549,92.49982906607401,65.96206310672055,,,cx0_1: 2.788e-2 ,,0.01849999999999996,0.00023903287046335938,,,,,,,,,,,,,
141,2021-03-05 12:30:00,1.0,4.759911317602642,94.32661439692393,91.81077873478287,,,"cx1_3: 1.117e-2 , cx1_2: 1.555e-2 , cx1_0: 2.788e-2 ",,0.009700000000000042,0.0005523694287272758,,,,,,,,,,,,,
142,2021-03-05 12:30:00,2.0,4.907309359413083,94.47457216299395,167.15069562102542,,,cx2_1: 1.555e-2 ,,0.012299999999999978,0.00025935560326879447,,,,,,,,,,,,,
143,2021-03-05 12:30:00,3.0,4.878973512897084,70.75526163145398,115.77801406817328,,,"cx3_5: 1.269e-2 , cx3_1: 1.117e-2 ",,0.05319999999999992,0.0004002714611573562,,,,,,,,,,,,,
144,2021-03-05 12:30:00,4.0,4.8708981861124885,78.98070853520221,39.937807860261906,,,cx4_5: 7.569e-3 ,,0.0222,0.00023347986702477032,,,,,,,,,,,,,
145,2021-03-05 12:30:00,5.0,4.9639684331595335,62.031560691460896,88.41752001764559,,,"cx5_6: 8.638e-3 , cx5_4: 7.569e-3 , cx5_3: 1.269e-2 ",,0.008199999999999985,0.00025377097883246664,,,,,,,,,,,,,
146,2021-03-05 12:30:00,6.0,5.177102095554346,89.60439523298727,150.63982286176355,,,cx6_5: 8.638e-3 ,,0.017000000000000015,0.00023018112203333755,,,,,,,,,,,,,
147,2021-03-08 10:55:00,,4.822057281233444,100.79487427905858,67.14824648161296,,,cx0_1: 1.570e-2 ,,0.017299999999999982,0.0002733870196625342,,,,,,,,,,,,,
148,2021-03-08 10:55:00,1.0,4.759831205456644,90.60904447749806,76.6857470149952,,,"cx1_3: 7.155e-3 , cx1_2: 1.077e-2 , cx1_0: 1.570e-2 ",,0.011500000000000066,0.0005606478651529448,,,,,,,,,,,,,
149,2021-03-08 10:55:00,2.0,4.907298583057403,84.32906127095066,173.9925220629308,,,cx2_1: 1.077e-2 ,,0.011199999999999988,0.0006638970326368987,,,,,,,,,,,,,
150,2021-03-08 10:55:00,3.0,4.878971761363073,128.4377235665402,177.20336434440011,,,"cx3_5: 1.030e-2 , cx3_1: 7.155e-3 ",,0.02410000000000001,0.00038913103087145066,,,,,,,,,,,,,
151,2021-03-08 10:55:00,4.0,4.870905102983322,93.36908937820436,39.937807860261906,,,cx4_5: 1.148e-2 ,,0.03669999999999996,0.0004014000756763336,,,,,,,,,,,,,
152,2021-03-08 10:55:00,5.0,4.963965730897477,63.28451499172814,93.02653637763069,,,"cx5_6: 1.132e-2 , cx5_4: 1.148e-2 , cx5_3: 1.030e-2 ",,0.01100000000000001,0.0006121161795434188,,,,,,,,,,,,,
153,2021-03-08 10:55:00,6.0,5.177099386337047,92.49763626089316,203.7266102259473,,,cx6_5: 1.132e-2 ,,0.016100000000000003,0.00026528892243430784,,,,,,,,,,,,,
154,2021-03-10 09:17:00,,4.8220631659203335,93.18502061549263,64.05346630279834,,,cx0_1: 1.461e-2 ,,0.011299999999999977,0.0002094501122944272,0.0002094501122944272,,,,,,,,,,,,
155,2021-03-10 09:17:00,1.0,4.759771724015104,75.535377170229,91.82918714319892,,,"cx1_3: 1.220e-2 , cx1_2: 1.497e-2 , cx1_0: 1.461e-2 ",,0.023700000000000054,0.0008326248516851125,0.0008326248516851125,,,,,,,,,,,,
156,2021-03-10 09:17:00,2.0,4.907301194404487,95.38521387687399,79.69967951087627,,,cx2_1: 1.497e-2 ,,0.01869999999999994,0.0004096914981530228,0.0004096914981530228,,,,,,,,,,,,
157,2021-03-10 09:17:00,3.0,4.878949750250853,70.55225787726279,97.82711429183762,,,"cx3_5: 1.007e-2 , cx3_1: 1.220e-2 ",,0.020000000000000014,0.00035384943584372265,0.00035384943584372265,,,,,,,,,,,,
158,2021-03-10 09:17:00,4.0,4.870909633832722,78.46517555127545,39.937807860261906,,,cx4_5: 1.104e-2 ,,0.02479999999999993,0.0005165965965973652,0.0005165965965973652,,,,,,,,,,,,
159,2021-03-10 09:17:00,5.0,4.963966172662314,84.16172840385133,160.48006832953257,,,"cx5_6: 1.023e-2 , cx5_4: 1.104e-2 , cx5_3: 1.007e-2 ",,0.015299999999999982,0.0003844843759673132,0.0003844843759673132,,,,,,,,,,,,
160,2021-03-10 09:17:00,6.0,5.177092178217273,65.58858938740855,32.95179884559579,,,cx6_5: 1.023e-2 ,,0.024699999999999944,0.0004399078007821201,0.0004399078007821201,,,,,,,,,,,,
161,2021-03-11 00:55:00,,4.822055038037014,93.18502061549263,64.05346630279834,,,cx0_1: 1.461e-2 ,,0.011299999999999977,0.0002094501122944272,0.0002094501122944272,,,,,,,,,,,,
162,2021-03-11 00:55:00,1.0,4.75983309262827,75.535377170229,91.82918714319892,,,"cx1_3: 1.220e-2 , cx1_2: 1.497e-2 , cx1_0: 1.461e-2 ",,0.023700000000000054,0.0008326248516851125,0.0008326248516851125,,,,,,,,,,,,
163,2021-03-11 00:55:00,2.0,4.907304127751902,95.38521387687399,79.69967951087627,,,cx2_1: 1.497e-2 ,,0.01869999999999994,0.0004096914981530228,0.0004096914981530228,,,,,,,,,,,,
164,2021-03-11 00:55:00,3.0,4.878963707810984,70.55225787726279,97.82711429183762,,,"cx3_5: 1.007e-2 , cx3_1: 1.220e-2 ",,0.020000000000000014,0.00035384943584372265,0.00035384943584372265,,,,,,,,,,,,
165,2021-03-11 00:55:00,4.0,4.87090909207629,78.46517555127545,39.937807860261906,,,cx4_5: 1.104e-2 ,,0.02479999999999993,0.0005165965965973652,0.0005165965965973652,,,,,,,,,,,,
166,2021-03-11 00:55:00,5.0,4.963967463889395,84.16172840385133,160.48006832953257,,,"cx5_6: 1.023e-2 , cx5_4: 1.104e-2 , cx5_3: 1.007e-2 ",,0.015299999999999982,0.0003844843759673132,0.0003844843759673132,,,,,,,,,,,,
167,2021-03-11 00:55:00,6.0,5.177095473511521,65.58858938740855,32.95179884559579,,,cx6_5: 1.023e-2 ,,0.024699999999999944,0.0004399078007821201,0.0004399078007821201,,,,,,,,,,,,
168,2021-03-14 22:44:00,,4.822057303189647,145.51086308606105,64.53084354959717,,,cx0_1: 1.443e-2 ,,0.014900000000000024,0.00025173772295853633,0.00025173772295853633,,,,,,,,,,,,
169,2021-03-14 22:44:00,1.0,4.759743318642342,130.15467562931622,112.69597296022444,,,"cx1_3: 6.319e-3 , cx1_2: 1.069e-2 , cx1_0: 1.443e-2 ",,0.015900000000000025,0.0003479805944505148,0.0003479805944505148,,,,,,,,,,,,
170,2021-03-14 22:44:00,2.0,4.907295986886265,96.874556941558,142.06924524011762,,,cx2_1: 1.069e-2 ,,0.019500000000000076,0.0003933542880990573,0.0003933542880990573,,,,,,,,,,,,
171,2021-03-14 22:44:00,3.0,4.878969455712878,99.9601654464967,169.19119183401452,,,"cx3_5: 1.082e-2 , cx3_1: 6.319e-3 ",,0.01639999999999997,0.00025393051514108607,0.00025393051514108607,,,,,,,,,,,,
172,2021-03-14 22:44:00,4.0,4.870908534268881,98.93337917424454,39.937807860261906,,,cx4_5: 1.395e-2 ,,0.0232,0.00047369183594483466,0.00047369183594483466,,,,,,,,,,,,
173,2021-03-14 22:44:00,5.0,4.963969119488276,98.17236550963631,152.39870208717227,,,"cx5_6: 7.616e-3 , cx5_4: 1.395e-2 , cx5_3: 1.082e-2 ",,0.010299999999999976,0.0002739367278567566,0.0002739367278567566,,,,,,,,,,,,
174,2021-03-14 22:44:00,6.0,5.177100456862344,65.58858938740855,72.66490184388225,,,cx6_5: 7.616e-3 ,,0.03910000000000002,0.0005838606713946888,0.0005838606713946888,,,,,,,,,,,,
175,2021-03-15 14:25:00,,4.822066993543337,102.8783120603652,53.56354188921575,,,cx0_1: 1.832e-2 ,,0.01970000000000005,0.00035117834133415485,0.00035117834133415485,,,,,,,,,,,,
176,2021-03-15 14:25:00,1.0,4.759769058699999,111.4105838074923,109.47288794621187,,,"cx1_3: 7.487e-3 , cx1_2: 1.622e-2 , cx1_0: 1.832e-2 ",,0.014399999999999968,0.0008978145161636379,0.0008978145161636379,,,,,,,,,,,,
177,2021-03-15 14:25:00,2.0,4.907301190678057,78.92513395595938,132.4226952557165,,,cx2_1: 1.622e-2 ,,0.017800000000000038,0.0003617976455818333,0.0003617976455818333,,,,,,,,,,,,
178,2021-03-15 14:25:00,3.0,4.878966486259414,88.06343398653307,77.27228483651834,,,"cx3_5: 1.263e-2 , cx3_1: 7.487e-3 ",,0.01560000000000006,0.00026103945638187166,0.00026103945638187166,,,,,,,,,,,,
179,2021-03-15 14:25:00,4.0,4.870905637705659,98.93337917424454,39.937807860261906,,,cx4_5: 1.309e-2 ,,0.015400000000000082,0.0005428671873847992,0.0005428671873847992,,,,,,,,,,,,
180,2021-03-15 14:25:00,5.0,4.9639694099587635,83.95112639179942,122.30232255476768,,,"cx5_6: 8.698e-3 , cx5_4: 1.309e-2 , cx5_3: 1.263e-2 ",,0.017399999999999968,0.00048134790928479267,0.00048134790928479267,,,,,,,,,,,,
181,2021-03-15 14:25:00,6.0,5.17710379481424,65.58858938740855,63.49838554291495,,,cx6_5: 8.698e-3 ,,0.03259999999999996,0.0004630388151107924,0.0004630388151107924,,,,,,,,,,,,
182,2021-03-16 21:02:00,,4.822067240519835,102.8783120603652,41.712407300945635,,,cx0_1: 1.291e-2 ,,0.021700000000000053,0.0003845956305606255,0.0003845956305606255,,,,,,,,,,,,
183,2021-03-16 21:02:00,1.0,4.759972576161074,117.46850808381521,122.4917263427485,,,"cx1_3: 5.708e-3 , cx1_2: 1.791e-2 , cx1_0: 1.291e-2 ",,0.01970000000000005,0.00025116081974854086,0.00025116081974854086,,,,,,,,,,,,
184,2021-03-16 21:02:00,2.0,4.907306791126012,103.077929852177,138.814588539317,,,cx2_1: 1.791e-2 ,,0.0202,0.00030428762546029703,0.00030428762546029703,,,,,,,,,,,,
185,2021-03-16 21:02:00,3.0,4.878961919224299,93.80167024270884,162.04172274343304,,,"cx3_5: 8.793e-3 , cx3_1: 5.708e-3 ",,0.017100000000000004,0.0002670039445779174,0.0002670039445779174,,,,,,,,,,,,
186,2021-03-16 21:02:00,4.0,4.8709134863630865,89.931307036759,39.937807860261906,,,cx4_5: 8.962e-3 ,,0.01980000000000004,0.0004048854263835992,0.0004048854263835992,,,,,,,,,,,,
187,2021-03-16 21:02:00,5.0,4.963968859848348,75.25380971786913,163.68309035763167,,,"cx5_6: 7.076e-3 , cx5_4: 8.962e-3 , cx5_3: 8.793e-3 ",,0.010199999999999987,0.00020153588689403987,0.00020153588689403987,,,,,,,,,,,,
188,2021-03-16 21:02:00,6.0,5.177100801287109,57.52055015033928,91.00977088624279,,,cx6_5: 7.076e-3 ,,0.044499999999999984,0.0004194832914256663,0.0004194832914256663,,,,,,,,,,,,
189,2021-03-19 15:25:00,,4.822067240519835,102.8783120603652,41.712407300945635,,,cx0_1: 1.291e-2 ,,0.021700000000000053,0.0003845956305606255,0.0003845956305606255,,,,,,,,,,,,
190,2021-03-19 15:25:00,1.0,4.759972576161074,117.46850808381521,122.4917263427485,,,"cx1_3: 5.708e-3 , cx1_2: 1.791e-2 , cx1_0: 1.291e-2 ",,0.01970000000000005,0.00025116081974854086,0.00025116081974854086,,,,,,,,,,,,
191,2021-03-19 15:25:00,2.0,4.907306791126012,103.077929852177,138.814588539317,,,cx2_1: 1.791e-2 ,,0.0202,0.00030428762546029703,0.00030428762546029703,,,,,,,,,,,,
192,2021-03-19 15:25:00,3.0,4.878961919224299,93.80167024270884,162.04172274343304,,,"cx3_5: 8.793e-3 , cx3_1: 5.708e-3 ",,0.017100000000000004,0.0002670039445779174,0.0002670039445779174,,,,,,,,,,,,
193,2021-03-19 15:25:00,4.0,4.8709134863630865,89.931307036759,39.937807860261906,,,cx4_5: 8.962e-3 ,,0.01980000000000004,0.0004048854263835992,0.0004048854263835992,,,,,,,,,,,,
194,2021-03-19 15:25:00,5.0,4.963968859848348,75.25380971786913,163.68309035763167,,,"cx5_6: 7.076e-3 , cx5_4: 8.962e-3 , cx5_3: 8.793e-3 ",,0.010199999999999987,0.00020153588689403987,0.00020153588689403987,,,,,,,,,,,,
195,2021-03-19 15:25:00,6.0,5.177100801287109,57.52055015033928,91.00977088624279,,,cx6_5: 7.076e-3 ,,0.044499999999999984,0.0004194832914256663,0.0004194832914256663,,,,,,,,,,,,
196,2021-04-07 15:10:00,Q0,4.822,,,,,,,,,,76.37,48.42,-0.3399,0.0185,0.0308,0.0062,5351.111,0.00021360000000000001,0.00021360000000000001,0.00021360000000000001,0_1:1.441e-2,0_1:497.778
197,2021-04-07 15:10:00,Q1,4.76,,,,,,,,,,106.27,94.28,-0.32644,0.015,0.0204,0.0096,5351.111,0.0006912000000000001,0.0006912000000000001,0.0006912000000000001,1_3:6.854e-3; 1_2:3.503e-2; 1_0:1.441e-2,1_3:355.556; 1_2:398.222; 1_0:462.222
198,2021-04-07 15:10:00,Q2,4.907,,,,,,,,,,107.36,135.07,-0.33862,0.067,0.1198,0.0142,5351.111,0.0034850000000000003,0.0034850000000000003,0.0034850000000000003,2_1:3.503e-2,2_1:433.778
199,2021-04-07 15:10:00,Q3,4.879,,,,,,,,,,120.46,246.29,-0.33864,0.0178,0.0246,0.011000000000000001,5351.111,0.00023349999999999998,0.00023349999999999998,0.00023349999999999998,3_5:9.063e-3; 3_1:6.854e-3,3_5:433.778; 3_1:320
200,2021-04-07 15:10:00,Q4,4.871,,,,,,,,,,123.88,52.08,-0.33889,0.0154,0.0228,0.008,5351.111,0.0003048,0.0003048,0.0003048,4_5:7.588e-3,4_5:398.222
201,2021-04-07 15:10:00,Q5,4.9639999999999995,,,,,,,,,,59.04,10.46,-0.32184,0.0152,0.0254,0.005,5351.111,0.00042380000000000006,0.00042380000000000006,0.00042380000000000006,5_6:1.248e-2; 5_4:7.588e-3; 5_3:9.063e-3,5_6:341.333; 5_4:362.667; 5_3:398.222
202,2021-04-07 15:10:00,Q6,5.1770000000000005,,,,,,,,,,86.77,171.5,-0.33499,0.0204,0.0282,0.0126,5351.111,0.00025469999999999996,0.00025469999999999996,0.00025469999999999996,6_5:1.248e-2,6_5:305.778
203,2020-12-23 14:41:00,,4.822064084143411,74.29639299725389,49.92570552582971,0.03790000000000005,0.00031882406038898434,cx0_1: 1.029e-2 ,,,,,,,,,,,,,,,,
204,2020-12-23 14:41:00,1.0,4.759946230774767,65.94871132823697,39.25137107920651,0.01649999999999996,0.0004752475305551241,"cx1_3: 1.726e-2 , cx1_2: 1.214e-2 , cx1_0: 1.029e-2 ",,,,,,,,,,,,,,,,
205,2020-12-23 14:41:00,2.0,4.907321063769424,66.37595035978518,110.15448951566871,0.0131,0.0002677078845642315,cx2_1: 1.214e-2 ,,,,,,,,,,,,,,,,
206,2020-12-23 14:41:00,3.0,4.8789728102066805,86.59443362102829,126.0047846140909,0.01719999999999999,0.0002623488463436111,"cx3_5: 9.584e-3 , cx3_1: 1.726e-2 ",,,,,,,,,,,,,,,,
207,2020-12-23 14:41:00,4.0,4.870904954751616,122.246413104895,35.90991798505633,0.025699999999999945,0.0003472306943016705,cx4_5: 9.763e-3 ,,,,,,,,,,,,,,,,
208,2020-12-23 14:41:00,5.0,4.963970476923507,85.73642913420066,45.94320452320453,0.014499999999999956,0.00034361610421523533,"cx5_6: 1.086e-2 , cx5_4: 9.763e-3 , cx5_3: 9.584e-3 ",,,,,,,,,,,,,,,,
209,2020-12-23 14:41:00,6.0,5.1770000869098745,98.55282995853105,142.2877284677327,0.019900000000000032,0.0002733963062752559,cx6_5: 1.086e-2 ,,,,,,,,,,,,,,,,
210,2020-12-29 10:43:00,,4.822063707493006,95.78016537359112,53.77796990548029,0.025900000000000038,0.00042055349266092697,cx0_1: 1.275e-2 ,,,,,,,,,,,,,,,,
211,2020-12-29 10:43:00,1.0,4.759938975575246,93.64367439069231,101.782121450405,0.013000000000000013,0.0003046560264308758,"cx1_3: 9.918e-3 , cx1_2: 7.226e-3 , cx1_0: 1.275e-2 ",,,,,,,,,,,,,,,,
212,2020-12-29 10:43:00,2.0,4.90731729625442,96.61321743791628,140.13567396095215,0.010800000000000032,0.00023224353384318383,cx2_1: 7.226e-3 ,,,,,,,,,,,,,,,,
213,2020-12-29 10:43:00,3.0,4.878969346009523,107.44372699496375,203.7035780339893,0.016699999999999937,0.0002649840874465403,"cx3_5: 1.026e-2 , cx3_1: 9.918e-3 ",,,,,,,,,,,,,,,,
214,2020-12-29 10:43:00,4.0,4.870910735621262,84.85484204791639,35.90991798505633,0.02190000000000003,0.0002893113315652496,cx4_5: 8.406e-3 ,,,,,,,,,,,,,,,,
215,2020-12-29 10:43:00,5.0,4.963969584625504,90.12767556959172,160.33541129015612,0.016100000000000003,0.0002853183609466417,"cx5_6: 1.104e-2 , cx5_4: 8.406e-3 , cx5_3: 1.026e-2 ",,,,,,,,,,,,,,,,
216,2020-12-29 10:43:00,6.0,5.176997939322797,97.48875717096176,190.3300042040672,0.0131,0.00025440475929166346,cx6_5: 1.104e-2 ,,,,,,,,,,,,,,,,
