,timestamp,Qubit,Frequency (GHz),T1 (µs),T2 (µs),Readout error,Sqrt-x (sx) error,CNOT error,Readout assignment error,√x (sx) error,Single-qubit Pauli-X error,T1 (us),T2 (us),Readout assignment error ,Prob meas0 prep1 ,Prob meas1 prep0 ,Readout length (ns),ID error ,√x (sx) error ,Single-qubit Pauli-X error ,CNOT error ,Gate time (ns)
0,2021-01-03 23:32:00,0.0,5.1148548981756194,69.81324639381047,118.33936172633128,0.034200000000000015,0.0003834113601223064,"cx0_14: 2.225e-2 , cx0_1: 1.892e-2 ",,,,,,,,,,,,,,
1,2021-01-03 23:32:00,1.0,5.235722142352609,42.33021266274985,47.20346338970999,0.09399999999999996,0.0007393027730983878,"cx1_13: 4.546e-2 , cx1_2: 1.140e-2 , cx1_0: 1.892e-2 ",,,,,,,,,,,,,,
2,2021-01-03 23:32:00,2.0,5.0384673307011285,67.90655116292588,105.86089803600662,0.02479999999999993,0.0005367993113914815,"cx2_12: 6.898e-2 , cx2_3: 3.084e-2 , cx2_1: 1.140e-2 ",,,,,,,,,,,,,,
3,2021-01-03 23:32:00,3.0,4.894584936498834,71.15877668268699,9.010752639507142,0.04610000000000003,0.0005369413062143481,"cx3_11: 3.823e-2 , cx3_4: 2.512e-2 , cx3_2: 3.084e-2 ",,,,,,,,,,,,,,
4,2021-01-03 23:32:00,4.0,5.021576939434883,57.57371415852048,60.64013367430376,0.04830000000000001,0.0011545008660594784,"cx4_10: 2.932e-2 , cx4_5: 3.687e-2 , cx4_3: 2.512e-2 ",,,,,,,,,,,,,,
5,2021-01-03 23:32:00,5.0,5.073090043160197,19.36356205876975,37.800703162340724,0.059599999999999986,0.003413691455715034,"cx5_9: 4.657e-2 , cx5_6: 5.930e-2 , cx5_4: 3.687e-2 ",,,,,,,,,,,,,,
6,2021-01-03 23:32:00,6.0,4.929434672635981,61.556984583738746,71.99102417096934,0.054200000000000026,0.0016409255966123794,"cx6_8: 2.280e-2 , cx6_5: 5.930e-2 ",,,,,,,,,,,,,,
7,2021-01-03 23:32:00,7.0,4.982614444209998,36.58382052017162,12.722189049819894,0.055300000000000016,0.0019285772481986829,cx7_8: 2.843e-2 ,,,,,,,,,,,,,,
8,2021-01-03 23:32:00,8.0,4.751543559572191,82.02915459243755,126.6194306906548,0.059400000000000015,0.0004903715027861175,"cx8_6: 2.280e-2 , cx8_9: 2.634e-2 , cx8_7: 2.843e-2 ",,,,,,,,,,,,,,
9,2021-01-03 23:32:00,9.0,4.973450479362049,46.15736551812978,55.51310361172917,0.10040000000000003,0.0014270221270543178,"cx9_5: 4.657e-2 , cx9_10: 3.438e-2 , cx9_8: 2.634e-2 ",,,,,,,,,,,,,,
10,2021-01-03 23:32:00,10.0,4.9447894343525745,55.683921905502615,61.47187400965984,0.03820000000000001,0.0020277287788174926,"cx10_4: 2.932e-2 , cx10_11: 2.300e-2 , cx10_9: 3.438e-2 ",,,,,,,,,,,,,,
11,2021-01-03 23:32:00,11.0,4.997420560058487,70.12504863308978,86.75088525963022,0.17999999999999994,0.0004107745060109133,"cx11_3: 3.823e-2 , cx11_12: 1.641e-2 , cx11_10: 2.300e-2 ",,,,,,,,,,,,,,
12,2021-01-03 23:32:00,12.0,4.763387692843425,75.69926241056694,54.76328749074121,0.12980000000000005,0.0010899944116851367,"cx12_2: 6.898e-2 , cx12_13: 2.551e-2 , cx12_11: 1.641e-2 ",,,,,,,,,,,,,,
13,2021-01-03 23:32:00,13.0,4.974292631713528,28.323737887504105,26.700049593404174,0.0908,0.0019817809421482147,"cx13_14: 4.272e-2 , cx13_1: 4.546e-2 , cx13_12: 2.551e-2 ",,,,,,,,,,,,,,
14,2021-01-03 23:32:00,14.0,5.0068103137907185,40.06898338075937,31.21037872763547,0.06610000000000005,0.0008208259580083676,"cx14_0: 2.225e-2 , cx14_13: 4.272e-2 ",,,,,,,,,,,,,,
15,2021-01-04 23:16:00,0.0,5.114858472008598,66.21240439206466,105.25009130303414,0.03610000000000002,0.0006863113625790367,"cx0_14: 2.417e-2 , cx0_1: 2.102e-2 ",,,,,,,,,,,,,,
16,2021-01-04 23:16:00,1.0,5.235716487064909,53.02010290810508,55.09866729678673,0.09640000000000004,0.0011301811908707516,"cx1_13: 4.959e-2 , cx1_2: 1.271e-2 , cx1_0: 2.102e-2 ",,,,,,,,,,,,,,
17,2021-01-04 23:16:00,2.0,5.038466545519634,60.52773010147492,98.63659107531508,0.02849999999999997,0.000666394267026902,"cx2_12: 5.884e-2 , cx2_3: 2.164e-2 , cx2_1: 1.271e-2 ",,,,,,,,,,,,,,
18,2021-01-04 23:16:00,3.0,4.894582904466369,79.70634483763072,17.649276213463377,0.04160000000000008,0.0004287655628723945,"cx3_11: 3.181e-2 , cx3_4: 2.109e-2 , cx3_2: 2.164e-2 ",,,,,,,,,,,,,,
19,2021-01-04 23:16:00,4.0,5.021582422956632,59.3580472499148,64.54071877107701,0.06379999999999998,0.0009113591526066189,"cx4_10: 3.727e-2 , cx4_5: 2.940e-2 , cx4_3: 2.109e-2 ",,,,,,,,,,,,,,
20,2021-01-04 23:16:00,5.0,5.073089674308485,18.967103039429606,29.30951734734945,0.052499999999999984,0.0033005186195816942,"cx5_9: 4.176e-2 , cx5_6: 5.510e-2 , cx5_4: 2.940e-2 ",,,,,,,,,,,,,,
21,2021-01-04 23:16:00,6.0,4.929436855641135,68.69988148976914,82.88716328798972,0.034200000000000015,0.0017953075644320054,"cx6_8: 2.465e-2 , cx6_5: 5.510e-2 ",,,,,,,,,,,,,,
22,2021-01-04 23:16:00,7.0,4.982605988016491,25.423250031008386,11.366391847298994,0.04249999999999998,0.0036097312371422595,cx7_8: 2.449e-2 ,,,,,,,,,,,,,,
23,2021-01-04 23:16:00,8.0,4.751541654062364,132.72750912812592,148.86802285081458,0.0605,0.000582364406714886,"cx8_6: 2.465e-2 , cx8_9: 2.307e-2 , cx8_7: 2.449e-2 ",,,,,,,,,,,,,,
24,2021-01-04 23:16:00,9.0,4.97344870831856,47.362319895050746,61.4417791305021,0.10719999999999996,0.00142801827695727,"cx9_5: 4.176e-2 , cx9_10: 3.664e-2 , cx9_8: 2.307e-2 ",,,,,,,,,,,,,,
25,2021-01-04 23:16:00,10.0,4.9447882103704695,48.367459954838544,53.02262992641488,0.030299999999999994,0.003389988925270902,"cx10_4: 3.727e-2 , cx10_11: 2.356e-2 , cx10_9: 3.664e-2 ",,,,,,,,,,,,,,
26,2021-01-04 23:16:00,11.0,4.9974302849321575,62.73341993234768,86.38518546483044,0.1862999999999999,0.0004896889137420231,"cx11_3: 3.181e-2 , cx11_12: 1.917e-2 , cx11_10: 2.356e-2 ",,,,,,,,,,,,,,
27,2021-01-04 23:16:00,12.0,4.763386750691044,83.41125268493364,50.001771236640046,0.11870000000000006,0.001086918132737933,"cx12_2: 5.884e-2 , cx12_13: 2.680e-2 , cx12_11: 1.917e-2 ",,,,,,,,,,,,,,
28,2021-01-04 23:16:00,13.0,4.974293623171229,23.21999774087293,26.064595725659636,0.09460000000000003,0.002315256863125389,"cx13_14: 4.175e-2 , cx13_1: 4.959e-2 , cx13_12: 2.680e-2 ",,,,,,,,,,,,,,
29,2021-01-04 23:16:00,14.0,5.006811862814102,44.2202679516174,55.081490334264366,0.0565,0.0007281230161252098,"cx14_0: 2.417e-2 , cx14_13: 4.175e-2 ",,,,,,,,,,,,,,
30,2021-01-05 11:17:00,0.0,5.114859138362278,63.05794427467089,102.84698472115022,0.03839999999999999,0.000479831274794407,"cx0_14: 2.772e-2 , cx0_1: 1.313e-2 ",,,,,,,,,,,,,,
31,2021-01-05 11:17:00,1.0,5.235719067152352,50.33826571995525,55.44649553301004,0.08579999999999999,0.0010007814888740275,"cx1_13: 3.921e-2 , cx1_2: 1.022e-2 , cx1_0: 1.313e-2 ",,,,,,,,,,,,,,
32,2021-01-05 11:17:00,2.0,5.038465487854345,73.45787867249065,115.04365951615351,0.029000000000000026,0.0004737094404795392,"cx2_12: 4.971e-2 , cx2_3: 2.269e-2 , cx2_1: 1.022e-2 ",,,,,,,,,,,,,,
33,2021-01-05 11:17:00,3.0,4.894585426758517,63.4654940121026,16.267183325975218,0.042999999999999934,0.0004265587212042269,"cx3_11: 3.048e-2 , cx3_4: 1.847e-2 , cx3_2: 2.269e-2 ",,,,,,,,,,,,,,
34,2021-01-05 11:17:00,4.0,5.021573031056428,42.59563267499685,55.81249759049162,0.07010000000000005,0.0009409066892609142,"cx4_10: 4.934e-2 , cx4_5: 4.271e-2 , cx4_3: 1.847e-2 ",,,,,,,,,,,,,,
35,2021-01-05 11:17:00,5.0,5.073088365686316,18.833004132022047,27.57948167114037,0.05779999999999996,0.003097744109008573,"cx5_9: 3.289e-2 , cx5_6: 4.925e-2 , cx5_4: 4.271e-2 ",,,,,,,,,,,,,,
36,2021-01-05 11:17:00,6.0,4.929432870885953,91.07981167411069,100.78530034100523,0.03289999999999993,0.0007660476229471318,"cx6_8: 2.066e-2 , cx6_5: 4.925e-2 ",,,,,,,,,,,,,,
37,2021-01-05 11:17:00,7.0,4.982616184022157,33.05170547047411,13.78677735017806,0.07220000000000004,0.0023812283955242284,cx7_8: 2.851e-2 ,,,,,,,,,,,,,,
38,2021-01-05 11:17:00,8.0,4.751541314318046,110.42530309821994,142.42826665339018,0.0655,0.0005495549814776267,"cx8_6: 2.066e-2 , cx8_9: 2.349e-2 , cx8_7: 2.851e-2 ",,,,,,,,,,,,,,
39,2021-01-05 11:17:00,9.0,4.9734466109611555,46.1155563034809,53.61664010628017,0.07289999999999996,0.00156621654760881,"cx9_5: 3.289e-2 , cx9_10: 3.999e-2 , cx9_8: 2.349e-2 ",,,,,,,,,,,,,,
40,2021-01-05 11:17:00,10.0,4.9447889279004125,46.42859608850383,58.54036231922485,0.0383,0.0022686791206761358,"cx10_4: 4.934e-2 , cx10_11: 2.621e-2 , cx10_9: 3.999e-2 ",,,,,,,,,,,,,,
41,2021-01-05 11:17:00,11.0,4.997421978519009,49.036139274354504,58.78576604622282,0.1857,0.0005348279647481948,"cx11_3: 3.048e-2 , cx11_12: 1.556e-2 , cx11_10: 2.621e-2 ",,,,,,,,,,,,,,
42,2021-01-05 11:17:00,12.0,4.7633828141792165,74.65624624090366,64.74445482697946,0.09899999999999998,0.0005079382140547275,"cx12_2: 4.971e-2 , cx12_13: 1.916e-2 , cx12_11: 1.556e-2 ",,,,,,,,,,,,,,
43,2021-01-05 11:17:00,13.0,4.974293877019637,31.399899821334227,33.22251135374074,0.08830000000000005,0.0018594263794553308,"cx13_14: 3.223e-2 , cx13_1: 3.921e-2 , cx13_12: 1.916e-2 ",,,,,,,,,,,,,,
44,2021-01-05 11:17:00,14.0,5.00679838232325,41.771408831480265,60.40507119228282,0.0474,0.0007008607073187581,"cx14_0: 2.772e-2 , cx14_13: 3.223e-2 ",,,,,,,,,,,,,,
45,2021-01-05 13:02:00,0.0,5.114859138362278,63.05794427467089,102.84698472115022,0.03839999999999999,0.000479831274794407,"cx0_14: 2.772e-2 , cx0_1: 1.313e-2 ",,,,,,,,,,,,,,
46,2021-01-05 13:02:00,1.0,5.235719067152352,50.33826571995525,55.44649553301004,0.08579999999999999,0.0010007814888740275,"cx1_13: 3.921e-2 , cx1_2: 1.022e-2 , cx1_0: 1.313e-2 ",,,,,,,,,,,,,,
47,2021-01-05 13:02:00,2.0,5.038465487854345,73.45787867249065,115.04365951615351,0.029000000000000026,0.0004737094404795392,"cx2_12: 4.971e-2 , cx2_3: 2.269e-2 , cx2_1: 1.022e-2 ",,,,,,,,,,,,,,
48,2021-01-05 13:02:00,3.0,4.894585426758517,63.4654940121026,16.267183325975218,0.042999999999999934,0.0004265587212042269,"cx3_11: 3.048e-2 , cx3_4: 1.847e-2 , cx3_2: 2.269e-2 ",,,,,,,,,,,,,,
49,2021-01-05 13:02:00,4.0,5.021573031056428,42.59563267499685,55.81249759049162,0.07010000000000005,0.0009409066892609142,"cx4_10: 4.934e-2 , cx4_5: 4.271e-2 , cx4_3: 1.847e-2 ",,,,,,,,,,,,,,
50,2021-01-05 13:02:00,5.0,5.073088365686316,18.833004132022047,27.57948167114037,0.05779999999999996,0.003097744109008573,"cx5_9: 3.289e-2 , cx5_6: 4.925e-2 , cx5_4: 4.271e-2 ",,,,,,,,,,,,,,
51,2021-01-05 13:02:00,6.0,4.929432870885953,91.07981167411069,100.78530034100523,0.03289999999999993,0.0007660476229471318,"cx6_8: 2.066e-2 , cx6_5: 4.925e-2 ",,,,,,,,,,,,,,
52,2021-01-05 13:02:00,7.0,4.982616184022157,33.05170547047411,13.78677735017806,0.07220000000000004,0.0023812283955242284,cx7_8: 2.851e-2 ,,,,,,,,,,,,,,
53,2021-01-05 13:02:00,8.0,4.751541314318046,110.42530309821994,142.42826665339018,0.0655,0.0005495549814776267,"cx8_6: 2.066e-2 , cx8_9: 2.349e-2 , cx8_7: 2.851e-2 ",,,,,,,,,,,,,,
54,2021-01-05 13:02:00,9.0,4.9734466109611555,46.1155563034809,53.61664010628017,0.07289999999999996,0.00156621654760881,"cx9_5: 3.289e-2 , cx9_10: 3.999e-2 , cx9_8: 2.349e-2 ",,,,,,,,,,,,,,
55,2021-01-05 13:02:00,10.0,4.9447889279004125,46.42859608850383,58.54036231922485,0.0383,0.0022686791206761358,"cx10_4: 4.934e-2 , cx10_11: 2.621e-2 , cx10_9: 3.999e-2 ",,,,,,,,,,,,,,
56,2021-01-05 13:02:00,11.0,4.997421978519009,49.036139274354504,58.78576604622282,0.1857,0.0005348279647481948,"cx11_3: 3.048e-2 , cx11_12: 1.556e-2 , cx11_10: 2.621e-2 ",,,,,,,,,,,,,,
57,2021-01-05 13:02:00,12.0,4.7633828141792165,74.65624624090366,64.74445482697946,0.09899999999999998,0.0005079382140547275,"cx12_2: 4.971e-2 , cx12_13: 1.916e-2 , cx12_11: 1.556e-2 ",,,,,,,,,,,,,,
58,2021-01-05 13:02:00,13.0,4.974293877019637,31.399899821334227,33.22251135374074,0.08830000000000005,0.0018594263794553308,"cx13_14: 3.223e-2 , cx13_1: 3.921e-2 , cx13_12: 1.916e-2 ",,,,,,,,,,,,,,
59,2021-01-05 13:02:00,14.0,5.00679838232325,41.771408831480265,60.40507119228282,0.0474,0.0007008607073187581,"cx14_0: 2.772e-2 , cx14_13: 3.223e-2 ",,,,,,,,,,,,,,
60,2021-01-06 00:18:00,0.0,5.114859138362278,63.05794427467089,102.84698472115022,0.03839999999999999,0.000479831274794407,"cx0_14: 2.772e-2 , cx0_1: 1.313e-2 ",,,,,,,,,,,,,,
61,2021-01-06 00:18:00,1.0,5.235719067152352,50.33826571995525,55.44649553301004,0.08579999999999999,0.0010007814888740275,"cx1_13: 3.921e-2 , cx1_2: 1.022e-2 , cx1_0: 1.313e-2 ",,,,,,,,,,,,,,
62,2021-01-06 00:18:00,2.0,5.038465487854345,73.45787867249065,115.04365951615351,0.029000000000000026,0.0004737094404795392,"cx2_12: 4.971e-2 , cx2_3: 2.269e-2 , cx2_1: 1.022e-2 ",,,,,,,,,,,,,,
63,2021-01-06 00:18:00,3.0,4.894585426758517,63.4654940121026,16.267183325975218,0.042999999999999934,0.0004265587212042269,"cx3_11: 3.048e-2 , cx3_4: 1.847e-2 , cx3_2: 2.269e-2 ",,,,,,,,,,,,,,
64,2021-01-06 00:18:00,4.0,5.021573031056428,42.59563267499685,55.81249759049162,0.07010000000000005,0.0009409066892609142,"cx4_10: 4.934e-2 , cx4_5: 4.271e-2 , cx4_3: 1.847e-2 ",,,,,,,,,,,,,,
65,2021-01-06 00:18:00,5.0,5.073088365686316,18.833004132022047,27.57948167114037,0.05779999999999996,0.003097744109008573,"cx5_9: 3.289e-2 , cx5_6: 4.925e-2 , cx5_4: 4.271e-2 ",,,,,,,,,,,,,,
66,2021-01-06 00:18:00,6.0,4.929432870885953,91.07981167411069,100.78530034100523,0.03289999999999993,0.0007660476229471318,"cx6_8: 2.066e-2 , cx6_5: 4.925e-2 ",,,,,,,,,,,,,,
67,2021-01-06 00:18:00,7.0,4.982616184022157,33.05170547047411,13.78677735017806,0.07220000000000004,0.0023812283955242284,cx7_8: 2.851e-2 ,,,,,,,,,,,,,,
68,2021-01-06 00:18:00,8.0,4.751541314318046,110.42530309821994,142.42826665339018,0.0655,0.0005495549814776267,"cx8_6: 2.066e-2 , cx8_9: 2.349e-2 , cx8_7: 2.851e-2 ",,,,,,,,,,,,,,
69,2021-01-06 00:18:00,9.0,4.9734466109611555,46.1155563034809,53.61664010628017,0.07289999999999996,0.00156621654760881,"cx9_5: 3.289e-2 , cx9_10: 3.999e-2 , cx9_8: 2.349e-2 ",,,,,,,,,,,,,,
70,2021-01-06 00:18:00,10.0,4.9447889279004125,46.42859608850383,58.54036231922485,0.0383,0.0022686791206761358,"cx10_4: 4.934e-2 , cx10_11: 2.621e-2 , cx10_9: 3.999e-2 ",,,,,,,,,,,,,,
71,2021-01-06 00:18:00,11.0,4.997421978519009,49.036139274354504,58.78576604622282,0.1857,0.0005348279647481948,"cx11_3: 3.048e-2 , cx11_12: 1.556e-2 , cx11_10: 2.621e-2 ",,,,,,,,,,,,,,
72,2021-01-06 00:18:00,12.0,4.7633828141792165,74.65624624090366,64.74445482697946,0.09899999999999998,0.0005079382140547275,"cx12_2: 4.971e-2 , cx12_13: 1.916e-2 , cx12_11: 1.556e-2 ",,,,,,,,,,,,,,
73,2021-01-06 00:18:00,13.0,4.974293877019637,31.399899821334227,33.22251135374074,0.08830000000000005,0.0018594263794553308,"cx13_14: 3.223e-2 , cx13_1: 3.921e-2 , cx13_12: 1.916e-2 ",,,,,,,,,,,,,,
74,2021-01-06 00:18:00,14.0,5.00679838232325,41.771408831480265,60.40507119228282,0.0474,0.0007008607073187581,"cx14_0: 2.772e-2 , cx14_13: 3.223e-2 ",,,,,,,,,,,,,,
75,2021-01-07 00:19:00,0.0,5.114858888511401,71.33445689936136,105.89539895937195,0.04760000000000009,0.00041209147436377185,"cx0_14: 2.162e-2 , cx0_1: 1.803e-2 ",,,,,,,,,,,,,,
76,2021-01-07 00:19:00,1.0,5.23571662753955,51.18876203480795,51.20701134973773,0.09119999999999996,0.0010593834409503076,"cx1_13: 4.317e-2 , cx1_2: 8.891e-3 , cx1_0: 1.803e-2 ",,,,,,,,,,,,,,
77,2021-01-07 00:19:00,2.0,5.038467141293557,59.19763958929008,89.7373254628448,0.02629999999999999,0.00042558078415367716,"cx2_12: 5.902e-2 , cx2_3: 2.482e-2 , cx2_1: 8.891e-3 ",,,,,,,,,,,,,,
78,2021-01-07 00:19:00,3.0,4.894587493225441,62.00334214372512,16.466292451118367,0.03759999999999997,0.0005662573397536124,"cx3_11: 3.242e-2 , cx3_4: 3.351e-2 , cx3_2: 2.482e-2 ",,,,,,,,,,,,,,
79,2021-01-07 00:19:00,4.0,5.021581955916125,55.63504981570553,57.334380292069504,0.07069999999999999,0.0007764915854093909,"cx4_10: 3.321e-2 , cx4_5: 3.685e-2 , cx4_3: 3.351e-2 ",,,,,,,,,,,,,,
80,2021-01-07 00:19:00,5.0,5.0730869140399335,20.892448236315282,40.863010104566605,0.045300000000000014,0.0026006001793335213,"cx5_9: 3.384e-2 , cx5_6: 5.409e-2 , cx5_4: 3.685e-2 ",,,,,,,,,,,,,,
81,2021-01-07 00:19:00,6.0,4.929435646858352,67.38201897220775,63.15724377791031,0.13969999999999996,0.0010782945078396,"cx6_8: 2.390e-2 , cx6_5: 5.409e-2 ",,,,,,,,,,,,,,
82,2021-01-07 00:19:00,7.0,4.982615067699119,36.06287447469732,13.297477499225245,0.045600000000000085,0.0023587935332825684,cx7_8: 2.410e-2 ,,,,,,,,,,,,,,
83,2021-01-07 00:19:00,8.0,4.751543705576121,111.21064529311485,146.22137755428426,0.05510000000000004,0.0005084919458349882,"cx8_6: 2.390e-2 , cx8_9: 2.145e-2 , cx8_7: 2.410e-2 ",,,,,,,,,,,,,,
84,2021-01-07 00:19:00,9.0,4.973451475928597,45.653887586949644,59.34206358773475,0.0796,0.0018947479136350621,"cx9_5: 3.384e-2 , cx9_10: 3.351e-2 , cx9_8: 2.145e-2 ",,,,,,,,,,,,,,
85,2021-01-07 00:19:00,10.0,4.944789831544921,48.03999999601089,61.596787068694184,0.047199999999999916,0.0017941814597288305,"cx10_4: 3.321e-2 , cx10_11: 2.295e-2 , cx10_9: 3.351e-2 ",,,,,,,,,,,,,,
86,2021-01-07 00:19:00,11.0,4.997421314654626,59.65668528276984,85.95365848505173,0.18620000000000006,0.00044365841498419153,"cx11_3: 3.242e-2 , cx11_12: 1.679e-2 , cx11_10: 2.295e-2 ",,,,,,,,,,,,,,
87,2021-01-07 00:19:00,12.0,4.763384217999045,63.51616686650865,60.87478465512414,0.10050000000000003,0.0008100412704054159,"cx12_2: 5.902e-2 , cx12_13: 2.281e-2 , cx12_11: 1.679e-2 ",,,,,,,,,,,,,,
88,2021-01-07 00:19:00,13.0,4.974292812993625,30.61817028538571,30.40099071065105,0.0908,0.002010819349705283,"cx13_14: 3.421e-2 , cx13_1: 4.317e-2 , cx13_12: 2.281e-2 ",,,,,,,,,,,,,,
89,2021-01-07 00:19:00,14.0,5.006792180826722,41.771408831480265,48.4584554697911,0.062200000000000026,0.0007970445523684414,"cx14_0: 2.162e-2 , cx14_13: 3.421e-2 ",,,,,,,,,,,,,,
90,2021-01-07 23:19:00,0.0,5.1148594474847995,54.2228136025959,87.20655755396214,0.04569999999999996,0.0003878570969803951,"cx0_14: 2.198e-2 , cx0_1: 1.535e-2 ",,,,,,,,,,,,,,
91,2021-01-07 23:19:00,1.0,5.2357176114674076,49.22663757230982,53.37553483549608,0.1018,0.0008489702428712005,"cx1_13: 4.053e-2 , cx1_2: 1.129e-2 , cx1_0: 1.535e-2 ",,,,,,,,,,,,,,
92,2021-01-07 23:19:00,2.0,5.038467784317463,59.6752082529934,89.7373254628448,0.026699999999999943,0.0006641360731361537,"cx2_12: 5.860e-2 , cx2_3: 2.260e-2 , cx2_1: 1.129e-2 ",,,,,,,,,,,,,,
93,2021-01-07 23:19:00,3.0,4.894583727458457,64.25192933953659,16.496371906395446,0.04559999999999997,0.0005069703089424177,"cx3_11: 3.631e-2 , cx3_4: 2.082e-2 , cx3_2: 2.260e-2 ",,,,,,,,,,,,,,
94,2021-01-07 23:19:00,4.0,5.0215731299117135,42.97724326261967,33.31297870414074,0.04879999999999996,0.0010839291579963569,"cx4_10: 4.752e-2 , cx4_5: 3.561e-2 , cx4_3: 2.082e-2 ",,,,,,,,,,,,,,
95,2021-01-07 23:19:00,5.0,5.073086464640326,18.326584986704127,33.609152350637196,0.054499999999999986,0.002876103839059609,"cx5_9: 4.452e-2 , cx5_6: 4.785e-2 , cx5_4: 3.561e-2 ",,,,,,,,,,,,,,
96,2021-01-07 23:19:00,6.0,4.929435307451624,79.59246806355331,85.44702672415157,0.022299999999999983,0.001073005647834689,"cx6_8: 1.846e-2 , cx6_5: 4.785e-2 ",,,,,,,,,,,,,,
97,2021-01-07 23:19:00,7.0,4.982617733110144,39.50127840635657,12.947417340019006,0.07899999999999996,0.002659483071928045,cx7_8: 2.293e-2 ,,,,,,,,,,,,,,
98,2021-01-07 23:19:00,8.0,4.7515441606647215,110.12339407491648,152.8604424931317,0.06130000000000003,0.0007614099875078759,"cx8_6: 1.846e-2 , cx8_9: 2.472e-2 , cx8_7: 2.293e-2 ",,,,,,,,,,,,,,
99,2021-01-07 23:19:00,9.0,4.973444091873178,45.416192330885686,43.4480200380885,0.08610000000000008,0.0019301522108829093,"cx9_5: 4.452e-2 , cx9_10: 3.822e-2 , cx9_8: 2.472e-2 ",,,,,,,,,,,,,,
100,2021-01-07 23:19:00,10.0,4.944789914661873,47.85482226506978,54.65972001247786,0.0877,0.0018486787337929137,"cx10_4: 4.752e-2 , cx10_11: 2.768e-2 , cx10_9: 3.822e-2 ",,,,,,,,,,,,,,
101,2021-01-07 23:19:00,11.0,4.997423518756628,56.21261803003893,75.43274852179775,0.1845,0.0004916325601568426,"cx11_3: 3.631e-2 , cx11_12: 1.558e-2 , cx11_10: 2.768e-2 ",,,,,,,,,,,,,,
102,2021-01-07 23:19:00,12.0,4.7633826080398185,72.44828637037652,58.30176904358619,0.09560000000000002,0.0010146877652072927,"cx12_2: 5.860e-2 , cx12_13: 2.161e-2 , cx12_11: 1.558e-2 ",,,,,,,,,,,,,,
103,2021-01-07 23:19:00,13.0,4.974292890919794,32.40960259903533,35.650914413553494,0.08220000000000005,0.0020205755799375807,"cx13_14: 2.856e-2 , cx13_1: 4.053e-2 , cx13_12: 2.161e-2 ",,,,,,,,,,,,,,
104,2021-01-07 23:19:00,14.0,5.006793492260106,37.30933593255264,48.2756103072914,0.05069999999999997,0.0005762680580178582,"cx14_0: 2.198e-2 , cx14_13: 2.856e-2 ",,,,,,,,,,,,,,
105,2021-01-08 08:24:00,0.0,5.114860677635511,67.86566202978275,117.29641552011282,0.04059999999999997,0.000399281775486964,"cx0_14: 2.332e-2 , cx0_1: 1.356e-2 ",,,,,,,,,,,,,,
106,2021-01-08 08:24:00,1.0,5.235716853675352,51.4792875083164,52.533308435136604,0.0878000000000001,0.0005626226849194574,"cx1_13: 4.576e-2 , cx1_2: 1.062e-2 , cx1_0: 1.356e-2 ",,,,,,,,,,,,,,
107,2021-01-08 08:24:00,2.0,5.03846457109607,63.15995500170529,92.51863952274202,0.023900000000000032,0.0004830151105605668,"cx2_12: 4.608e-2 , cx2_3: 2.757e-2 , cx2_1: 1.062e-2 ",,,,,,,,,,,,,,
108,2021-01-08 08:24:00,3.0,4.894585123132527,54.6938485875575,16.141160638349973,0.04620000000000002,0.0005789550891421844,"cx3_11: 3.925e-2 , cx3_4: 2.986e-2 , cx3_2: 2.757e-2 ",,,,,,,,,,,,,,
109,2021-01-08 08:24:00,4.0,5.0215826997001525,57.30111430328847,50.18405380261717,0.04930000000000001,0.0009362160043536057,"cx4_10: 3.896e-2 , cx4_5: 3.452e-2 , cx4_3: 2.986e-2 ",,,,,,,,,,,,,,
110,2021-01-08 08:24:00,5.0,5.073081888113432,20.06116634265754,30.22505185367589,0.04570000000000008,0.0028806339850580825,"cx5_9: 4.035e-2 , cx5_6: 5.231e-2 , cx5_4: 3.452e-2 ",,,,,,,,,,,,,,
111,2021-01-08 08:24:00,6.0,4.92943380220892,67.93247195133694,77.07523511186976,0.028799999999999937,0.0012605823458125293,"cx6_8: 2.219e-2 , cx6_5: 5.231e-2 ",,,,,,,,,,,,,,
112,2021-01-08 08:24:00,7.0,4.982616542703796,34.71474242181193,12.100772172212313,0.0532999999999999,0.002405699095678605,cx7_8: 2.241e-2 ,,,,,,,,,,,,,,
113,2021-01-08 08:24:00,8.0,4.751547207153671,150.00656092889008,148.3468811379149,0.04830000000000001,0.00040579688234710975,"cx8_6: 2.219e-2 , cx8_9: 2.181e-2 , cx8_7: 2.241e-2 ",,,,,,,,,,,,,,
114,2021-01-08 08:24:00,9.0,4.973448194319606,46.93298409886014,64.75835053569583,0.09220000000000006,0.0016261409748763787,"cx9_5: 4.035e-2 , cx9_10: 3.385e-2 , cx9_8: 2.181e-2 ",,,,,,,,,,,,,,
115,2021-01-08 08:24:00,10.0,4.94478901867606,57.571432266298075,65.4682008451478,0.03359999999999996,0.002662285276099065,"cx10_4: 3.896e-2 , cx10_11: 3.185e-2 , cx10_9: 3.385e-2 ",,,,,,,,,,,,,,
116,2021-01-08 08:24:00,11.0,4.997424795353822,62.488989036504094,84.49361147837534,0.18199999999999994,0.00045661999818773826,"cx11_3: 3.925e-2 , cx11_12: 2.112e-2 , cx11_10: 3.185e-2 ",,,,,,,,,,,,,,
117,2021-01-08 08:24:00,12.0,4.763385323820711,77.29701543037483,63.49002767905698,0.11109999999999998,0.0010619727587766153,"cx12_2: 4.608e-2 , cx12_13: 2.619e-2 , cx12_11: 2.112e-2 ",,,,,,,,,,,,,,
118,2021-01-08 08:24:00,13.0,4.974294976793197,31.804120353437995,32.31961035905496,0.09460000000000003,0.002036082895714682,"cx13_14: 3.965e-2 , cx13_1: 4.576e-2 , cx13_12: 2.619e-2 ",,,,,,,,,,,,,,
119,2021-01-08 08:24:00,14.0,5.00679363154421,39.342020958315565,57.918355383195674,0.06869999999999997,0.0007359558367846362,"cx14_0: 2.332e-2 , cx14_13: 3.965e-2 ",,,,,,,,,,,,,,
120,2021-01-09 23:55:00,0.0,5.114859180270656,69.98026153006094,103.67592479227746,0.03469999999999995,0.00047913984327383,"cx0_14: 2.020e-2 , cx0_1: 1.814e-2 ",,,,,,,,,,,,,,
121,2021-01-09 23:55:00,1.0,5.235712554886418,45.25023516164491,53.76805409898835,0.09119999999999996,0.0008604609745834318,"cx1_13: 4.550e-2 , cx1_2: 1.225e-2 , cx1_0: 1.814e-2 ",,,,,,,,,,,,,,
122,2021-01-09 23:55:00,2.0,5.038464181433173,70.89755801956093,106.42414432309296,0.02110000000000001,0.000580355170220462,"cx2_12: 4.754e-2 , cx2_3: 2.325e-2 , cx2_1: 1.225e-2 ",,,,,,,,,,,,,,
123,2021-01-09 23:55:00,3.0,4.894585086037639,77.75138546914877,17.69018494099613,0.04400000000000004,0.0004511200206619498,"cx3_11: 3.490e-2 , cx3_4: 2.141e-2 , cx3_2: 2.325e-2 ",,,,,,,,,,,,,,
124,2021-01-09 23:55:00,4.0,5.021581486733241,52.98505321020843,41.486790333157494,0.03920000000000001,0.0011563306825893625,"cx4_10: 3.830e-2 , cx4_5: 3.750e-2 , cx4_3: 2.141e-2 ",,,,,,,,,,,,,,
125,2021-01-09 23:55:00,5.0,5.073083769139664,18.120577189332586,32.83233197555113,0.041399999999999985,0.003127989922955933,"cx5_9: 3.100e-2 , cx5_6: 6.266e-2 , cx5_4: 3.750e-2 ",,,,,,,,,,,,,,
126,2021-01-09 23:55:00,6.0,4.929432352078296,73.04188577536497,84.29918814480973,0.027599999999999958,0.0013630583120955388,"cx6_8: 2.713e-2 , cx6_5: 6.266e-2 ",,,,,,,,,,,,,,
127,2021-01-09 23:55:00,7.0,4.982616123997634,37.973662497930476,13.424337029854266,0.04820000000000002,0.002342382351724824,cx7_8: 2.397e-2 ,,,,,,,,,,,,,,
128,2021-01-09 23:55:00,8.0,4.751545647881517,77.1138764550453,106.48260535596123,0.07939999999999993,0.0005937405275709684,"cx8_6: 2.713e-2 , cx8_9: 2.062e-2 , cx8_7: 2.397e-2 ",,,,,,,,,,,,,,
129,2021-01-09 23:55:00,9.0,4.9734467680775625,40.09264345813496,49.473345654750894,0.08409999999999995,0.001503807544718148,"cx9_5: 3.100e-2 , cx9_10: 3.684e-2 , cx9_8: 2.062e-2 ",,,,,,,,,,,,,,
130,2021-01-09 23:55:00,10.0,4.94478884190516,47.99102873997894,58.647059563136615,0.03210000000000002,0.002657048219669297,"cx10_4: 3.830e-2 , cx10_11: 2.746e-2 , cx10_9: 3.684e-2 ",,,,,,,,,,,,,,
131,2021-01-09 23:55:00,11.0,4.997432487604548,46.899344846475046,67.90990369295791,0.1878,0.0006212307306531102,"cx11_3: 3.490e-2 , cx11_12: 1.791e-2 , cx11_10: 2.746e-2 ",,,,,,,,,,,,,,
132,2021-01-09 23:55:00,12.0,4.763380685355106,73.8560879219386,67.64272146091056,0.10509999999999996,0.0007176039232442355,"cx12_2: 4.754e-2 , cx12_13: 2.293e-2 , cx12_11: 1.791e-2 ",,,,,,,,,,,,,,
133,2021-01-09 23:55:00,13.0,4.974292329634941,25.70108343547428,30.38213084588069,0.0786,0.002147559807499409,"cx13_14: 3.634e-2 , cx13_1: 4.550e-2 , cx13_12: 2.293e-2 ",,,,,,,,,,,,,,
134,2021-01-09 23:55:00,14.0,5.006791384316238,43.52584436200049,54.99978411741082,0.0535000000000001,0.0008565036515608036,"cx14_0: 2.020e-2 , cx14_13: 3.634e-2 ",,,,,,,,,,,,,,
135,2021-01-11 12:05:00,0.0,5.114860182123629,61.189044337852,96.81855638555128,0.04720000000000002,0.00041605974315504324,"cx0_14: 2.029e-2 , cx0_1: 1.682e-2 ",,,,,,,,,,,,,,
136,2021-01-11 12:05:00,1.0,5.235713423627862,56.3509723601021,50.6260241311421,0.08590000000000009,0.0007519498527700301,"cx1_13: 4.373e-2 , cx1_2: 9.710e-3 , cx1_0: 1.682e-2 ",,,,,,,,,,,,,,
137,2021-01-11 12:05:00,2.0,5.038466229706317,70.53550219333455,107.79865227157805,0.02540000000000009,0.00044973784133968094,"cx2_12: 5.595e-2 , cx2_3: 2.726e-2 , cx2_1: 9.710e-3 ",,,,,,,,,,,,,,
138,2021-01-11 12:05:00,3.0,4.894583752436701,67.45662337665755,16.408345784393653,0.040699999999999965,0.0007403530966934072,"cx3_11: 3.124e-2 , cx3_4: 2.204e-2 , cx3_2: 2.726e-2 ",,,,,,,,,,,,,,
139,2021-01-11 12:05:00,4.0,5.021580872084414,54.387374931507246,44.122890649694455,0.0937,0.0008021379839592285,"cx4_10: 3.910e-2 , cx4_5: 3.473e-2 , cx4_3: 2.204e-2 ",,,,,,,,,,,,,,
140,2021-01-11 12:05:00,5.0,5.073085534345392,19.54352819468595,36.30578994812088,0.052999999999999936,0.002316142324610801,"cx5_9: 5.783e-2 , cx5_6: 5.302e-2 , cx5_4: 3.473e-2 ",,,,,,,,,,,,,,
141,2021-01-11 12:05:00,6.0,4.929432655273106,66.48056259939963,35.87812180724943,0.03580000000000005,0.0015780074545772875,"cx6_8: 2.859e-2 , cx6_5: 5.302e-2 ",,,,,,,,,,,,,,
142,2021-01-11 12:05:00,7.0,4.982613173746142,42.37846248276415,14.79916907302197,0.03610000000000002,0.0017624542883084137,cx7_8: 2.723e-2 ,,,,,,,,,,,,,,
143,2021-01-11 12:05:00,8.0,4.7515470233156085,99.90773481382216,86.91352679660541,0.058300000000000025,0.0006141197109629916,"cx8_6: 2.859e-2 , cx8_9: 3.158e-2 , cx8_7: 2.723e-2 ",,,,,,,,,,,,,,
144,2021-01-11 12:05:00,9.0,4.973451378899061,34.75201580852259,45.080418966005055,0.08129999999999993,0.0025317355068843342,"cx9_5: 5.783e-2 , cx9_10: 4.409e-2 , cx9_8: 3.158e-2 ",,,,,,,,,,,,,,
145,2021-01-11 12:05:00,10.0,4.9447892793037855,52.10210418634575,56.02110843269948,0.048000000000000036,0.0022863033284695237,"cx10_4: 3.910e-2 , cx10_11: 2.962e-2 , cx10_9: 4.409e-2 ",,,,,,,,,,,,,,
146,2021-01-11 12:05:00,11.0,4.997426194226848,62.24471701141464,83.97956593410697,0.19209999999999994,0.0004368558120916944,"cx11_3: 3.124e-2 , cx11_12: 1.674e-2 , cx11_10: 2.962e-2 ",,,,,,,,,,,,,,
147,2021-01-11 12:05:00,12.0,4.763382921606845,83.84225184128147,64.93866120983228,0.10040000000000003,0.0010076055002955103,"cx12_2: 5.595e-2 , cx12_13: 2.438e-2 , cx12_11: 1.674e-2 ",,,,,,,,,,,,,,
148,2021-01-11 12:05:00,13.0,4.974293513654113,30.198105778421287,30.388872986021138,0.09840000000000004,0.001863968545013934,"cx13_14: 3.082e-2 , cx13_1: 4.373e-2 , cx13_12: 2.438e-2 ",,,,,,,,,,,,,,
149,2021-01-11 12:05:00,14.0,5.006794573991359,35.89067848280653,54.426994066792076,0.05579999999999996,0.000792235631561673,"cx14_0: 2.029e-2 , cx14_13: 3.082e-2 ",,,,,,,,,,,,,,
150,2021-01-12 10:46:00,0.0,5.114860057530672,44.09828634557662,59.503176748949286,0.04289999999999994,0.000538788176019559,"cx0_14: 2.255e-2 , cx0_1: 1.576e-2 ",,,,,,,,,,,,,,
151,2021-01-12 10:46:00,1.0,5.235696214449634,30.56871354680802,46.45243106712982,0.09050000000000002,0.0014715138096318145,"cx1_13: 4.882e-2 , cx1_2: 8.145e-3 , cx1_0: 1.576e-2 ",,,,,,,,,,,,,,
152,2021-01-12 10:46:00,2.0,5.038466614646677,78.32127450414573,99.74834875823956,0.02659999999999996,0.0005367762186357955,"cx2_12: 4.914e-2 , cx2_3: 2.398e-2 , cx2_1: 8.145e-3 ",,,,,,,,,,,,,,
153,2021-01-12 10:46:00,3.0,4.8945823562903685,54.42518347790799,16.484392049612925,0.043099999999999916,0.0006836823466937032,"cx3_11: 3.112e-2 , cx3_4: 1.962e-2 , cx3_2: 2.398e-2 ",,,,,,,,,,,,,,
154,2021-01-12 10:46:00,4.0,5.02157601216804,58.756296298254156,44.101306683374794,0.05489999999999995,0.0009986814607957626,"cx4_10: 3.559e-2 , cx4_5: 3.052e-2 , cx4_3: 1.962e-2 ",,,,,,,,,,,,,,
155,2021-01-12 10:46:00,5.0,5.073079282139374,21.062023620564766,39.074386594515964,0.056300000000000024,0.002362656773435669,"cx5_6: 4.628e-2 , cx5_4: 3.052e-2 , cx5_9: 5.783e-2 ",,,,,,,,,,,,,,
156,2021-01-12 10:46:00,6.0,4.929432313987836,70.7362274201005,73.555923514331,0.030599999999999964,0.0014461075251229847,"cx6_8: 2.278e-2 , cx6_5: 4.628e-2 ",,,,,,,,,,,,,,
157,2021-01-12 10:46:00,7.0,4.982615138296752,40.37835125571314,14.440582128433794,0.0423,0.0019636889830681546,cx7_8: 2.567e-2 ,,,,,,,,,,,,,,
158,2021-01-12 10:46:00,8.0,4.751543604124823,99.5284699641795,140.8139994067073,0.055199999999999916,0.0006771436779366008,"cx8_6: 2.278e-2 , cx8_9: 3.681e-2 , cx8_7: 2.567e-2 ",,,,,,,,,,,,,,
159,2021-01-12 10:46:00,9.0,4.973447159410629,32.320488835597,39.93361830526634,0.0786,0.0025336168583751555,"cx9_10: 4.975e-2 , cx9_8: 3.681e-2 , cx9_5: 5.783e-2 ",,,,,,,,,,,,,,
160,2021-01-12 10:46:00,10.0,4.944786761920661,53.33540896760485,47.83119730333331,0.03909999999999991,0.0022008229199908928,"cx10_4: 3.559e-2 , cx10_11: 2.721e-2 , cx10_9: 4.975e-2 ",,,,,,,,,,,,,,
161,2021-01-12 10:46:00,11.0,4.997425801113417,59.31202040507834,90.25631780779122,0.1927000000000001,0.0004071475790447734,"cx11_3: 3.112e-2 , cx11_12: 1.625e-2 , cx11_10: 2.721e-2 ",,,,,,,,,,,,,,
162,2021-01-12 10:46:00,12.0,4.76338147486661,73.77575853750064,67.1752604428999,0.09430000000000004,0.0005896189626551612,"cx12_2: 4.914e-2 , cx12_13: 2.168e-2 , cx12_11: 1.625e-2 ",,,,,,,,,,,,,,
163,2021-01-12 10:46:00,13.0,4.97429477627716,30.393998989826063,31.34267784581204,0.08109999999999995,0.002118092525562062,"cx13_14: 3.822e-2 , cx13_1: 4.882e-2 , cx13_12: 2.168e-2 ",,,,,,,,,,,,,,
164,2021-01-12 10:46:00,14.0,5.006787083277003,42.321364350237715,51.03046537014421,0.055199999999999916,0.0012627111609704882,"cx14_0: 2.255e-2 , cx14_13: 3.822e-2 ",,,,,,,,,,,,,,
165,2021-01-18 12:44:00,0.0,5.114859840009417,60.02091193242719,97.19196061471727,0.02790000000000004,0.00042387891687466,"cx0_14: 2.652e-2 , cx0_1: 1.767e-2 ",,,,,,,,,,,,,,
166,2021-01-18 12:44:00,1.0,5.235710925056903,56.37257759121753,58.89667117053286,0.09539999999999993,0.0010913570984888406,"cx1_13: 3.840e-2 , cx1_2: 9.985e-3 , cx1_0: 1.767e-2 ",,,,,,,,,,,,,,
167,2021-01-18 12:44:00,2.0,5.03846472137458,77.34641552553234,134.04536889501546,0.02529999999999999,0.0005302037126983121,"cx2_12: 4.856e-2 , cx2_3: 2.618e-2 , cx2_1: 9.985e-3 ",,,,,,,,,,,,,,
168,2021-01-18 12:44:00,3.0,4.894588634154709,63.86337204011453,17.119368000642506,0.05160000000000009,0.0005632652705651499,"cx3_11: 2.940e-2 , cx3_4: 1.593e-2 , cx3_2: 2.618e-2 ",,,,,,,,,,,,,,
169,2021-01-18 12:44:00,4.0,5.021578344330496,42.524733808245074,54.876935653736886,0.04590000000000005,0.0007522370861014687,"cx4_10: 3.756e-2 , cx4_5: 2.850e-2 , cx4_3: 1.593e-2 ",,,,,,,,,,,,,,
170,2021-01-18 12:44:00,5.0,5.073086002206782,20.983694865965134,31.255518203756857,0.05259999999999998,0.0032369797889488764,"cx5_9: 3.945e-2 , cx5_6: 5.720e-2 , cx5_4: 2.850e-2 ",,,,,,,,,,,,,,
171,2021-01-18 12:44:00,6.0,4.929436696205535,55.46696776125765,43.06435048641486,0.032399999999999984,0.0015382994162024956,"cx6_8: 2.370e-2 , cx6_5: 5.720e-2 ",,,,,,,,,,,,,,
172,2021-01-18 12:44:00,7.0,4.982615340699577,42.11992402014528,15.433245145388375,0.056200000000000035,0.0019111589572735114,cx7_8: 2.238e-2 ,,,,,,,,,,,,,,
173,2021-01-18 12:44:00,8.0,4.751548888384371,109.20056448302358,126.84963599133958,0.05820000000000002,0.000408212594969895,"cx8_6: 2.370e-2 , cx8_9: 2.943e-2 , cx8_7: 2.238e-2 ",,,,,,,,,,,,,,
174,2021-01-18 12:44:00,9.0,4.973450484464591,25.859131573977127,47.28519745504376,0.12470000000000005,0.002324490057047006,"cx9_5: 3.945e-2 , cx9_10: 4.518e-2 , cx9_8: 2.943e-2 ",,,,,,,,,,,,,,
175,2021-01-18 12:44:00,10.0,4.944789685712436,57.46488820650266,65.41519136003657,0.03920000000000001,0.002564630520593464,"cx10_4: 3.756e-2 , cx10_11: 2.992e-2 , cx10_9: 4.518e-2 ",,,,,,,,,,,,,,
176,2021-01-18 12:44:00,11.0,4.997432577764665,67.13458479281678,93.30554168091604,0.17710000000000006,0.00047352650832200324,"cx11_3: 2.940e-2 , cx11_12: 1.613e-2 , cx11_10: 2.992e-2 ",,,,,,,,,,,,,,
177,2021-01-18 12:44:00,12.0,4.7633833347159475,55.054449895011395,53.96470108762056,0.09830000000000004,0.0007722428670248089,"cx12_2: 4.856e-2 , cx12_13: 2.123e-2 , cx12_11: 1.613e-2 ",,,,,,,,,,,,,,
178,2021-01-18 12:44:00,13.0,4.974295129624767,30.810744205476585,32.54615151300782,0.08689999999999998,0.0020153772222885123,"cx13_14: 3.144e-2 , cx13_1: 3.840e-2 , cx13_12: 2.123e-2 ",,,,,,,,,,,,,,
179,2021-01-18 12:44:00,14.0,5.006792301479072,34.08681006715027,61.61586160542574,0.058400000000000014,0.0008555869297122179,"cx14_0: 2.652e-2 , cx14_13: 3.144e-2 ",,,,,,,,,,,,,,
180,2021-01-19 10:24:00,0.0,5.1148564130338565,60.63570260454149,109.61027596399737,0.03639999999999999,0.0004111918810078459,"cx0_14: 2.845e-2 , cx0_1: 1.881e-2 ",,,,,,,,,,,,,,
181,2021-01-19 10:24:00,1.0,5.235713586122091,55.19096195339715,57.810407863104714,0.08709999999999997,0.0007991151468568459,"cx1_13: 4.542e-2 , cx1_2: 1.151e-2 , cx1_0: 1.881e-2 ",,,,,,,,,,,,,,
182,2021-01-19 10:24:00,2.0,5.038463270599156,68.21937128692791,63.152831014808285,0.03110000000000002,0.0010929269935922923,"cx2_12: 7.653e-2 , cx2_3: 3.233e-2 , cx2_1: 1.151e-2 ",,,,,,,,,,,,,,
183,2021-01-19 10:24:00,3.0,4.894588801105853,56.740503983123006,16.358214956037973,0.0504,0.0010170154798371787,"cx3_11: 3.462e-2 , cx3_4: 3.265e-2 , cx3_2: 3.233e-2 ",,,,,,,,,,,,,,
184,2021-01-19 10:24:00,4.0,5.021574139869532,57.556812103258565,55.864766096454275,0.03679999999999994,0.0007303063837892657,"cx4_10: 4.256e-2 , cx4_5: 2.790e-2 , cx4_3: 3.265e-2 ",,,,,,,,,,,,,,
185,2021-01-19 10:24:00,5.0,5.0730869868381205,20.48481017149703,36.008704184338896,0.04220000000000002,0.0023093289958818807,"cx5_9: 3.612e-2 , cx5_6: 5.726e-2 , cx5_4: 2.790e-2 ",,,,,,,,,,,,,,
186,2021-01-19 10:24:00,6.0,4.929429053365887,44.49194519312293,42.549301693775504,0.028299999999999995,0.0020289750739011284,"cx6_8: 3.451e-2 , cx6_5: 5.726e-2 ",,,,,,,,,,,,,,
187,2021-01-19 10:24:00,7.0,4.9826198493188745,33.97397752753217,15.433245145388375,0.04349999999999998,0.002451151212346502,cx7_8: 2.655e-2 ,,,,,,,,,,,,,,
188,2021-01-19 10:24:00,8.0,4.751544385959086,101.09578076404988,146.15869051134143,0.08319999999999994,0.0004515763930803557,"cx8_6: 3.451e-2 , cx8_9: 2.087e-2 , cx8_7: 2.655e-2 ",,,,,,,,,,,,,,
189,2021-01-19 10:24:00,9.0,4.973445643688186,39.47971481877949,67.75198433826253,0.08010000000000006,0.0015130356011015368,"cx9_5: 3.612e-2 , cx9_10: 3.468e-2 , cx9_8: 2.087e-2 ",,,,,,,,,,,,,,
190,2021-01-19 10:24:00,10.0,4.944788455138215,63.48611470922015,78.8595953041161,0.030899999999999924,0.0021675930638537363,"cx10_4: 4.256e-2 , cx10_11: 2.613e-2 , cx10_9: 3.468e-2 ",,,,,,,,,,,,,,
191,2021-01-19 10:24:00,11.0,4.997421063709137,66.6519388737895,94.75537433345785,0.1827,0.000512831240323848,"cx11_3: 3.462e-2 , cx11_12: 1.530e-2 , cx11_10: 2.613e-2 ",,,,,,,,,,,,,,
192,2021-01-19 10:24:00,12.0,4.7633816867247285,67.6876043584955,58.401202874640035,0.09959999999999992,0.0012313557795710572,"cx12_2: 7.653e-2 , cx12_13: 2.336e-2 , cx12_11: 1.530e-2 ",,,,,,,,,,,,,,
193,2021-01-19 10:24:00,13.0,4.974293614934616,28.983019565873853,25.4289432993538,0.0837,0.002018173007216897,"cx13_14: 3.983e-2 , cx13_1: 4.542e-2 , cx13_12: 2.336e-2 ",,,,,,,,,,,,,,
194,2021-01-19 10:24:00,14.0,5.006789193274357,30.440559281529755,54.64020992643624,0.060200000000000024,0.0006504777690986016,"cx14_0: 2.845e-2 , cx14_13: 3.983e-2 ",,,,,,,,,,,,,,
195,2021-01-25 22:16:00,0.0,5.114858853097398,50.81589489291796,68.65269225699117,0.031299999999999994,0.0004555623362383512,"cx0_14: 2.249e-2 , cx0_1: 1.758e-2 ",,,,,,,,,,,,,,
196,2021-01-25 22:16:00,1.0,5.235719387688634,67.73771043260517,63.06863194539986,0.08719999999999994,0.0006840404788880112,"cx1_13: 4.039e-2 , cx1_2: 9.304e-3 , cx1_0: 1.758e-2 ",,,,,,,,,,,,,,
197,2021-01-25 22:16:00,2.0,5.03846327153004,59.75045257577109,77.24578420999158,0.02550000000000008,0.0004978520521043007,"cx2_12: 7.642e-2 , cx2_3: 4.108e-2 , cx2_1: 9.304e-3 ",,,,,,,,,,,,,,
198,2021-01-25 22:16:00,3.0,4.8945905907311325,66.21388462223544,8.049518594354904,0.0444,0.000790025088493768,"cx3_11: 5.103e-2 , cx3_4: 3.068e-2 , cx3_2: 4.108e-2 ",,,,,,,,,,,,,,
199,2021-01-25 22:16:00,4.0,5.021572347625941,72.17263937532898,73.52033820205068,0.06659999999999999,0.0007490956713053986,"cx4_10: 2.428e-2 , cx4_5: 3.182e-2 , cx4_3: 3.068e-2 ",,,,,,,,,,,,,,
200,2021-01-25 22:16:00,5.0,5.0730837861280635,20.291088437682358,36.51546107817491,0.05359999999999998,0.002876621403281603,"cx5_9: 3.580e-2 , cx5_6: 5.040e-2 , cx5_4: 3.182e-2 ",,,,,,,,,,,,,,
201,2021-01-25 22:16:00,6.0,4.929432016913029,67.80690275600608,68.29109686658231,0.03269999999999995,0.001776658748450546,"cx6_8: 2.223e-2 , cx6_5: 5.040e-2 ",,,,,,,,,,,,,,
202,2021-01-25 22:16:00,7.0,4.982614356713075,37.128983298619474,14.043319347453911,0.03920000000000001,0.001973431808248521,cx7_8: 3.112e-2 ,,,,,,,,,,,,,,
203,2021-01-25 22:16:00,8.0,4.751540037578321,93.76656001613836,116.63175075659402,0.05230000000000001,0.0009458313688916148,"cx8_6: 2.223e-2 , cx8_9: 3.919e-2 , cx8_7: 3.112e-2 ",,,,,,,,,,,,,,
204,2021-01-25 22:16:00,9.0,4.973446452300981,44.260252520022796,59.79988573970103,0.09340000000000004,0.0016811860201117212,"cx9_5: 3.580e-2 , cx9_10: 3.464e-2 , cx9_8: 3.919e-2 ",,,,,,,,,,,,,,
205,2021-01-25 22:16:00,10.0,4.94478804805112,59.690242461115005,62.61413749511838,0.041100000000000025,0.001631088270470384,"cx10_4: 2.428e-2 , cx10_11: 2.258e-2 , cx10_9: 3.464e-2 ",,,,,,,,,,,,,,
206,2021-01-25 22:16:00,11.0,4.997419484951004,65.65238400158597,87.6033128242474,0.1784,0.0005280408031155828,"cx11_3: 5.103e-2 , cx11_12: 1.658e-2 , cx11_10: 2.258e-2 ",,,,,,,,,,,,,,
207,2021-01-25 22:16:00,12.0,4.7633846699364195,67.98046190520047,58.198883653771105,0.10630000000000006,0.001007348933165546,"cx12_2: 7.642e-2 , cx12_13: 2.052e-2 , cx12_11: 1.658e-2 ",,,,,,,,,,,,,,
208,2021-01-25 22:16:00,13.0,4.97429361537584,30.369865880763612,28.221058393216094,0.08819999999999995,0.0018587060733104715,"cx13_14: 3.014e-2 , cx13_1: 4.039e-2 , cx13_12: 2.052e-2 ",,,,,,,,,,,,,,
209,2021-01-25 22:16:00,14.0,5.006792101037021,38.45060628577488,51.188332658081826,0.05820000000000002,0.0007929754018795915,"cx14_0: 2.249e-2 , cx14_13: 3.014e-2 ",,,,,,,,,,,,,,
210,2021-01-26 13:53:00,0.0,5.114856479015321,49.5351271168116,76.1672519656677,0.028599999999999962,0.00037498586549738284,"cx0_14: 2.330e-2 , cx0_1: 1.740e-2 ",,,,,,,,,,,,,,
211,2021-01-26 13:53:00,1.0,5.235714564781208,63.0056068053825,59.30189411870485,0.09129999999999994,0.0008042822679005662,"cx1_13: 4.813e-2 , cx1_2: 1.038e-2 , cx1_0: 1.740e-2 ",,,,,,,,,,,,,,
212,2021-01-26 13:53:00,2.0,5.0384637300617765,67.88156214871634,99.5027456974419,0.027100000000000013,0.0006570566655040224,"cx2_12: 9.108e-2 , cx2_3: 2.794e-2 , cx2_1: 1.038e-2 ",,,,,,,,,,,,,,
213,2021-01-26 13:53:00,3.0,4.894585901673345,73.96867450153863,17.190263382161238,0.05010000000000003,0.0006013230413266289,"cx3_11: 2.648e-2 , cx3_4: 1.766e-2 , cx3_2: 2.794e-2 ",,,,,,,,,,,,,,
214,2021-01-26 13:53:00,4.0,5.02157087257878,52.311125010421456,48.91323658376706,0.05459999999999998,0.0008366711626086919,"cx4_10: 3.079e-2 , cx4_5: 2.593e-2 , cx4_3: 1.766e-2 ",,,,,,,,,,,,,,
215,2021-01-26 13:53:00,5.0,5.073086897239996,20.625526243846622,36.825011629039565,0.043300000000000005,0.002446786151143597,"cx5_9: 3.228e-2 , cx5_6: 4.994e-2 , cx5_4: 2.593e-2 ",,,,,,,,,,,,,,
216,2021-01-26 13:53:00,6.0,4.92943564112134,60.54477843366828,71.06840793858694,0.09010000000000007,0.0012422003212566404,"cx6_8: 3.240e-2 , cx6_5: 4.994e-2 ",,,,,,,,,,,,,,
217,2021-01-26 13:53:00,7.0,4.98261524066002,37.96226103283643,13.2502870386958,0.0685,0.0018357778847684504,cx7_8: 2.726e-2 ,,,,,,,,,,,,,,
218,2021-01-26 13:53:00,8.0,4.751544154634535,63.3659415233434,76.33730420674421,0.1392,0.00037129376056829576,"cx8_6: 3.240e-2 , cx8_9: 2.729e-2 , cx8_7: 2.726e-2 ",,,,,,,,,,,,,,
219,2021-01-26 13:53:00,9.0,4.973447601543242,41.71735683864527,50.22881256401194,0.0797,0.0022426920334194748,"cx9_5: 3.228e-2 , cx9_10: 3.708e-2 , cx9_8: 2.729e-2 ",,,,,,,,,,,,,,
220,2021-01-26 13:53:00,10.0,4.944788162309691,60.81619140977397,65.39666822910142,0.03259999999999996,0.001990055369184346,"cx10_4: 3.079e-2 , cx10_11: 2.770e-2 , cx10_9: 3.708e-2 ",,,,,,,,,,,,,,
221,2021-01-26 13:53:00,11.0,4.9974173391978525,65.65238400158597,48.976330287065366,0.18189999999999995,0.0007021578300393665,"cx11_3: 2.648e-2 , cx11_12: 1.668e-2 , cx11_10: 2.770e-2 ",,,,,,,,,,,,,,
222,2021-01-26 13:53:00,12.0,4.763381234452099,75.01686685042253,59.613897117190845,0.11170000000000002,0.000728203280848127,"cx12_2: 9.108e-2 , cx12_13: 2.421e-2 , cx12_11: 1.668e-2 ",,,,,,,,,,,,,,
223,2021-01-26 13:53:00,13.0,4.9742974613187165,32.04509768654161,28.564550494156972,0.09040000000000004,0.0019998347618115702,"cx13_14: 4.436e-2 , cx13_1: 4.813e-2 , cx13_12: 2.421e-2 ",,,,,,,,,,,,,,
224,2021-01-26 13:53:00,14.0,5.006790037858079,38.45060628577488,39.50308951867984,0.059700000000000086,0.0009157344017771113,"cx14_0: 2.330e-2 , cx14_13: 4.436e-2 ",,,,,,,,,,,,,,
225,2021-01-28 23:30:00,0.0,5.114854408421635,62.24835477654428,109.72092329731623,0.03279999999999994,0.0005930633270520713,"cx0_14: 3.050e-2 , cx0_1: 2.045e-2 ",,,,,,,,,,,,,,
226,2021-01-28 23:30:00,1.0,5.235715564131083,54.74018225064437,62.082833881280784,0.0987,0.0009381941437600373,"cx1_13: 4.530e-2 , cx1_2: 9.939e-3 , cx1_0: 2.045e-2 ",,,,,,,,,,,,,,
227,2021-01-28 23:30:00,2.0,5.038464970922481,71.16405750637908,102.2917112181158,0.02740000000000009,0.0004909591859558588,"cx2_12: 4.867e-2 , cx2_3: 2.397e-2 , cx2_1: 9.939e-3 ",,,,,,,,,,,,,,
228,2021-01-28 23:30:00,3.0,4.89458257149166,64.39271522963747,17.30401797153155,0.04499999999999993,0.0005328824018177571,"cx3_11: 3.156e-2 , cx3_4: 1.862e-2 , cx3_2: 2.397e-2 ",,,,,,,,,,,,,,
229,2021-01-28 23:30:00,4.0,5.021572491562074,67.95706271043109,60.13775901142817,0.04259999999999997,0.0007740063957093171,"cx4_10: 3.140e-2 , cx4_5: 3.050e-2 , cx4_3: 1.862e-2 ",,,,,,,,,,,,,,
230,2021-01-28 23:30:00,5.0,5.0730843797643965,20.509905640156482,38.08024304348676,0.0464,0.0029958886142868986,"cx5_9: 3.888e-2 , cx5_6: 4.976e-2 , cx5_4: 3.050e-2 ",,,,,,,,,,,,,,
231,2021-01-28 23:30:00,6.0,4.92943474348876,53.65844942686525,57.06379523624886,0.028799999999999937,0.00173914677228924,"cx6_8: 2.586e-2 , cx6_5: 4.976e-2 ",,,,,,,,,,,,,,
232,2021-01-28 23:30:00,7.0,4.982609177098606,40.33458975560207,14.316082778424851,0.0895999999999999,0.0017529699691422262,cx7_8: 2.577e-2 ,,,,,,,,,,,,,,
233,2021-01-28 23:30:00,8.0,4.751548182077343,102.35737577304194,127.65549914640613,0.05410000000000004,0.0008834171497751533,"cx8_6: 2.586e-2 , cx8_9: 2.630e-2 , cx8_7: 2.577e-2 ",,,,,,,,,,,,,,
234,2021-01-28 23:30:00,9.0,4.9734444932014314,26.18686118801709,58.282554550672636,0.0754999999999999,0.001940413257332716,"cx9_5: 3.888e-2 , cx9_10: 5.160e-2 , cx9_8: 2.630e-2 ",,,,,,,,,,,,,,
235,2021-01-28 23:30:00,10.0,4.944788041582263,52.48424444761652,72.97024950323734,0.04180000000000006,0.0018216458874567372,"cx10_4: 3.140e-2 , cx10_11: 2.889e-2 , cx10_9: 5.160e-2 ",,,,,,,,,,,,,,
236,2021-01-28 23:30:00,11.0,4.9974263353210215,57.91535303050686,49.50655943670805,0.1734,0.0005212551475514034,"cx11_3: 3.156e-2 , cx11_12: 3.158e-2 , cx11_10: 2.889e-2 ",,,,,,,,,,,,,,
237,2021-01-28 23:30:00,12.0,4.763387309298538,60.67819476207673,46.787974262990474,0.1019,0.0012592883007749498,"cx12_2: 4.867e-2 , cx12_13: 3.238e-2 , cx12_11: 3.158e-2 ",,,,,,,,,,,,,,
238,2021-01-28 23:30:00,13.0,4.9742934154131,32.94365441946344,33.955259280921695,0.09699999999999998,0.0020711831403300747,"cx13_14: 2.992e-2 , cx13_1: 4.530e-2 , cx13_12: 3.238e-2 ",,,,,,,,,,,,,,
239,2021-01-28 23:30:00,14.0,5.006794851063389,41.58138157550624,59.55063524383048,0.09139999999999993,0.000652658840166484,"cx14_0: 3.050e-2 , cx14_13: 2.992e-2 ",,,,,,,,,,,,,,
240,2021-02-03 10:25:00,0.0,5.11485800710502,58.448040491237094,102.27080282869116,0.03310000000000002,0.0003990141438722447,"cx0_14: 2.226e-2 , cx0_1: 1.902e-2 ",,,,,,,,,,,,,,
241,2021-02-03 10:25:00,1.0,5.235715148161382,51.53181579969999,57.08159759014353,0.07840000000000003,0.0009049025413835104,"cx1_13: 5.633e-2 , cx1_2: 1.148e-2 , cx1_0: 1.902e-2 ",,,,,,,,,,,,,,
242,2021-02-03 10:25:00,2.0,5.038464630856602,64.46174643981529,88.20916068412973,0.033600000000000074,0.0006400833371243339,"cx2_12: 4.704e-2 , cx2_3: 2.098e-2 , cx2_1: 1.148e-2 ",,,,,,,,,,,,,,
243,2021-02-03 10:25:00,3.0,4.894581811157791,70.5318965465847,16.993101946030418,0.046300000000000015,0.0005211569533995696,"cx3_11: 2.858e-2 , cx3_4: 1.761e-2 , cx3_2: 2.098e-2 ",,,,,,,,,,,,,,
244,2021-02-03 10:25:00,4.0,5.0215755573904435,49.65698299479091,55.92442944143241,0.08129999999999993,0.0006497450872771831,"cx4_10: 3.116e-2 , cx4_5: 2.859e-2 , cx4_3: 1.761e-2 ",,,,,,,,,,,,,,
245,2021-02-03 10:25:00,5.0,5.073086491981705,20.068614886386708,36.365451967956524,0.0544,0.0027057684605313486,"cx5_9: 3.455e-2 , cx5_6: 4.805e-2 , cx5_4: 2.859e-2 ",,,,,,,,,,,,,,
246,2021-02-03 10:25:00,6.0,4.929433084167776,65.30306255926814,82.29994469225446,0.028000000000000025,0.00129155600385239,"cx6_8: 2.224e-2 , cx6_5: 4.805e-2 ",,,,,,,,,,,,,,
247,2021-02-03 10:25:00,7.0,4.982613513083085,33.10624252504525,14.707881634968315,0.0413,0.0023832115939973445,cx7_8: 2.097e-2 ,,,,,,,,,,,,,,
248,2021-02-03 10:25:00,8.0,4.7515463285869055,103.47360086658323,137.24099054694622,0.05699999999999994,0.000570455532036759,"cx8_6: 2.224e-2 , cx8_9: 2.458e-2 , cx8_7: 2.097e-2 ",,,,,,,,,,,,,,
249,2021-02-03 10:25:00,9.0,4.973446681804845,48.69897136365128,65.8381545180157,0.07840000000000003,0.001536832404635131,"cx9_5: 3.455e-2 , cx9_10: 3.618e-2 , cx9_8: 2.458e-2 ",,,,,,,,,,,,,,
250,2021-02-03 10:25:00,10.0,4.944789723836406,62.25843833808361,66.62655117430303,0.03400000000000003,0.0018672873542646753,"cx10_4: 3.116e-2 , cx10_11: 2.280e-2 , cx10_9: 3.618e-2 ",,,,,,,,,,,,,,
251,2021-02-03 10:25:00,11.0,4.997420940985787,56.39228535423211,80.94597415026784,0.1858,0.0005882039772621031,"cx11_3: 2.858e-2 , cx11_12: 1.587e-2 , cx11_10: 2.280e-2 ",,,,,,,,,,,,,,
252,2021-02-03 10:25:00,12.0,4.763384317273634,67.63656709696559,59.637033420402176,0.10230000000000006,0.0006278331250895192,"cx12_2: 4.704e-2 , cx12_13: 2.211e-2 , cx12_11: 1.587e-2 ",,,,,,,,,,,,,,
253,2021-02-03 10:25:00,13.0,4.974295406737859,31.436109131629664,29.365893311971032,0.11329999999999996,0.0022464899774792494,"cx13_14: 3.681e-2 , cx13_1: 5.633e-2 , cx13_12: 2.211e-2 ",,,,,,,,,,,,,,
254,2021-02-03 10:25:00,14.0,5.006791026028978,35.13957657725662,48.011599072799775,0.054499999999999986,0.0008048393395135408,"cx14_0: 2.226e-2 , cx14_13: 3.681e-2 ",,,,,,,,,,,,,,
255,2021-02-10 09:05:00,0.0,5.114857681823201,71.6323023898875,111.84895138002165,0.035700000000000065,0.0005110716151467503,"cx0_14: 2.509e-2 , cx0_1: 1.652e-2 ",,,,,,,,,,,,,,
256,2021-02-10 09:05:00,1.0,5.23571955953887,63.41418655628211,57.694190271246214,0.07450000000000001,0.0012031290789081795,"cx1_13: 4.141e-2 , cx1_2: 1.068e-2 , cx1_0: 1.652e-2 ",,,,,,,,,,,,,,
257,2021-02-10 09:05:00,2.0,5.0384626193369035,67.67628192916696,92.53261995708604,0.023299999999999987,0.00046225183556276086,"cx2_12: 4.791e-2 , cx2_3: 2.195e-2 , cx2_1: 1.068e-2 ",,,,,,,,,,,,,,
258,2021-02-10 09:05:00,3.0,4.8945837491164585,65.2444366916607,16.006382626850108,0.051099999999999916,0.0005954572137931813,"cx3_11: 4.778e-2 , cx3_4: 1.757e-2 , cx3_2: 2.195e-2 ",,,,,,,,,,,,,,
259,2021-02-10 09:05:00,4.0,5.02157505864204,69.33801546797211,64.31303472799233,0.05679999999999996,0.004269257771488174,"cx4_10: 3.474e-2 , cx4_5: 2.619e-2 , cx4_3: 1.757e-2 ",,,,,,,,,,,,,,
260,2021-02-10 09:05:00,5.0,5.073087091270606,19.396213906751512,35.63122944901915,0.047199999999999916,0.002296910068415506,"cx5_9: 3.102e-2 , cx5_6: 4.904e-2 , cx5_4: 2.619e-2 ",,,,,,,,,,,,,,
261,2021-02-10 09:05:00,6.0,4.929434562342099,65.99126534680192,58.30901399296617,0.029200000000000007,0.0014646272024717562,"cx6_8: 2.729e-2 , cx6_5: 4.904e-2 ",,,,,,,,,,,,,,
262,2021-02-10 09:05:00,7.0,4.982618155372056,26.734689312977647,13.411045781455414,0.06420000000000002,0.002571888725404885,cx7_8: 2.965e-2 ,,,,,,,,,,,,,,
263,2021-02-10 09:05:00,8.0,4.751544856053878,127.37530421481148,168.69964364851808,0.050200000000000015,0.0003381024029167896,"cx8_6: 2.729e-2 , cx8_9: 2.336e-2 , cx8_7: 2.965e-2 ",,,,,,,,,,,,,,
264,2021-02-10 09:05:00,9.0,4.973446961672539,46.79640166880601,43.20007013150929,0.08790000000000009,0.0014931528781596942,"cx9_5: 3.102e-2 , cx9_10: 3.679e-2 , cx9_8: 2.336e-2 ",,,,,,,,,,,,,,
265,2021-02-10 09:05:00,10.0,4.9447896402424965,52.50098666612438,67.6496792059856,0.047300000000000016,0.0017772406158655942,"cx10_4: 3.474e-2 , cx10_11: 3.849e-2 , cx10_9: 3.679e-2 ",,,,,,,,,,,,,,
266,2021-02-10 09:05:00,11.0,4.997411747369662,61.08527966533917,41.697566272499216,0.1883,0.0008011244962701961,"cx11_3: 4.778e-2 , cx11_12: 2.651e-2 , cx11_10: 3.849e-2 ",,,,,,,,,,,,,,
267,2021-02-10 09:05:00,12.0,4.763381653630621,74.46282614610234,61.400411926398675,0.1088,0.0008116803992247178,"cx12_2: 4.791e-2 , cx12_13: 2.457e-2 , cx12_11: 2.651e-2 ",,,,,,,,,,,,,,
268,2021-02-10 09:05:00,13.0,4.974294269370506,32.72895175820459,22.4400081097821,0.0897,0.002671182474400299,"cx13_14: 2.912e-2 , cx13_1: 4.141e-2 , cx13_12: 2.457e-2 ",,,,,,,,,,,,,,
269,2021-02-10 09:05:00,14.0,5.006795973894759,44.463831473615535,59.16743627622189,0.07169999999999999,0.0007336119527703896,"cx14_0: 2.509e-2 , cx14_13: 2.912e-2 ",,,,,,,,,,,,,,
270,2021-02-15 14:00:00,0.0,5.114857504640674,71.44540515610126,98.82250207906401,0.054200000000000026,0.00039952583743844153,"cx0_14: 2.494e-2 , cx0_1: 1.720e-2 ",,,,,,,,,,,,,,
271,2021-02-15 14:00:00,1.0,5.235718478944988,57.2977024846422,55.511556183016204,0.03749999999999998,0.000746248601626464,"cx1_13: 5.028e-2 , cx1_2: 9.162e-3 , cx1_0: 1.720e-2 ",,,,,,,,,,,,,,
272,2021-02-15 14:00:00,2.0,5.038462872289758,70.6310840097242,93.89166742572864,0.03510000000000002,0.0004481601761339624,"cx2_12: 6.062e-2 , cx2_3: 2.250e-2 , cx2_1: 9.162e-3 ",,,,,,,,,,,,,,
273,2021-02-15 14:00:00,3.0,4.894586344034597,79.35420803082354,15.355244553284342,0.08379999999999999,0.0004605713328020913,"cx3_11: 6.446e-2 , cx3_4: 1.908e-2 , cx3_2: 2.250e-2 ",,,,,,,,,,,,,,
274,2021-02-15 14:00:00,4.0,5.021572601417104,66.60902234245754,64.0150741267933,0.09750000000000003,0.0007418393135302956,"cx4_10: 3.784e-2 , cx4_5: 3.937e-2 , cx4_3: 1.908e-2 ",,,,,,,,,,,,,,
275,2021-02-15 14:00:00,5.0,5.07308743953334,21.46538064632482,36.87837318361433,0.057299999999999914,0.0027009091731787518,"cx5_9: 4.357e-2 , cx5_6: 6.096e-2 , cx5_4: 3.937e-2 ",,,,,,,,,,,,,,
276,2021-02-15 14:00:00,6.0,4.929451929339393,56.121566517934895,63.64931988712822,0.03790000000000005,0.0011212685716441818,"cx6_8: 2.695e-2 , cx6_5: 6.096e-2 ",,,,,,,,,,,,,,
277,2021-02-15 14:00:00,7.0,4.9826194490736775,38.84656161409278,13.830218466965942,0.05659999999999999,0.002246131530651429,cx7_8: 2.402e-2 ,,,,,,,,,,,,,,
278,2021-02-15 14:00:00,8.0,4.7515415997205785,101.17163702000263,111.56976974696087,0.05820000000000002,0.0005938673677216507,"cx8_6: 2.695e-2 , cx8_9: 2.425e-2 , cx8_7: 2.402e-2 ",,,,,,,,,,,,,,
279,2021-02-15 14:00:00,9.0,4.973445011380678,42.746805098136996,77.67664021094639,0.10329999999999996,0.0019142584774225172,"cx9_5: 4.357e-2 , cx9_10: 3.852e-2 , cx9_8: 2.425e-2 ",,,,,,,,,,,,,,
280,2021-02-15 14:00:00,10.0,4.944794022596998,62.45890089366944,47.23918703508091,0.04190000000000005,0.0036128880667884345,"cx10_4: 3.784e-2 , cx10_11: 6.799e-2 , cx10_9: 3.852e-2 ",,,,,,,,,,,,,,
281,2021-02-15 14:00:00,11.0,4.997411096324937,26.729894917317022,53.05469109725208,0.19510000000000005,0.0020173410863458933,"cx11_3: 6.446e-2 , cx11_12: 3.999e-2 , cx11_10: 6.799e-2 ",,,,,,,,,,,,,,
282,2021-02-15 14:00:00,12.0,4.763384917475081,62.12396652688923,50.11714583177785,0.11909999999999997,0.0007336204191420859,"cx12_2: 6.062e-2 , cx12_13: 2.391e-2 , cx12_11: 3.999e-2 ",,,,,,,,,,,,,,
283,2021-02-15 14:00:00,13.0,4.974293419934886,30.174257366949114,31.0232513409066,0.10020000000000008,0.002194809652469461,"cx13_14: 3.294e-2 , cx13_1: 5.028e-2 , cx13_12: 2.391e-2 ",,,,,,,,,,,,,,
284,2021-02-15 14:00:00,14.0,5.006791705605932,45.786812882812406,53.903550023416535,0.08550000000000002,0.0008676585849399607,"cx14_0: 2.494e-2 , cx14_13: 3.294e-2 ",,,,,,,,,,,,,,
285,2021-02-18 14:25:00,0.0,5.114856822234827,58.10867021069316,67.32571071160703,0.03200000000000003,0.00044065559835296903,"cx0_14: 2.646e-2 , cx0_1: 1.718e-2 ",,,,,,,,,,,,,,
286,2021-02-18 14:25:00,1.0,5.235720118344202,59.24789640464991,55.255104196489526,0.03859999999999997,0.0007355946240291232,"cx1_13: 4.285e-2 , cx1_2: 1.148e-2 , cx1_0: 1.718e-2 ",,,,,,,,,,,,,,
287,2021-02-18 14:25:00,2.0,5.038462104663887,75.06759071512549,64.95856704411847,0.03790000000000005,0.0006654986516579073,"cx2_12: 5.131e-2 , cx2_3: 2.974e-2 , cx2_1: 1.148e-2 ",,,,,,,,,,,,,,
288,2021-02-18 14:25:00,3.0,4.894588754610643,63.18866000998986,16.251910733113956,0.09240000000000004,0.0005368586578448753,"cx3_11: 4.902e-2 , cx3_4: 2.720e-2 , cx3_2: 2.974e-2 ",,,,,,,,,,,,,,
289,2021-02-18 14:25:00,4.0,5.021575517504324,51.10923913092481,38.82579489719447,0.04259999999999997,0.0013323511065152366,"cx4_10: 4.406e-2 , cx4_5: 3.790e-2 , cx4_3: 2.720e-2 ",,,,,,,,,,,,,,
290,2021-02-18 14:25:00,5.0,5.073098691005286,19.632368438913968,32.596909231244716,0.048000000000000036,0.002807082964321809,"cx5_9: 3.257e-2 , cx5_6: 5.031e-2 , cx5_4: 3.790e-2 ",,,,,,,,,,,,,,
291,2021-02-18 14:25:00,6.0,4.929450194839292,65.96593390238482,60.439354517965576,0.04760000000000009,0.0016826102877698945,"cx6_8: 2.459e-2 , cx6_5: 5.031e-2 ",,,,,,,,,,,,,,
292,2021-02-18 14:25:00,7.0,4.98261732765234,41.072706915279134,15.462064376820415,0.05059999999999998,0.0020068065232839863,cx7_8: 2.312e-2 ,,,,,,,,,,,,,,
293,2021-02-18 14:25:00,8.0,4.75154441269558,109.81693123026659,134.53988636556403,0.07369999999999999,0.0005404463837581486,"cx8_6: 2.459e-2 , cx8_9: 1.835e-2 , cx8_7: 2.312e-2 ",,,,,,,,,,,,,,
294,2021-02-18 14:25:00,9.0,4.973447478549219,44.65759915440097,56.10188379262144,0.07840000000000003,0.001918340633836836,"cx9_5: 3.257e-2 , cx9_10: 3.209e-2 , cx9_8: 1.835e-2 ",,,,,,,,,,,,,,
295,2021-02-18 14:25:00,10.0,4.944791259110919,53.205379785132884,54.08566682230461,0.031600000000000066,0.0015842453792541454,"cx10_4: 4.406e-2 , cx10_11: 3.059e-2 , cx10_9: 3.209e-2 ",,,,,,,,,,,,,,
296,2021-02-18 14:25:00,11.0,4.997426173664187,42.3666008923985,50.94295750478387,0.17979999999999996,0.0006790125412544003,"cx11_3: 4.902e-2 , cx11_12: 2.373e-2 , cx11_10: 3.059e-2 ",,,,,,,,,,,,,,
297,2021-02-18 14:25:00,12.0,4.7633817664333415,49.20419746613942,19.23162493172809,0.12229999999999995,0.0006674697008754527,"cx12_2: 5.131e-2 , cx12_13: 2.342e-2 , cx12_11: 2.373e-2 ",,,,,,,,,,,,,,
298,2021-02-18 14:25:00,13.0,4.974292503664478,29.17717550076497,26.856603690996216,0.11409999999999998,0.002367431171751438,"cx13_14: 3.254e-2 , cx13_1: 4.285e-2 , cx13_12: 2.342e-2 ",,,,,,,,,,,,,,
299,2021-02-18 14:25:00,14.0,5.006790380197493,43.31449290958467,51.893530753521844,0.08430000000000004,0.0007758157985966388,"cx14_0: 2.646e-2 , cx14_13: 3.254e-2 ",,,,,,,,,,,,,,
300,2021-03-04 19:25:00,,5.114619246052004,56.49444615641734,67.336035607875,,,"cx0_14: 2.796e-2 , cx0_1: 2.736e-2 ",0.024699999999999944,0.0006792451701278247,,,,,,,,,,,,
301,2021-03-04 19:25:00,1.0,5.234951125546597,55.13110358330565,46.52819423659878,,,"cx1_13: 4.856e-2 , cx1_2: 2.618e-2 , cx1_0: 2.736e-2 ",0.04020000000000002,0.000665667010644767,,,,,,,,,,,,
302,2021-03-04 19:25:00,2.0,5.038581446960542,58.5872715022985,74.24488396633217,,,"cx2_12: 4.949e-2 , cx2_3: 5.569e-2 , cx2_1: 2.618e-2 ",0.05030000000000001,0.001835385203843627,,,,,,,,,,,,
303,2021-03-04 19:25:00,3.0,4.894447671731191,63.53204925970922,18.40292680519652,,,"cx3_11: 4.301e-2 , cx3_4: 2.105e-2 , cx3_2: 5.569e-2 ",0.051900000000000064,0.0005512121851417731,,,,,,,,,,,,
304,2021-03-04 19:25:00,4.0,5.022100830442332,59.45606165637757,21.895480358167433,,,"cx4_10: 5.430e-2 , cx4_5: 4.735e-2 , cx4_3: 2.105e-2 ",0.0504,0.0009578200256051695,,,,,,,,,,,,
305,2021-03-04 19:25:00,5.0,5.073232332700174,19.80522312141525,35.99238116110197,,,"cx5_9: 3.584e-2 , cx5_6: 6.241e-2 , cx5_4: 4.735e-2 ",0.08210000000000006,0.0029461588468739567,,,,,,,,,,,,
306,2021-03-04 19:25:00,6.0,4.929458564172696,64.01196165121233,68.1722621951599,,,"cx6_8: 5.712e-2 , cx6_5: 6.241e-2 ",0.05010000000000003,0.002388835777312873,,,,,,,,,,,,
307,2021-03-04 19:25:00,7.0,4.9832490042611095,36.65856830625187,18.33840865701449,,,cx7_8: 5.001e-2 ,0.051099999999999916,0.002802649570031565,,,,,,,,,,,,
308,2021-03-04 19:25:00,8.0,4.751436604627601,100.92267041771142,97.04739925052381,,,"cx8_6: 5.712e-2 , cx8_9: 2.492e-2 , cx8_7: 5.001e-2 ",0.029700000000000063,0.0004106770842608475,,,,,,,,,,,,
309,2021-03-04 19:25:00,9.0,4.973518182623613,40.47707460278061,56.22747496323609,,,"cx9_5: 3.584e-2 , cx9_10: 3.376e-2 , cx9_8: 2.492e-2 ",0.0373,0.0017172638809468835,,,,,,,,,,,,
310,2021-03-04 19:25:00,10.0,4.944706305093917,57.906107725106104,55.81258327740615,,,"cx10_4: 5.430e-2 , cx10_11: 2.262e-2 , cx10_9: 3.376e-2 ",0.044599999999999966,0.0016548808129899786,,,,,,,,,,,,
311,2021-03-04 19:25:00,11.0,4.997486212404691,62.755920139467754,79.28570737359586,,,"cx11_3: 4.301e-2 , cx11_12: 1.745e-2 , cx11_10: 2.262e-2 ",0.035900000000000036,0.0005655427035522322,,,,,,,,,,,,
312,2021-03-04 19:25:00,12.0,4.763632574065442,53.24143822979953,49.3896429737767,,,"cx12_2: 4.949e-2 , cx12_13: 2.630e-2 , cx12_11: 1.745e-2 ",0.045299999999999896,0.0009443176509213963,,,,,,,,,,,,
313,2021-03-04 19:25:00,13.0,4.973581334116869,28.30131548967139,32.793290055129525,,,"cx13_14: 4.508e-2 , cx13_1: 4.856e-2 , cx13_12: 2.630e-2 ",0.05330000000000002,0.002605860309836179,,,,,,,,,,,,
314,2021-03-04 19:25:00,14.0,5.007492115120369,35.88515653898682,43.412406587755925,,,"cx14_0: 2.796e-2 , cx14_13: 4.508e-2 ",0.058599999999999985,0.0008292340126875213,,,,,,,,,,,,
315,2021-03-05 12:30:00,,5.114624530830922,61.58417191722632,94.5207861254945,,,"cx0_14: 3.385e-2 , cx0_1: 1.479e-2 ",0.031099999999999905,0.0004374626981896897,,,,,,,,,,,,
316,2021-03-05 12:30:00,1.0,5.234944196735876,54.48236653364131,44.488454552556924,,,"cx1_13: 4.892e-2 , cx1_2: 1.773e-2 , cx1_0: 1.479e-2 ",0.04910000000000003,0.000733082100501625,,,,,,,,,,,,
317,2021-03-05 12:30:00,2.0,5.038402306883229,57.757938325288016,67.30309460324942,,,"cx2_12: 5.376e-2 , cx2_3: 2.694e-2 , cx2_1: 1.773e-2 ",0.03500000000000003,0.0006586987897887912,,,,,,,,,,,,
318,2021-03-05 12:30:00,3.0,4.894445970744331,76.02535734182561,18.698302625796853,,,"cx3_11: 3.099e-2 , cx3_4: 2.179e-2 , cx3_2: 2.694e-2 ",0.08960000000000001,0.0005238590481047144,,,,,,,,,,,,
319,2021-03-05 12:30:00,4.0,5.02208954030622,55.93684394596297,53.85565883617345,,,"cx4_10: 4.619e-2 , cx4_5: 3.148e-2 , cx4_3: 2.179e-2 ",0.057700000000000085,0.0008096672765524238,,,,,,,,,,,,
320,2021-03-05 12:30:00,5.0,5.073232879510865,21.457382712693878,34.903284472542836,,,"cx5_9: 3.497e-2 , cx5_6: 4.913e-2 , cx5_4: 3.148e-2 ",0.059300000000000026,0.002563439605295149,,,,,,,,,,,,
321,2021-03-05 12:30:00,6.0,4.9294628910203375,80.15260496595167,90.18879064861628,,,"cx6_8: 4.135e-2 , cx6_5: 4.913e-2 ",0.1957,0.0009846820193669008,,,,,,,,,,,,
322,2021-03-05 12:30:00,7.0,4.9832407409957895,32.022114212459286,21.690878025262872,,,cx7_8: 4.292e-2 ,0.04569999999999996,0.002286175067840753,,,,,,,,,,,,
323,2021-03-05 12:30:00,8.0,4.751439136392351,100.92267041771142,97.04739925052381,,,"cx8_6: 4.135e-2 , cx8_9: 3.445e-2 , cx8_7: 4.292e-2 ",0.04699999999999993,0.000590099977138869,,,,,,,,,,,,
324,2021-03-05 12:30:00,9.0,4.973518958093688,42.39670040760293,55.06072515375601,,,"cx9_5: 3.497e-2 , cx9_10: 3.120e-2 , cx9_8: 3.445e-2 ",0.044499999999999984,0.002225573072175154,,,,,,,,,,,,
325,2021-03-05 12:30:00,10.0,4.944699415492491,57.906107725106104,45.54727684528074,,,"cx10_4: 4.619e-2 , cx10_11: 2.075e-2 , cx10_9: 3.120e-2 ",0.04780000000000007,0.0012831286364441742,,,,,,,,,,,,
326,2021-03-05 12:30:00,11.0,4.997491167014906,62.755920139467754,80.35046009388294,,,"cx11_3: 3.099e-2 , cx11_12: 1.462e-2 , cx11_10: 2.075e-2 ",0.046300000000000015,0.0005604161390092919,,,,,,,,,,,,
327,2021-03-05 12:30:00,12.0,4.763631819556077,75.03007218252681,67.90680415924172,,,"cx12_2: 5.376e-2 , cx12_13: 3.628e-2 , cx12_11: 1.462e-2 ",0.038799999999999946,0.0008366554424001593,,,,,,,,,,,,
328,2021-03-05 12:30:00,13.0,4.973578703967166,23.274521246811005,27.1850451649953,,,"cx13_14: 3.709e-2 , cx13_1: 4.892e-2 , cx13_12: 3.628e-2 ",0.08220000000000005,0.003935295183810371,,,,,,,,,,,,
329,2021-03-05 12:30:00,14.0,5.007488750447422,39.65858090855529,39.52310948400228,,,"cx14_0: 3.385e-2 , cx14_13: 3.709e-2 ",0.07269999999999999,0.0007536799203297825,,,,,,,,,,,,
330,2021-03-08 10:55:00,,5.11462223448076,55.20592867427359,59.13855031205218,,,"cx0_14: 2.968e-2 , cx0_1: 2.591e-2 ",0.03269999999999995,0.00047786816634023027,,,,,,,,,,,,
331,2021-03-08 10:55:00,1.0,5.234937021252021,41.617693355827434,26.440183029327034,,,"cx1_13: 4.017e-2 , cx1_2: 2.131e-2 , cx1_0: 2.591e-2 ",0.0484,0.0010613325257525716,,,,,,,,,,,,
332,2021-03-08 10:55:00,2.0,5.0383628138897105,64.17329495950707,78.3068158784903,,,"cx2_12: 4.078e-2 , cx2_3: 2.170e-2 , cx2_1: 2.131e-2 ",0.05410000000000004,0.000637621636359821,,,,,,,,,,,,
333,2021-03-08 10:55:00,3.0,4.894442378726019,62.68137334438448,18.98443777402966,,,"cx3_11: 2.906e-2 , cx3_4: 1.873e-2 , cx3_2: 2.170e-2 ",0.049699999999999966,0.0004591255563783122,,,,,,,,,,,,
334,2021-03-08 10:55:00,4.0,5.022094922727897,64.8648515562664,68.14005196603992,,,"cx4_10: 3.052e-2 , cx4_5: 3.404e-2 , cx4_3: 1.873e-2 ",0.046899999999999935,0.0010961881309804096,,,,,,,,,,,,
335,2021-03-08 10:55:00,5.0,5.073225679955457,21.294647717187893,30.649484943065147,,,"cx5_9: 3.957e-2 , cx5_6: 7.127e-2 , cx5_4: 3.404e-2 ",0.05030000000000001,0.0031561735098078287,,,,,,,,,,,,
336,2021-03-08 10:55:00,6.0,4.9294622874111935,70.92420602763441,81.92986087098042,,,"cx6_8: 2.054e-2 , cx6_5: 7.127e-2 ",0.032399999999999984,0.0009026105234056263,,,,,,,,,,,,
337,2021-03-08 10:55:00,7.0,4.983245864894236,37.76844639660259,24.97966931800879,,,cx7_8: 2.564e-2 ,0.032499999999999966,0.0017971162831601922,,,,,,,,,,,,
338,2021-03-08 10:55:00,8.0,4.751432104197863,125.23115876713159,75.50555525772187,,,"cx8_6: 2.054e-2 , cx8_9: 2.608e-2 , cx8_7: 2.564e-2 ",0.03600000000000003,0.0005482485309690018,,,,,,,,,,,,
339,2021-03-08 10:55:00,9.0,4.973516531968263,44.73638848881082,58.82210437556295,,,"cx9_5: 3.957e-2 , cx9_10: 3.113e-2 , cx9_8: 2.608e-2 ",0.07400000000000008,0.0017452892901078179,,,,,,,,,,,,
340,2021-03-08 10:55:00,10.0,4.944699240495134,45.277593275961344,49.35197288338941,,,"cx10_4: 3.052e-2 , cx10_11: 2.389e-2 , cx10_9: 3.113e-2 ",0.031000000000000024,0.0012709850616369645,,,,,,,,,,,,
341,2021-03-08 10:55:00,11.0,4.997444439955308,62.755920139467754,58.41747039849854,,,"cx11_3: 2.906e-2 , cx11_12: 4.841e-2 , cx11_10: 2.389e-2 ",0.03770000000000007,0.000618793078611682,,,,,,,,,,,,
342,2021-03-08 10:55:00,12.0,4.763652843552223,23.028260762255503,34.6242488819026,,,"cx12_2: 4.078e-2 , cx12_13: 8.009e-2 , cx12_11: 4.841e-2 ",0.1867000000000001,0.0020902970206483204,,,,,,,,,,,,
343,2021-03-08 10:55:00,13.0,4.973582478892575,28.415057283729208,25.563615430523626,,,"cx13_14: 3.548e-2 , cx13_1: 4.017e-2 , cx13_12: 8.009e-2 ",0.06869999999999997,0.002343791974143349,,,,,,,,,,,,
344,2021-03-08 10:55:00,14.0,5.007390973000049,41.46371054917019,51.77528280717282,,,"cx14_0: 2.968e-2 , cx14_13: 3.548e-2 ",0.0916,0.0008885416970124953,,,,,,,,,,,,
345,2021-03-10 09:17:00,,5.114624294958494,70.33068796386655,79.08868413482334,,,"cx0_14: 2.921e-2 , cx0_1: 2.059e-2 ",0.027699999999999947,0.00047578760183430215,0.00047578760183430215,,,,,,,,,,,
346,2021-03-10 09:17:00,1.0,5.2349569330303165,49.40826355579807,39.683092616257795,,,"cx1_13: 4.989e-2 , cx1_2: 1.380e-2 , cx1_0: 2.059e-2 ",0.043099999999999916,0.0009586278416371523,0.0009586278416371523,,,,,,,,,,,
347,2021-03-10 09:17:00,2.0,5.0383494737466865,83.16076169943373,93.28894248423815,,,"cx2_12: 3.836e-2 , cx2_3: 2.217e-2 , cx2_1: 1.380e-2 ",0.035699999999999954,0.000563826522854199,0.000563826522854199,,,,,,,,,,,
348,2021-03-10 09:17:00,3.0,4.894443905465863,70.70898322909275,18.266800503640017,,,"cx3_11: 3.857e-2 , cx3_4: 1.789e-2 , cx3_2: 2.217e-2 ",0.05030000000000001,0.0004901337538031267,0.0004901337538031267,,,,,,,,,,,
349,2021-03-10 09:17:00,4.0,5.02209831339022,57.52976246066351,71.8406287164137,,,"cx4_10: 2.626e-2 , cx4_5: 2.807e-2 , cx4_3: 1.789e-2 ",0.0475000000000001,0.0008692055886591188,0.0008692055886591188,,,,,,,,,,,
350,2021-03-10 09:17:00,5.0,5.07322842865586,21.581075169525857,33.372946065586106,,,"cx5_9: 4.214e-2 , cx5_6: 4.925e-2 , cx5_4: 2.807e-2 ",0.04180000000000006,0.0026728627090696127,0.0026728627090696127,,,,,,,,,,,
351,2021-03-10 09:17:00,6.0,4.929462480383848,80.22799082475136,95.04795257896852,,,"cx6_8: 2.053e-2 , cx6_5: 4.925e-2 ",0.04200000000000004,0.0009425476204188428,0.0009425476204188428,,,,,,,,,,,
352,2021-03-10 09:17:00,7.0,4.98324443957775,40.47255191819753,25.298401826525,,,cx7_8: 2.331e-2 ,0.040699999999999965,0.001851374560332113,0.001851374560332113,,,,,,,,,,,
353,2021-03-10 09:17:00,8.0,4.751433540553678,111.80652273415106,77.32976859158073,,,"cx8_6: 2.053e-2 , cx8_9: 2.494e-2 , cx8_7: 2.331e-2 ",0.0373,0.0005613858964712907,0.0005613858964712907,,,,,,,,,,,
354,2021-03-10 09:17:00,9.0,4.97351629093963,37.03851497309338,52.44954194514473,,,"cx9_5: 4.214e-2 , cx9_10: 2.633e-2 , cx9_8: 2.494e-2 ",0.05479999999999996,0.002464870996428493,0.002464870996428493,,,,,,,,,,,
355,2021-03-10 09:17:00,10.0,4.944698793621007,58.49412524042551,63.3223312473264,,,"cx10_4: 2.626e-2 , cx10_11: 3.017e-2 , cx10_9: 2.633e-2 ",0.04570000000000008,0.0012751723721860354,0.0012751723721860354,,,,,,,,,,,
356,2021-03-10 09:17:00,11.0,4.997446895941237,62.755920139467754,53.348111148702394,,,"cx11_3: 3.857e-2 , cx11_12: 2.489e-2 , cx11_10: 3.017e-2 ",0.040699999999999965,0.0008944643102907074,0.0008944643102907074,,,,,,,,,,,
357,2021-03-10 09:17:00,12.0,4.763630184302489,70.7681684311283,66.69933864257513,,,"cx12_2: 3.836e-2 , cx12_13: 2.509e-2 , cx12_11: 2.489e-2 ",0.03580000000000005,0.001115121185727991,0.001115121185727991,,,,,,,,,,,
358,2021-03-10 09:17:00,13.0,4.973581665172946,28.37996823687241,16.690967100506107,,,"cx13_14: 6.226e-2 , cx13_1: 4.989e-2 , cx13_12: 2.509e-2 ",0.07780000000000009,0.002515927056694127,0.002515927056694127,,,,,,,,,,,
359,2021-03-10 09:17:00,14.0,5.007388568155527,44.32831758695371,55.518107490770475,,,"cx14_0: 2.921e-2 , cx14_13: 6.226e-2 ",0.05610000000000004,0.0007732203978025834,0.0007732203978025834,,,,,,,,,,,
360,2021-03-11 00:55:00,,5.114624294958494,70.33068796386655,79.08868413482334,,,"cx0_14: 2.921e-2 , cx0_1: 2.059e-2 ",0.027699999999999947,0.00047578760183430215,0.00047578760183430215,,,,,,,,,,,
361,2021-03-11 00:55:00,1.0,5.2349569330303165,49.40826355579807,39.683092616257795,,,"cx1_13: 4.989e-2 , cx1_2: 1.380e-2 , cx1_0: 2.059e-2 ",0.043099999999999916,0.0009586278416371523,0.0009586278416371523,,,,,,,,,,,
362,2021-03-11 00:55:00,2.0,5.0383494737466865,83.16076169943373,93.28894248423815,,,"cx2_12: 3.836e-2 , cx2_3: 2.217e-2 , cx2_1: 1.380e-2 ",0.035699999999999954,0.000563826522854199,0.000563826522854199,,,,,,,,,,,
363,2021-03-11 00:55:00,3.0,4.894443905465863,70.70898322909275,18.266800503640017,,,"cx3_11: 3.857e-2 , cx3_4: 1.789e-2 , cx3_2: 2.217e-2 ",0.05030000000000001,0.0004901337538031267,0.0004901337538031267,,,,,,,,,,,
364,2021-03-11 00:55:00,4.0,5.02209831339022,57.52976246066351,71.8406287164137,,,"cx4_10: 2.626e-2 , cx4_5: 2.807e-2 , cx4_3: 1.789e-2 ",0.0475000000000001,0.0008692055886591188,0.0008692055886591188,,,,,,,,,,,
365,2021-03-11 00:55:00,5.0,5.07322842865586,21.581075169525857,33.372946065586106,,,"cx5_9: 4.214e-2 , cx5_6: 4.925e-2 , cx5_4: 2.807e-2 ",0.04180000000000006,0.0026728627090696127,0.0026728627090696127,,,,,,,,,,,
366,2021-03-11 00:55:00,6.0,4.929462480383848,80.22799082475136,95.04795257896852,,,"cx6_8: 2.053e-2 , cx6_5: 4.925e-2 ",0.04200000000000004,0.0009425476204188428,0.0009425476204188428,,,,,,,,,,,
367,2021-03-11 00:55:00,7.0,4.98324443957775,40.47255191819753,25.298401826525,,,cx7_8: 2.331e-2 ,0.040699999999999965,0.001851374560332113,0.001851374560332113,,,,,,,,,,,
368,2021-03-11 00:55:00,8.0,4.751433540553678,111.80652273415106,77.32976859158073,,,"cx8_6: 2.053e-2 , cx8_9: 2.494e-2 , cx8_7: 2.331e-2 ",0.0373,0.0005613858964712907,0.0005613858964712907,,,,,,,,,,,
369,2021-03-11 00:55:00,9.0,4.97351629093963,37.03851497309338,52.44954194514473,,,"cx9_5: 4.214e-2 , cx9_10: 2.633e-2 , cx9_8: 2.494e-2 ",0.05479999999999996,0.002464870996428493,0.002464870996428493,,,,,,,,,,,
370,2021-03-11 00:55:00,10.0,4.944698793621007,58.49412524042551,63.3223312473264,,,"cx10_4: 2.626e-2 , cx10_11: 3.017e-2 , cx10_9: 2.633e-2 ",0.04570000000000008,0.0012751723721860354,0.0012751723721860354,,,,,,,,,,,
371,2021-03-11 00:55:00,11.0,4.997446895941237,62.755920139467754,53.348111148702394,,,"cx11_3: 3.857e-2 , cx11_12: 2.489e-2 , cx11_10: 3.017e-2 ",0.040699999999999965,0.0008944643102907074,0.0008944643102907074,,,,,,,,,,,
372,2021-03-11 00:55:00,12.0,4.763630184302489,70.7681684311283,66.69933864257513,,,"cx12_2: 3.836e-2 , cx12_13: 2.509e-2 , cx12_11: 2.489e-2 ",0.03580000000000005,0.001115121185727991,0.001115121185727991,,,,,,,,,,,
373,2021-03-11 00:55:00,13.0,4.973581665172946,28.37996823687241,16.690967100506107,,,"cx13_14: 6.226e-2 , cx13_1: 4.989e-2 , cx13_12: 2.509e-2 ",0.07780000000000009,0.002515927056694127,0.002515927056694127,,,,,,,,,,,
374,2021-03-11 00:55:00,14.0,5.007388568155527,44.32831758695371,55.518107490770475,,,"cx14_0: 2.921e-2 , cx14_13: 6.226e-2 ",0.05610000000000004,0.0007732203978025834,0.0007732203978025834,,,,,,,,,,,
375,2021-03-14 22:44:00,,5.114625762942344,69.20951513291664,99.92751512182278,,,"cx0_14: 2.731e-2 , cx0_1: 1.913e-2 ",0.02659999999999996,0.0004420295708782757,0.0004420295708782757,,,,,,,,,,,
376,2021-03-14 22:44:00,1.0,5.234950204777445,46.494455159262934,47.070753236083185,,,"cx1_13: 4.787e-2 , cx1_2: 1.834e-2 , cx1_0: 1.913e-2 ",0.041500000000000085,0.0010325547214487273,0.0010325547214487273,,,,,,,,,,,
377,2021-03-14 22:44:00,2.0,5.038357823631096,64.86272826605112,55.61439760640826,,,"cx2_12: 5.113e-2 , cx2_3: 3.756e-2 , cx2_1: 1.834e-2 ",0.06590000000000007,0.0009773743676512296,0.0009773743676512296,,,,,,,,,,,
378,2021-03-14 22:44:00,3.0,4.894439822889471,64.50318561527965,18.681288546267144,,,"cx3_11: 3.364e-2 , cx3_4: 2.049e-2 , cx3_2: 3.756e-2 ",0.04319999999999991,0.0007629647640064369,0.0007629647640064369,,,,,,,,,,,
379,2021-03-14 22:44:00,4.0,5.022091946874687,63.06540149081234,79.33970581177306,,,"cx4_10: 4.383e-2 , cx4_5: 4.392e-2 , cx4_3: 2.049e-2 ",0.0434,0.001032304610117436,0.001032304610117436,,,,,,,,,,,
380,2021-03-14 22:44:00,5.0,5.073223372369432,19.419330885019857,34.295922465108525,,,"cx5_9: 3.658e-2 , cx5_6: 5.189e-2 , cx5_4: 4.392e-2 ",0.059300000000000026,0.002612415452659808,0.002612415452659808,,,,,,,,,,,
381,2021-03-14 22:44:00,6.0,4.929462592654777,71.63822281556394,94.1674064194315,,,"cx6_8: 2.183e-2 , cx6_5: 5.189e-2 ",0.02739999999999998,0.0009082598800674699,0.0009082598800674699,,,,,,,,,,,
382,2021-03-14 22:44:00,7.0,4.983245280942239,35.583089435319906,23.24367879938173,,,cx7_8: 2.419e-2 ,0.03499999999999992,0.0017930673326415699,0.0017930673326415699,,,,,,,,,,,
383,2021-03-14 22:44:00,8.0,4.751432979736173,114.49599126304797,69.46159041171819,,,"cx8_6: 2.183e-2 , cx8_9: 2.273e-2 , cx8_7: 2.419e-2 ",0.03370000000000006,0.0005716536868461795,0.0005716536868461795,,,,,,,,,,,
384,2021-03-14 22:44:00,9.0,4.973517211333308,36.08378088891272,55.028770007179574,,,"cx9_5: 3.658e-2 , cx9_10: 2.721e-2 , cx9_8: 2.273e-2 ",0.059800000000000075,0.002067529260873665,0.002067529260873665,,,,,,,,,,,
385,2021-03-14 22:44:00,10.0,4.944699517816625,64.22423206501318,64.12545566894475,,,"cx10_4: 4.383e-2 , cx10_11: 2.534e-2 , cx10_9: 2.721e-2 ",0.041100000000000025,0.0015833830038606556,0.0015833830038606556,,,,,,,,,,,
386,2021-03-14 22:44:00,11.0,4.997447215590646,50.112657058108034,77.86835228714277,,,"cx11_3: 3.364e-2 , cx11_12: 1.756e-2 , cx11_10: 2.534e-2 ",0.03859999999999997,0.0005237242541910769,0.0005237242541910769,,,,,,,,,,,
387,2021-03-14 22:44:00,12.0,4.763632899371509,62.290989574836786,54.90241515537368,,,"cx12_2: 5.113e-2 , cx12_13: 2.459e-2 , cx12_11: 1.756e-2 ",0.06259999999999999,0.001064225194202673,0.001064225194202673,,,,,,,,,,,
388,2021-03-14 22:44:00,13.0,4.9735808101946715,29.144693630364166,31.88421060412519,,,"cx13_14: 3.882e-2 , cx13_1: 4.787e-2 , cx13_12: 2.459e-2 ",0.060999999999999936,0.002459134161505955,0.002459134161505955,,,,,,,,,,,
389,2021-03-14 22:44:00,14.0,5.00738733924066,44.60737788958868,49.68514228231347,,,"cx14_0: 2.731e-2 , cx14_13: 3.882e-2 ",0.05030000000000001,0.0014724383456584534,0.0014724383456584534,,,,,,,,,,,
390,2021-03-15 14:25:00,,5.1146217115114885,71.32106756982616,102.41449927678528,,,"cx0_14: 2.492e-2 , cx0_1: 1.843e-2 ",0.026499999999999968,0.0004183978644302012,0.0004183978644302012,,,,,,,,,,,
391,2021-03-15 14:25:00,1.0,5.2350387151628395,50.19498723625214,47.728364075207956,,,"cx1_13: 4.305e-2 , cx1_2: 1.473e-2 , cx1_0: 1.843e-2 ",0.035700000000000065,0.0010042524463122974,0.0010042524463122974,,,,,,,,,,,
392,2021-03-15 14:25:00,2.0,5.038356392729712,53.16105211069983,62.77911784620392,,,"cx2_12: 5.560e-2 , cx2_3: 2.907e-2 , cx2_1: 1.473e-2 ",0.041100000000000025,0.0006693469486494128,0.0006693469486494128,,,,,,,,,,,
393,2021-03-15 14:25:00,3.0,4.894450631891079,58.02140063607993,17.481804455381788,,,"cx3_11: 3.419e-2 , cx3_4: 3.149e-2 , cx3_2: 2.907e-2 ",0.06059999999999999,0.0010612091500236409,0.0010612091500236409,,,,,,,,,,,
394,2021-03-15 14:25:00,4.0,5.0220872483713235,68.25270765048857,73.03990190979944,,,"cx4_10: 4.481e-2 , cx4_5: 2.751e-2 , cx4_3: 3.149e-2 ",0.0434,0.0008648278230413689,0.0008648278230413689,,,,,,,,,,,
395,2021-03-15 14:25:00,5.0,5.073224611163873,19.419330885019857,32.372911443214136,,,"cx5_9: 3.543e-2 , cx5_6: 5.156e-2 , cx5_4: 2.751e-2 ",0.057800000000000074,0.002788135040097785,0.002788135040097785,,,,,,,,,,,
396,2021-03-15 14:25:00,6.0,4.9294653522205785,67.88136633618807,73.3076496426577,,,"cx6_8: 3.061e-2 , cx6_5: 5.156e-2 ",0.1866000000000001,0.0016592402096110034,0.0016592402096110034,,,,,,,,,,,
397,2021-03-15 14:25:00,7.0,4.9832448739602455,42.18918246452144,27.512101284082842,,,cx7_8: 2.799e-2 ,0.06559999999999999,0.001610321213895788,0.001610321213895788,,,,,,,,,,,
398,2021-03-15 14:25:00,8.0,4.751431321984847,105.48845158260175,78.14201824409058,,,"cx8_6: 3.061e-2 , cx8_9: 2.650e-2 , cx8_7: 2.799e-2 ",0.030000000000000027,0.0007577620344854018,0.0007577620344854018,,,,,,,,,,,
399,2021-03-15 14:25:00,9.0,4.973518170784608,36.08378088891272,55.028770007179574,,,"cx9_5: 3.543e-2 , cx9_10: 2.901e-2 , cx9_8: 2.650e-2 ",0.04760000000000009,0.003210266597002098,0.003210266597002098,,,,,,,,,,,
400,2021-03-15 14:25:00,10.0,4.944698530540347,64.22423206501318,39.243938767033356,,,"cx10_4: 4.481e-2 , cx10_11: 2.106e-2 , cx10_9: 2.901e-2 ",0.041000000000000036,0.0011260692077635155,0.0011260692077635155,,,,,,,,,,,
401,2021-03-15 14:25:00,11.0,4.997443578451156,50.112657058108034,85.15292984056298,,,"cx11_3: 3.419e-2 , cx11_12: 1.786e-2 , cx11_10: 2.106e-2 ",0.040100000000000025,0.0006135524302248028,0.0006135524302248028,,,,,,,,,,,
402,2021-03-15 14:25:00,12.0,4.7636301441770765,73.55506793299364,54.90241515537368,,,"cx12_2: 5.560e-2 , cx12_13: 2.609e-2 , cx12_11: 1.786e-2 ",0.05369999999999997,0.0008832737710164473,0.0008832737710164473,,,,,,,,,,,
403,2021-03-15 14:25:00,13.0,4.973575005661678,25.128388166502205,27.79678049209885,,,"cx13_14: 4.387e-2 , cx13_1: 4.305e-2 , cx13_12: 2.609e-2 ",0.059400000000000015,0.0027890936362750733,0.0027890936362750733,,,,,,,,,,,
404,2021-03-15 14:25:00,14.0,5.0074024356082525,37.71533982028009,45.30433211703278,,,"cx14_0: 2.492e-2 , cx14_13: 4.387e-2 ",0.08299999999999996,0.0015790876435366455,0.0015790876435366455,,,,,,,,,,,
405,2021-03-16 21:02:00,,5.114623288888709,55.613309840202554,74.66157079302417,,,"cx0_14: 2.402e-2 , cx0_1: 1.589e-2 ",0.029299999999999993,0.0004699131885523052,0.0004699131885523052,,,,,,,,,,,
406,2021-03-16 21:02:00,1.0,5.2350385559194486,50.19498723625214,47.728364075207956,,,"cx1_13: 4.675e-2 , cx1_2: 1.256e-2 , cx1_0: 1.589e-2 ",0.044599999999999966,0.0010772725590198998,0.0010772725590198998,,,,,,,,,,,
407,2021-03-16 21:02:00,2.0,5.038356714395388,59.315808307630796,63.573352045626066,,,"cx2_12: 4.169e-2 , cx2_3: 5.126e-2 , cx2_1: 1.256e-2 ",0.045299999999999896,0.0007382448781195388,0.0007382448781195388,,,,,,,,,,,
408,2021-03-16 21:02:00,3.0,4.8944529472766085,57.791094571888074,17.364108029915222,,,"cx3_11: 2.989e-2 , cx3_4: 3.146e-2 , cx3_2: 5.126e-2 ",0.07269999999999999,0.0010454183581697835,0.0010454183581697835,,,,,,,,,,,
409,2021-03-16 21:02:00,4.0,5.022092946064663,62.31335854017618,73.7666691120182,,,"cx4_10: 2.358e-2 , cx4_5: 2.470e-2 , cx4_3: 3.146e-2 ",0.051099999999999916,0.0007217494995133374,0.0007217494995133374,,,,,,,,,,,
410,2021-03-16 21:02:00,5.0,5.07322740839695,19.419330885019857,29.88435996659421,,,"cx5_9: 3.732e-2 , cx5_6: 5.123e-2 , cx5_4: 2.470e-2 ",0.05400000000000005,0.002959528930317379,0.002959528930317379,,,,,,,,,,,
411,2021-03-16 21:02:00,6.0,4.9294673758414636,67.88136633618807,69.40919987923951,,,"cx6_8: 2.515e-2 , cx6_5: 5.123e-2 ",0.029400000000000093,0.0014447223774915017,0.0014447223774915017,,,,,,,,,,,
412,2021-03-16 21:02:00,7.0,4.983244965194062,36.11845753184488,21.78448784700319,,,cx7_8: 2.578e-2 ,0.029300000000000107,0.001669999140990294,0.001669999140990294,,,,,,,,,,,
413,2021-03-16 21:02:00,8.0,4.751433281926134,106.39993891059713,75.38591071313144,,,"cx8_6: 2.515e-2 , cx8_9: 2.699e-2 , cx8_7: 2.578e-2 ",0.044599999999999966,0.0006548040604287242,0.0006548040604287242,,,,,,,,,,,
414,2021-03-16 21:02:00,9.0,4.973517536784929,40.21673917368064,68.21721111758518,,,"cx9_5: 3.732e-2 , cx9_10: 2.776e-2 , cx9_8: 2.699e-2 ",0.039800000000000064,0.0018646592235843282,0.0018646592235843282,,,,,,,,,,,
415,2021-03-16 21:02:00,10.0,4.944698412238373,63.27949220130779,66.20312945758357,,,"cx10_4: 2.358e-2 , cx10_11: 2.436e-2 , cx10_9: 2.776e-2 ",0.03699999999999992,0.0012155921151969255,0.0012155921151969255,,,,,,,,,,,
416,2021-03-16 21:02:00,11.0,4.99744881666087,50.112657058108034,70.43452607342091,,,"cx11_3: 2.989e-2 , cx11_12: 2.030e-2 , cx11_10: 2.436e-2 ",0.046300000000000015,0.00047871465937191415,0.00047871465937191415,,,,,,,,,,,
417,2021-03-16 21:02:00,12.0,4.763628135515013,73.55506793299364,45.690791325013706,,,"cx12_2: 4.169e-2 , cx12_13: 3.053e-2 , cx12_11: 2.030e-2 ",0.044300000000000006,0.0008544648824353472,0.0008544648824353472,,,,,,,,,,,
418,2021-03-16 21:02:00,13.0,4.973571261087293,30.38317943039623,29.899626144422456,,,"cx13_14: 4.617e-2 , cx13_1: 4.675e-2 , cx13_12: 3.053e-2 ",0.05820000000000002,0.002880457464328868,0.002880457464328868,,,,,,,,,,,
419,2021-03-16 21:02:00,14.0,5.007392573262684,41.296623163277935,45.00941962856489,,,"cx14_0: 2.402e-2 , cx14_13: 4.617e-2 ",0.06340000000000001,0.0006777497409572947,0.0006777497409572947,,,,,,,,,,,
420,2021-03-19 15:25:00,,5.114620288937647,58.987897288593686,92.11643444265059,,,"cx0_14: 2.986e-2 , cx0_1: 1.911e-2 ",0.02790000000000004,0.00042649467694987845,0.00042649467694987845,,,,,,,,,,,
421,2021-03-19 15:25:00,1.0,5.235044046175993,44.546849476500185,47.99893564791908,,,"cx1_13: 5.033e-2 , cx1_2: 1.212e-2 , cx1_0: 1.911e-2 ",0.04769999999999997,0.0010627998346941186,0.0010627998346941186,,,,,,,,,,,
422,2021-03-19 15:25:00,2.0,5.0383516299850015,62.862119584342615,89.1636878698112,,,"cx2_12: 4.629e-2 , cx2_3: 3.504e-2 , cx2_1: 1.212e-2 ",0.03600000000000003,0.0008454695991970213,0.0008454695991970213,,,,,,,,,,,
423,2021-03-19 15:25:00,3.0,4.894442502208525,54.05921995320968,17.9257557811491,,,"cx3_11: 3.480e-2 , cx3_4: 1.565e-2 , cx3_2: 3.504e-2 ",0.05180000000000007,0.00046871427289858466,0.00046871427289858466,,,,,,,,,,,
424,2021-03-19 15:25:00,4.0,5.022029946793028,55.72524669549611,66.19449371731736,,,"cx4_10: 2.574e-2 , cx4_5: 2.714e-2 , cx4_3: 1.565e-2 ",0.04769999999999997,0.0008311217595231313,0.0008311217595231313,,,,,,,,,,,
425,2021-03-19 15:25:00,5.0,5.0731545326351695,15.131951779189436,23.67854812074798,,,"cx5_9: 3.723e-2 , cx5_6: 5.388e-2 , cx5_4: 2.714e-2 ",0.048000000000000036,0.0034801543667473426,0.0034801543667473426,,,,,,,,,,,
426,2021-03-19 15:25:00,6.0,4.9294638852432815,55.03698477544899,72.47032425286321,,,"cx6_8: 3.185e-2 , cx6_5: 5.388e-2 ",0.2024,0.001372576919281345,0.001372576919281345,,,,,,,,,,,
427,2021-03-19 15:25:00,7.0,4.9832442664527825,37.22308559941504,21.117938168646532,,,cx7_8: 2.443e-2 ,0.0351999999999999,0.0022892273999779588,0.0022892273999779588,,,,,,,,,,,
428,2021-03-19 15:25:00,8.0,4.751446120384807,124.18253734915008,56.14328085160751,,,"cx8_6: 3.185e-2 , cx8_9: 2.441e-2 , cx8_7: 2.443e-2 ",0.024399999999999974,0.0006148144889759819,0.0006148144889759819,,,,,,,,,,,
429,2021-03-19 15:25:00,9.0,4.973518716591252,47.24454350354599,68.1582321617461,,,"cx9_5: 3.723e-2 , cx9_10: 3.004e-2 , cx9_8: 2.441e-2 ",0.040899999999999936,0.001743682813234642,0.001743682813234642,,,,,,,,,,,
430,2021-03-19 15:25:00,10.0,4.944696803632069,68.70419395334443,59.36113392936628,,,"cx10_4: 2.574e-2 , cx10_11: 2.917e-2 , cx10_9: 3.004e-2 ",0.05269999999999997,0.0014340615108054161,0.0014340615108054161,,,,,,,,,,,
431,2021-03-19 15:25:00,11.0,4.997447270877193,50.112657058108034,81.69556429937013,,,"cx11_3: 3.480e-2 , cx11_12: 2.103e-2 , cx11_10: 2.917e-2 ",0.04510000000000003,0.0006017588491728656,0.0006017588491728656,,,,,,,,,,,
432,2021-03-19 15:25:00,12.0,4.763629510827328,80.86774473779272,81.72892782273958,,,"cx12_2: 4.629e-2 , cx12_13: 2.700e-2 , cx12_11: 2.103e-2 ",0.028100000000000014,0.0007116993963764629,0.0007116993963764629,,,,,,,,,,,
433,2021-03-19 15:25:00,13.0,4.973580477119138,26.22030474442841,27.878752035367715,,,"cx13_14: 3.863e-2 , cx13_1: 5.033e-2 , cx13_12: 2.700e-2 ",0.06130000000000003,0.002090451521701037,0.002090451521701037,,,,,,,,,,,
434,2021-03-19 15:25:00,14.0,5.007395011301539,45.331602739109364,26.95790409044156,,,"cx14_0: 2.986e-2 , cx14_13: 3.863e-2 ",0.08099999999999996,0.0010380605479092667,0.0010380605479092667,,,,,,,,,,,
435,2021-04-07 15:10:00,Q0,5.115,,,,,,,,,53.49,88.44,0.0301,0.051,0.0092,3555.5559999999996,0.0005605,0.0005605,0.0005605,0_14:2.372e-2; 0_1:2.189e-2,0_14:935.111; 0_1:743.111
436,2021-04-07 15:10:00,Q1,5.235,,,,,,,,,44.39,44.97,0.0432,0.0658,0.0206,3555.5559999999996,0.000863,0.000863,0.000863,1_13:5.039e-2; 1_2:1.142e-2; 1_0:2.189e-2,1_13:1137.778; 1_2:355.556; 1_0:689.778
437,2021-04-07 15:10:00,Q2,5.038,,,,,,,,,61.32,76.31,0.0429,0.067,0.0188,3555.5559999999996,0.0006232999999999999,0.0006232999999999999,0.0006232999999999999,2_12:4.057e-2; 2_3:2.476e-2; 2_1:1.142e-2,2_12:1696; 2_3:988.444; 2_1:408.889
438,2021-04-07 15:10:00,Q3,4.894,,,,,,,,,69.83,19.77,0.0584,0.08900000000000001,0.0278,3555.5559999999996,0.0004853,0.0004853,0.0004853,3_11:2.717e-2; 3_4:2.111e-2; 3_2:2.476e-2,3_11:807.111; 3_4:785.778; 3_2:1041.778
439,2021-04-07 15:10:00,Q4,5.022,,,,,,,,,46.8,62.88,0.1068,0.1576,0.055999999999999994,3555.5559999999996,0.001016,0.001016,0.001016,4_10:3.313e-2; 4_5:3.954e-2; 4_3:2.111e-2,4_10:1169.778; 4_5:789.333; 4_3:732.444
440,2021-04-07 15:10:00,Q5,5.073,,,,,,,,,20.15,32.84,0.0627,0.1106,0.0148,3555.5559999999996,0.004089,0.004089,0.004089,5_9:5.636e-2; 5_6:6.511e-2; 5_4:3.954e-2,5_9:860.444; 5_6:1472; 5_4:647.111
441,2021-04-07 15:10:00,Q6,4.93,,,,,,,,,72.94,84.44,0.067,0.10099999999999999,0.033,3555.5559999999996,0.0016190000000000002,0.0016190000000000002,0.0016190000000000002,6_8:3.676e-2; 6_5:6.511e-2,6_8:995.556; 6_5:1614.222
442,2021-04-07 15:10:00,Q7,4.9830000000000005,,,,,,,,,36.34,24.77,0.0297,0.0516,0.0078,3555.5559999999996,0.001648,0.001648,0.001648,7_8:2.184e-2,7_8:775.111
443,2021-04-07 15:10:00,Q8,4.751,,,,,,,,,123.32,89.76,0.0272,0.037000000000000005,0.0174,3555.5559999999996,0.0005212000000000001,0.0005212000000000001,0.0005212000000000001,8_6:3.676e-2; 8_9:2.763e-2; 8_7:2.184e-2,8_6:1137.778; 8_9:1159.111; 8_7:917.333
444,2021-04-07 15:10:00,Q9,4.974,,,,,,,,,37.94,63.89,0.0555,0.1008,0.0102,3555.5559999999996,0.001734,0.001734,0.001734,9_5:5.636e-2; 9_10:3.004e-2; 9_8:2.763e-2,9_5:1002.667; 9_10:860.444; 9_8:1016.889
445,2021-04-07 15:10:00,Q10,4.945,,,,,,,,,40.34,49.14,0.0446,0.0748,0.0144,3555.5559999999996,0.001492,0.001492,0.001492,10_4:3.313e-2; 10_11:3.398e-2; 10_9:3.004e-2,10_4:1312; 10_11:945.778; 10_9:1002.667
446,2021-04-07 15:10:00,Q11,4.997,,,,,,,,,50.11,88.76,0.0596,0.0998,0.0194,3555.5559999999996,0.0008958999999999999,0.0008958999999999999,0.0008958999999999999,11_3:2.717e-2; 11_12:3.049e-2; 11_10:3.398e-2,11_3:753.778; 11_12:597.333; 11_10:1088
447,2021-04-07 15:10:00,Q12,4.763999999999999,,,,,,,,,84.88,54.24,0.032,0.0524,0.0116,3555.5559999999996,0.001254,0.001254,0.001254,12_2:4.057e-2; 12_13:2.828e-2; 12_11:3.049e-2,12_2:1642.667; 12_13:753.778; 12_11:650.667
448,2021-04-07 15:10:00,Q13,4.974,,,,,,,,,27.39,21.97,0.0567,0.0876,0.0258,3555.5559999999996,0.002919,0.002919,0.002919,13_14:4.330e-2; 13_1:5.039e-2; 13_12:2.828e-2,13_14:657.778; 13_1:995.556; 13_12:611.556
449,2021-04-07 15:10:00,Q14,5.007,,,,,,,,,43.58,41.55,0.0429,0.0718,0.013999999999999999,3555.5559999999996,0.0008086,0.0008086,0.0008086,14_0:2.372e-2; 14_13:4.330e-2,14_0:881.778; 14_13:515.556
450,2020-12-23 14:41:00,0.0,5.114855032952166,61.56265831486596,73.27177833335107,0.03110000000000002,0.0006244104055966604,"cx0_14: 2.443e-2 , cx0_1: 1.904e-2 ",,,,,,,,,,,,,,
451,2020-12-23 14:41:00,1.0,5.235716489650369,42.533375583103386,55.572404918619746,0.037800000000000056,0.0009760277318098071,"cx1_13: 4.689e-2 , cx1_2: 1.083e-2 , cx1_0: 1.904e-2 ",,,,,,,,,,,,,,
452,2020-12-23 14:41:00,2.0,5.03846671217151,70.78703464878869,119.31287682257792,0.02849999999999997,0.0005795516458665397,"cx2_12: 5.361e-2 , cx2_3: 2.148e-2 , cx2_1: 1.083e-2 ",,,,,,,,,,,,,,
453,2020-12-23 14:41:00,3.0,4.894585446935241,71.97686453421622,18.899830282686,0.15880000000000005,0.000352091705380862,"cx3_11: 2.464e-2 , cx3_4: 1.823e-2 , cx3_2: 2.148e-2 ",,,,,,,,,,,,,,
454,2020-12-23 14:41:00,4.0,5.021576128189407,64.27730381534681,69.9565786652585,0.08309999999999995,0.0007203002651660346,"cx4_10: 4.261e-2 , cx4_5: 2.924e-2 , cx4_3: 1.823e-2 ",,,,,,,,,,,,,,
455,2020-12-23 14:41:00,5.0,5.073082864031674,21.78217636168409,42.288255620632775,0.0524,0.002549201146054242,"cx5_9: 3.266e-2 , cx5_6: 4.922e-2 , cx5_4: 2.924e-2 ",,,,,,,,,,,,,,
456,2020-12-23 14:41:00,6.0,4.929432667119627,67.20488717156587,87.56416614587013,0.042999999999999934,0.0011226222486211994,"cx6_8: 1.963e-2 , cx6_5: 4.922e-2 ",,,,,,,,,,,,,,
457,2020-12-23 14:41:00,7.0,4.982618346912108,32.734361590951096,13.871418032907856,0.0524,0.0024426749550379755,cx7_8: 3.000e-2 ,,,,,,,,,,,,,,
458,2020-12-23 14:41:00,8.0,4.7515497931936785,92.84981015256123,126.7023379645006,0.09760000000000002,0.0009118390611913273,"cx8_6: 1.963e-2 , cx8_9: 2.883e-2 , cx8_7: 3.000e-2 ",,,,,,,,,,,,,,
459,2020-12-23 14:41:00,9.0,4.97344662944746,43.00970291364622,69.9316759926119,0.07689999999999997,0.0015448443230171734,"cx9_5: 3.266e-2 , cx9_10: 3.832e-2 , cx9_8: 2.883e-2 ",,,,,,,,,,,,,,
460,2020-12-23 14:41:00,10.0,4.944786356489202,54.88064569483174,49.71775307685939,0.031200000000000006,0.0032045510367255713,"cx10_4: 4.261e-2 , cx10_11: 2.901e-2 , cx10_9: 3.832e-2 ",,,,,,,,,,,,,,
461,2020-12-23 14:41:00,11.0,4.997415747174158,63.57075417100032,104.39642358499044,0.16259999999999994,0.0004409938096336112,"cx11_3: 2.464e-2 , cx11_12: 2.234e-2 , cx11_10: 2.901e-2 ",,,,,,,,,,,,,,
462,2020-12-23 14:41:00,12.0,4.763386740884843,76.55722773612985,67.03078858202541,0.10339999999999994,0.0008040602389975441,"cx12_2: 5.361e-2 , cx12_13: 2.290e-2 , cx12_11: 2.234e-2 ",,,,,,,,,,,,,,
463,2020-12-23 14:41:00,13.0,4.974290578670718,31.85615040510959,34.65960039765813,0.07810000000000006,0.0018564870252288253,"cx13_14: 2.784e-2 , cx13_1: 4.689e-2 , cx13_12: 2.290e-2 ",,,,,,,,,,,,,,
464,2020-12-23 14:41:00,14.0,5.006782497417388,48.70080269061668,63.97477675016549,0.04810000000000003,0.0006558740817397225,"cx14_0: 2.443e-2 , cx14_13: 2.784e-2 ",,,,,,,,,,,,,,
465,2020-12-29 10:43:00,0.0,5.1148575816090425,68.53263879749913,86.58503914213806,0.025399999999999975,0.0006225376219140008,"cx0_14: 2.569e-2 , cx0_1: 1.960e-2 ",,,,,,,,,,,,,,
466,2020-12-29 10:43:00,1.0,5.235711942743015,44.119029894542294,46.01552769689104,0.03469999999999995,0.0008773452009944241,"cx1_13: 4.230e-2 , cx1_2: 1.212e-2 , cx1_0: 1.960e-2 ",,,,,,,,,,,,,,
467,2020-12-29 10:43:00,2.0,5.038466147568122,78.9147730588237,111.93325897159427,0.0262,0.0005653413303226036,"cx2_12: 4.496e-2 , cx2_3: 2.213e-2 , cx2_1: 1.212e-2 ",,,,,,,,,,,,,,
468,2020-12-29 10:43:00,3.0,4.894581720735206,71.97695398232581,15.30521830739656,0.15579999999999994,0.0004647317934124043,"cx3_11: 3.283e-2 , cx3_4: 1.683e-2 , cx3_2: 2.213e-2 ",,,,,,,,,,,,,,
469,2020-12-29 10:43:00,4.0,5.02159267443897,74.05428242456667,82.25448297419366,0.053900000000000066,0.0007763822064525,"cx4_10: 4.075e-2 , cx4_5: 2.781e-2 , cx4_3: 1.683e-2 ",,,,,,,,,,,,,,
470,2020-12-29 10:43:00,5.0,5.073085676361589,17.413742614005038,33.15522124348543,0.05400000000000005,0.002800441760541833,"cx5_9: 3.618e-2 , cx5_6: 4.954e-2 , cx5_4: 2.781e-2 ",,,,,,,,,,,,,,
471,2020-12-29 10:43:00,6.0,4.929431360551531,70.31022458956058,84.14494965241722,0.05000000000000005,0.0008651985353846272,"cx6_8: 2.185e-2 , cx6_5: 4.954e-2 ",,,,,,,,,,,,,,
472,2020-12-29 10:43:00,7.0,4.982615105551167,24.451851220083903,13.232606526775728,0.050999999999999934,0.002374277811989129,cx7_8: 3.111e-2 ,,,,,,,,,,,,,,
473,2020-12-29 10:43:00,8.0,4.751545542041262,49.64943372398807,88.64754725071255,0.051900000000000064,0.0007187583797950449,"cx8_6: 2.185e-2 , cx8_9: 2.573e-2 , cx8_7: 3.111e-2 ",,,,,,,,,,,,,,
474,2020-12-29 10:43:00,9.0,4.973448418077794,37.71257745328206,46.73719544623775,0.07410000000000005,0.0012925598549713704,"cx9_5: 3.618e-2 , cx9_10: 3.865e-2 , cx9_8: 2.573e-2 ",,,,,,,,,,,,,,
475,2020-12-29 10:43:00,10.0,4.944785477021913,51.52157812587324,57.040246108919035,0.03269999999999995,0.002699676221067791,"cx10_4: 4.075e-2 , cx10_11: 2.284e-2 , cx10_9: 3.865e-2 ",,,,,,,,,,,,,,
476,2020-12-29 10:43:00,11.0,4.997412278707723,64.90564269153853,93.62356057842054,0.16459999999999994,0.00044512765538959255,"cx11_3: 3.283e-2 , cx11_12: 1.402e-2 , cx11_10: 2.284e-2 ",,,,,,,,,,,,,,
477,2020-12-29 10:43:00,12.0,4.763385537031475,70.21738326495792,56.25521810234017,0.10250000000000004,0.0007267389157765128,"cx12_2: 4.496e-2 , cx12_13: 2.280e-2 , cx12_11: 1.402e-2 ",,,,,,,,,,,,,,
478,2020-12-29 10:43:00,13.0,4.974292972459613,32.345919844218486,31.87007795277007,0.10020000000000008,0.0019310917954897726,"cx13_14: 3.375e-2 , cx13_1: 4.230e-2 , cx13_12: 2.280e-2 ",,,,,,,,,,,,,,
479,2020-12-29 10:43:00,14.0,5.006782465173714,42.6777705760972,52.03865937173714,0.046899999999999935,0.000594164967054444,"cx14_0: 2.569e-2 , cx14_13: 3.375e-2 ",,,,,,,,,,,,,,
