,timestamp,Qubit,Frequency (GHz),T1 (µs),T2 (µs),Readout error,Single-qubit U2 error,CNOT error,Sqrt-x (sx) error,Readout assignment error,√x (sx) error,Single-qubit Pauli-X error
0,2021-01-01 00:00:00,,4.96867094150884,105.86225710611427,77.04335019593216,0.023900000000000032,0.0002354513170281246,cx0_1: 7.403e-3 ,,,,
1,2021-01-01 00:00:00,1.0,4.770081486184035,102.34010139174309,57.24184578930342,0.02479999999999993,0.00029759970070959534,"cx1_2: 2.523e-2 , cx1_0: 7.403e-3 ",,,,
2,2021-01-01 00:00:00,2.0,5.0151545426162905,86.25772438082916,137.28483356038006,0.0242,0.0009191980101006444,"cx2_3: 1.281e-2 , cx2_1: 2.523e-2 ",,,,
3,2021-01-01 00:00:00,3.0,5.259256648226535,89.9152153430145,149.7229522831653,0.02849999999999997,0.00032943316243340577,"cx3_4: 5.465e-2 , cx3_2: 1.281e-2 ",,,,
4,2021-01-01 00:00:00,4.0,4.997653405640077,60.83750273636507,125.90222024813026,0.04669999999999997,0.0011434649646318586,cx4_3: 5.465e-2 ,,,,
5,2021-01-02 05:00:00,,4.96867094150884,105.86225710611427,77.04335019593216,0.023900000000000032,0.0002354513170281246,cx0_1: 7.403e-3 ,,,,
6,2021-01-02 05:00:00,1.0,4.770081486184035,102.34010139174309,57.24184578930342,0.02479999999999993,0.00029759970070959534,"cx1_2: 2.523e-2 , cx1_0: 7.403e-3 ",,,,
7,2021-01-02 05:00:00,2.0,5.0151545426162905,86.25772438082916,137.28483356038006,0.0242,0.0009191980101006444,"cx2_3: 1.281e-2 , cx2_1: 2.523e-2 ",,,,
8,2021-01-02 05:00:00,3.0,5.259256648226535,89.9152153430145,149.7229522831653,0.02849999999999997,0.00032943316243340577,"cx3_4: 5.465e-2 , cx3_2: 1.281e-2 ",,,,
9,2021-01-02 05:00:00,4.0,4.997653405640077,60.83750273636507,125.90222024813026,0.04669999999999997,0.0011434649646318586,cx4_3: 5.465e-2 ,,,,
10,2021-01-03 23:32:00,,4.96867094150884,105.86225710611427,77.04335019593216,0.023900000000000032,0.0002354513170281246,cx0_1: 7.403e-3 ,,,,
11,2021-01-03 23:32:00,1.0,4.770081486184035,102.34010139174309,57.24184578930342,0.02479999999999993,0.00029759970070959534,"cx1_2: 2.523e-2 , cx1_0: 7.403e-3 ",,,,
12,2021-01-03 23:32:00,2.0,5.0151545426162905,86.25772438082916,137.28483356038006,0.0242,0.0009191980101006444,"cx2_3: 1.281e-2 , cx2_1: 2.523e-2 ",,,,
13,2021-01-03 23:32:00,3.0,5.259256648226535,89.9152153430145,149.7229522831653,0.02849999999999997,0.00032943316243340577,"cx3_4: 5.465e-2 , cx3_2: 1.281e-2 ",,,,
14,2021-01-03 23:32:00,4.0,4.997653405640077,60.83750273636507,125.90222024813026,0.04669999999999997,0.0011434649646318586,cx4_3: 5.465e-2 ,,,,
15,2021-01-04 23:16:00,,4.9686590554464205,92.71876920498265,78.75390954156117,0.022699999999999942,0.00021457909469802495,cx0_1: 7.019e-3 ,,,,
16,2021-01-04 23:16:00,1.0,4.770073599960834,121.29737571122656,89.93324583649814,0.025700000000000056,0.00022082688400342003,"cx1_2: 2.041e-2 , cx1_0: 7.019e-3 ",,,,
17,2021-01-04 23:16:00,2.0,5.015162759993219,56.14658822015172,90.49380214483344,0.0411999999999999,0.000660229733372436,"cx2_3: 1.334e-2 , cx2_1: 2.041e-2 ",,,,
18,2021-01-04 23:16:00,3.0,5.2592606193614095,75.19845507363095,125.6812753249025,0.01839999999999997,0.0003024438678281975,"cx3_4: 5.732e-2 , cx3_2: 1.334e-2 ",,,,
19,2021-01-04 23:16:00,4.0,4.997653862411345,60.83750273636507,125.90222024813026,0.04790000000000005,0.0009277008850518166,cx4_3: 5.732e-2 ,,,,
20,2021-01-05 11:17:00,,4.968671686236823,31.910007647196842,38.011732222507185,0.034599999999999964,0.0017779737711565054,cx0_1: 1.192e-2 ,,,,
21,2021-01-05 11:17:00,1.0,4.770080017238568,84.11359666371317,67.33413300606746,0.028000000000000025,0.00034682617545148413,"cx1_2: 1.861e-2 , cx1_0: 1.192e-2 ",,,,
22,2021-01-05 11:17:00,2.0,5.0151615287538,51.22629822271337,77.43268983958075,0.03509999999999991,0.0007600128244033424,"cx2_3: 1.566e-2 , cx2_1: 1.861e-2 ",,,,
23,2021-01-05 11:17:00,3.0,5.259259593405023,91.33940997731364,110.31469861510912,0.01560000000000006,0.0002671974290064864,"cx3_4: 4.695e-2 , cx3_2: 1.566e-2 ",,,,
24,2021-01-05 11:17:00,4.0,4.997583033879731,60.83750273636507,125.90222024813026,0.045300000000000014,0.0009459307747323151,cx4_3: 4.695e-2 ,,,,
25,2021-01-05 13:02:00,,4.968671686236823,31.910007647196842,38.011732222507185,0.034599999999999964,0.0017779737711565054,cx0_1: 1.192e-2 ,,,,
26,2021-01-05 13:02:00,1.0,4.770080017238568,84.11359666371317,67.33413300606746,0.028000000000000025,0.00034682617545148413,"cx1_2: 1.861e-2 , cx1_0: 1.192e-2 ",,,,
27,2021-01-05 13:02:00,2.0,5.0151615287538,51.22629822271337,77.43268983958075,0.03509999999999991,0.0007600128244033424,"cx2_3: 1.566e-2 , cx2_1: 1.861e-2 ",,,,
28,2021-01-05 13:02:00,3.0,5.259259593405023,91.33940997731364,110.31469861510912,0.01560000000000006,0.0002671974290064864,"cx3_4: 4.695e-2 , cx3_2: 1.566e-2 ",,,,
29,2021-01-05 13:02:00,4.0,4.997583033879731,60.83750273636507,125.90222024813026,0.045300000000000014,0.0009459307747323151,cx4_3: 4.695e-2 ,,,,
30,2021-01-06 00:18:00,,4.968671686236823,31.910007647196842,38.011732222507185,0.034599999999999964,0.0017779737711565054,cx0_1: 1.192e-2 ,,,,
31,2021-01-06 00:18:00,1.0,4.770080017238568,84.11359666371317,67.33413300606746,0.028000000000000025,0.00034682617545148413,"cx1_2: 1.861e-2 , cx1_0: 1.192e-2 ",,,,
32,2021-01-06 00:18:00,2.0,5.0151615287538,51.22629822271337,77.43268983958075,0.03509999999999991,0.0007600128244033424,"cx2_3: 1.566e-2 , cx2_1: 1.861e-2 ",,,,
33,2021-01-06 00:18:00,3.0,5.259259593405023,91.33940997731364,110.31469861510912,0.01560000000000006,0.0002671974290064864,"cx3_4: 4.695e-2 , cx3_2: 1.566e-2 ",,,,
34,2021-01-06 00:18:00,4.0,4.997583033879731,60.83750273636507,125.90222024813026,0.045300000000000014,0.0009459307747323151,cx4_3: 4.695e-2 ,,,,
35,2021-01-07 00:19:00,,4.968662378714828,21.853523013088303,43.31599497980712,0.026499999999999968,0.0002491282816661768,cx0_1: 1.000e+0 ,,,,
36,2021-01-07 00:19:00,1.0,4.770073057542279,101.98565095443534,76.13757380651728,0.028599999999999962,0.00025320872922706224,"cx1_2: 1.623e-2 , cx1_0: 1.000e+0 ",,,,
37,2021-01-07 00:19:00,2.0,5.015165944752782,64.58441496010579,67.21974052568463,0.04580000000000006,0.0004940312826815513,"cx2_3: 1.105e-2 , cx2_1: 1.623e-2 ",,,,
38,2021-01-07 00:19:00,3.0,5.259262090973738,80.27387419098773,122.72737923536856,0.01629999999999998,0.0002749241671801145,"cx3_4: 5.252e-2 , cx3_2: 1.105e-2 ",,,,
39,2021-01-07 00:19:00,4.0,4.99758619738529,60.83750273636507,125.90222024813026,0.04489999999999994,0.001134607037371454,cx4_3: 5.252e-2 ,,,,
40,2021-01-07 23:19:00,,4.96866246827133,21.853523013088303,41.148560481972794,0.02679999999999993,0.00022740123083917347,cx0_1: 7.314e-3 ,,,,
41,2021-01-07 23:19:00,1.0,4.770085769962759,126.35334748440144,72.5481689885035,0.03299999999999992,0.000260146260546736,"cx1_2: 1.822e-2 , cx1_0: 7.314e-3 ",,,,
42,2021-01-07 23:19:00,2.0,5.015156537746658,71.21278502799305,93.65352740618505,0.024000000000000018,0.00034100136850371155,"cx2_3: 7.279e-3 , cx2_1: 1.822e-2 ",,,,
43,2021-01-07 23:19:00,3.0,5.2592601707970426,98.42513035400071,122.19876836432378,0.015800000000000036,0.0002968090231725783,"cx3_4: 5.608e-2 , cx3_2: 7.279e-3 ",,,,
44,2021-01-07 23:19:00,4.0,4.997577284849736,60.83750273636507,125.90222024813026,0.05119999999999991,0.0011016450608508958,cx4_3: 5.608e-2 ,,,,
45,2021-01-08 08:24:00,,4.968660323570785,42.28647371207561,67.14235431014525,0.028200000000000006,0.00022919016111593238,cx0_1: 6.075e-3 ,,,,
46,2021-01-08 08:24:00,1.0,4.7700840437088665,120.13314189546769,91.8131013801353,0.022599999999999957,0.00022480803421232406,"cx1_2: 1.693e-2 , cx1_0: 6.075e-3 ",,,,
47,2021-01-08 08:24:00,2.0,5.0151687815381925,64.20773253103293,94.14264366103649,0.029499999999999967,0.0003544853490742836,"cx2_3: 9.530e-3 , cx2_1: 1.693e-2 ",,,,
48,2021-01-08 08:24:00,3.0,5.2592482502551485,75.57261004584939,90.72662985411716,0.017400000000000082,0.00034999261683074656,"cx3_4: 4.855e-2 , cx3_2: 9.530e-3 ",,,,
49,2021-01-08 08:24:00,4.0,4.997584592233503,60.83750273636507,125.90222024813026,0.04679999999999995,0.0010255211862760637,cx4_3: 4.855e-2 ,,,,
50,2021-01-09 23:55:00,,4.968665004861936,85.18164263716021,72.60246522436313,0.02489999999999992,0.00023992444709763965,cx0_1: 1.000e+0 ,,,,
51,2021-01-09 23:55:00,1.0,4.7700767340995585,93.3679937858313,94.82760002134762,0.02760000000000007,0.00023610458883748314,"cx1_2: 1.000e+0 , cx1_0: 1.000e+0 ",,,,
52,2021-01-09 23:55:00,2.0,5.015170474992877,73.86122388124308,128.14822066765996,0.023900000000000032,0.0003841032106948874,"cx2_3: 9.888e-3 , cx2_1: 1.000e+0 ",,,,
53,2021-01-09 23:55:00,3.0,5.259260068874627,88.54629707429609,110.57437488553732,0.032499999999999966,0.0003289024625719187,"cx3_4: 2.687e-2 , cx3_2: 9.888e-3 ",,,,
54,2021-01-09 23:55:00,4.0,4.997670218263819,79.92766697941839,150.564031739518,0.05369999999999997,0.0009412659860198627,cx4_3: 2.687e-2 ,,,,
55,2021-01-10 23:55:00,,4.96866246827133,21.853523013088303,41.148560481972794,0.02679999999999993,0.00022740123083917347,cx0_1: 7.314e-3 ,,,,
56,2021-01-10 23:55:00,1.0,4.770085769962759,126.35334748440144,72.5481689885035,0.03299999999999992,0.000260146260546736,"cx1_2: 1.822e-2 , cx1_0: 7.314e-3 ",,,,
57,2021-01-10 23:55:00,2.0,5.015156537746658,71.21278502799305,93.65352740618505,0.024000000000000018,0.00034100136850371155,"cx2_3: 7.279e-3 , cx2_1: 1.822e-2 ",,,,
58,2021-01-10 23:55:00,3.0,5.2592601707970426,98.42513035400071,122.19876836432378,0.015800000000000036,0.0002968090231725783,"cx3_4: 5.608e-2 , cx3_2: 7.279e-3 ",,,,
59,2021-01-10 23:55:00,4.0,4.997577284849736,60.83750273636507,125.90222024813026,0.05119999999999991,0.0011016450608508958,cx4_3: 5.608e-2 ,,,,
60,2021-01-11 12:05:00,,4.96865882068957,81.24472396226051,70.2218430690169,0.025100000000000008,0.00024387860770068204,cx0_1: 7.232e-3 ,,,,
61,2021-01-11 12:05:00,1.0,4.770076803351847,47.97795204709846,68.36145116898382,0.029200000000000007,0.00028348300905975865,"cx1_2: 2.067e-2 , cx1_0: 7.232e-3 ",,,,
62,2021-01-11 12:05:00,2.0,5.015162760387152,76.23270634518431,72.59266770581331,0.026499999999999968,0.0002951539098515651,"cx2_3: 7.336e-3 , cx2_1: 2.067e-2 ",,,,
63,2021-01-11 12:05:00,3.0,5.259259991280747,48.84816267592613,74.31396784161696,0.018299999999999983,0.00029879307868709655,"cx3_4: 2.626e-2 , cx3_2: 7.336e-3 ",,,,
64,2021-01-11 12:05:00,4.0,4.997676759364913,103.62470781049237,122.5476090195168,0.04879999999999996,0.001037579791248554,cx4_3: 2.626e-2 ,,,,
65,2021-01-12 10:46:00,,4.968666524300303,98.75741294180693,47.901604677239675,0.026699999999999943,0.0002051104818871295,cx0_1: 7.716e-3 ,,,,
66,2021-01-12 10:46:00,1.0,4.770083925239264,89.4816518535719,80.47220715423909,0.03469999999999995,0.00029925919180494336,"cx1_2: 1.707e-2 , cx1_0: 7.716e-3 ",,,,
67,2021-01-12 10:46:00,2.0,5.015166094900961,84.59646800396028,138.53661619886256,0.023600000000000062,0.00036535816318244985,"cx2_3: 7.189e-3 , cx2_1: 1.707e-2 ",,,,
68,2021-01-12 10:46:00,3.0,5.2592602761272165,96.70853906502312,116.38154576742231,0.021299999999999986,0.0003119059461238052,"cx3_4: 3.123e-2 , cx3_2: 7.189e-3 ",,,,
69,2021-01-12 10:46:00,4.0,4.997667197691968,103.62470781049237,75.27720585064918,0.05720000000000002,0.0012063625936765267,cx4_3: 3.123e-2 ,,,,
70,2021-01-13 13:45:00,,4.96867094150884,105.86225710611427,77.04335019593216,0.023900000000000032,0.0002354513170281246,cx0_1: 7.403e-3 ,,,,
71,2021-01-13 13:45:00,1.0,4.770081486184035,102.34010139174309,57.24184578930342,0.02479999999999993,0.00029759970070959534,"cx1_2: 2.523e-2 , cx1_0: 7.403e-3 ",,,,
72,2021-01-13 13:45:00,2.0,5.0151545426162905,86.25772438082916,137.28483356038006,0.0242,0.0009191980101006444,"cx2_3: 1.281e-2 , cx2_1: 2.523e-2 ",,,,
73,2021-01-13 13:45:00,3.0,5.259256648226535,89.9152153430145,149.7229522831653,0.02849999999999997,0.00032943316243340577,"cx3_4: 5.465e-2 , cx3_2: 1.281e-2 ",,,,
74,2021-01-13 13:45:00,4.0,4.997653405640077,60.83750273636507,125.90222024813026,0.04669999999999997,0.0011434649646318586,cx4_3: 5.465e-2 ,,,,
75,2021-01-14 15:00:00,0.0,4.968666275932819,125.58891022327721,83.74219574133413,0.025000000000000026,,cx0_1: 6.309e-3 ,0.0002643420631817037,,,
76,2021-01-14 15:00:00,1.0,4.770075931469499,97.47403247653288,72.54674654029832,0.028299999999999995,,"cx1_2: 2.217e-2 , cx1_0: 6.309e-3 ",0.0002876387794717328,,,
77,2021-01-14 15:00:00,2.0,5.015153169464673,64.62490675103692,96.82371028042023,0.02839999999999998,,"cx2_3: 9.865e-3 , cx2_1: 2.217e-2 ",0.0004860609622938826,,,
78,2021-01-14 15:00:00,3.0,5.259253230258907,77.66051464904679,109.29062427971556,0.02200000000000002,,"cx3_4: 5.137e-2 , cx3_2: 9.865e-3 ",0.00035963960049918047,,,
79,2021-01-14 15:00:00,4.0,4.9976753292864515,103.62470781049237,138.30599043269206,0.05000000000000005,,cx4_3: 5.137e-2 ,0.001178470602029459,,,
80,2021-01-15 13:00:00,,4.968660323570785,42.28647371207561,67.14235431014525,0.028200000000000006,0.00022919016111593238,cx0_1: 6.075e-3 ,,,,
81,2021-01-15 13:00:00,1.0,4.7700840437088665,120.13314189546769,91.8131013801353,0.022599999999999957,0.00022480803421232406,"cx1_2: 1.693e-2 , cx1_0: 6.075e-3 ",,,,
82,2021-01-15 13:00:00,2.0,5.0151687815381925,64.20773253103293,94.14264366103649,0.029499999999999967,0.0003544853490742836,"cx2_3: 9.530e-3 , cx2_1: 1.693e-2 ",,,,
83,2021-01-15 13:00:00,3.0,5.2592482502551485,75.57261004584939,90.72662985411716,0.017400000000000082,0.00034999261683074656,"cx3_4: 4.855e-2 , cx3_2: 9.530e-3 ",,,,
84,2021-01-15 13:00:00,4.0,4.997584592233503,60.83750273636507,125.90222024813026,0.04679999999999995,0.0010255211862760637,cx4_3: 4.855e-2 ,,,,
85,2021-01-16 16:45:00,,4.968660323570785,42.28647371207561,67.14235431014525,0.028200000000000006,0.00022919016111593238,cx0_1: 6.075e-3 ,,,,
86,2021-01-16 16:45:00,1.0,4.7700840437088665,120.13314189546769,91.8131013801353,0.022599999999999957,0.00022480803421232406,"cx1_2: 1.693e-2 , cx1_0: 6.075e-3 ",,,,
87,2021-01-16 16:45:00,2.0,5.0151687815381925,64.20773253103293,94.14264366103649,0.029499999999999967,0.0003544853490742836,"cx2_3: 9.530e-3 , cx2_1: 1.693e-2 ",,,,
88,2021-01-16 16:45:00,3.0,5.2592482502551485,75.57261004584939,90.72662985411716,0.017400000000000082,0.00034999261683074656,"cx3_4: 4.855e-2 , cx3_2: 9.530e-3 ",,,,
89,2021-01-16 16:45:00,4.0,4.997584592233503,60.83750273636507,125.90222024813026,0.04679999999999995,0.0010255211862760637,cx4_3: 4.855e-2 ,,,,
90,2021-01-17 19:00:00,0.0,4.968659295257702,55.35824646520373,48.05839030125121,0.023299999999999987,,cx0_1: 7.339e-3 ,0.00026417461228421627,,,
91,2021-01-17 19:00:00,1.0,4.770078799898647,118.72948345095423,71.43202821688914,0.03970000000000007,,"cx1_2: 2.556e-2 , cx1_0: 7.339e-3 ",0.0003124391206508047,,,
92,2021-01-17 19:00:00,2.0,5.015160845539291,76.1328516219975,98.80473275842455,0.02529999999999999,,"cx2_3: 1.153e-2 , cx2_1: 2.556e-2 ",0.0004612404284087348,,,
93,2021-01-17 19:00:00,3.0,5.259249192486141,66.25098267722841,116.2955503243057,0.02039999999999997,,"cx3_4: 6.817e-2 , cx3_2: 1.153e-2 ",0.0003149524276117571,,,
94,2021-01-17 19:00:00,4.0,4.9976335506411145,103.62470781049237,138.30599043269206,0.04400000000000004,,cx4_3: 6.817e-2 ,0.0014031600309003676,,,
95,2021-01-18 12:44:00,0.0,4.968666275932819,125.58891022327721,83.74219574133413,0.025000000000000026,,cx0_1: 6.309e-3 ,0.0002643420631817037,,,
96,2021-01-18 12:44:00,1.0,4.770075931469499,97.47403247653288,72.54674654029832,0.028299999999999995,,"cx1_2: 2.217e-2 , cx1_0: 6.309e-3 ",0.0002876387794717328,,,
97,2021-01-18 12:44:00,2.0,5.015153169464673,64.62490675103692,96.82371028042023,0.02839999999999998,,"cx2_3: 9.865e-3 , cx2_1: 2.217e-2 ",0.0004860609622938826,,,
98,2021-01-18 12:44:00,3.0,5.259253230258907,77.66051464904679,109.29062427971556,0.02200000000000002,,"cx3_4: 5.137e-2 , cx3_2: 9.865e-3 ",0.00035963960049918047,,,
99,2021-01-18 12:44:00,4.0,4.9976753292864515,103.62470781049237,138.30599043269206,0.05000000000000005,,cx4_3: 5.137e-2 ,0.001178470602029459,,,
100,2021-01-19 10:24:00,0.0,4.968659295257702,55.35824646520373,48.05839030125121,0.023299999999999987,,cx0_1: 7.339e-3 ,0.00026417461228421627,,,
101,2021-01-19 10:24:00,1.0,4.770078799898647,118.72948345095423,71.43202821688914,0.03970000000000007,,"cx1_2: 2.556e-2 , cx1_0: 7.339e-3 ",0.0003124391206508047,,,
102,2021-01-19 10:24:00,2.0,5.015160845539291,76.1328516219975,98.80473275842455,0.02529999999999999,,"cx2_3: 1.153e-2 , cx2_1: 2.556e-2 ",0.0004612404284087348,,,
103,2021-01-19 10:24:00,3.0,5.259249192486141,66.25098267722841,116.2955503243057,0.02039999999999997,,"cx3_4: 6.817e-2 , cx3_2: 1.153e-2 ",0.0003149524276117571,,,
104,2021-01-19 10:24:00,4.0,4.9976335506411145,103.62470781049237,138.30599043269206,0.04400000000000004,,cx4_3: 6.817e-2 ,0.0014031600309003676,,,
105,2021-01-20 22:00:00,,4.968660323570785,42.28647371207561,67.14235431014525,0.028200000000000006,0.00022919016111593238,cx0_1: 6.075e-3 ,,,,
106,2021-01-20 22:00:00,1.0,4.7700840437088665,120.13314189546769,91.8131013801353,0.022599999999999957,0.00022480803421232406,"cx1_2: 1.693e-2 , cx1_0: 6.075e-3 ",,,,
107,2021-01-20 22:00:00,2.0,5.0151687815381925,64.20773253103293,94.14264366103649,0.029499999999999967,0.0003544853490742836,"cx2_3: 9.530e-3 , cx2_1: 1.693e-2 ",,,,
108,2021-01-20 22:00:00,3.0,5.2592482502551485,75.57261004584939,90.72662985411716,0.017400000000000082,0.00034999261683074656,"cx3_4: 4.855e-2 , cx3_2: 9.530e-3 ",,,,
109,2021-01-20 22:00:00,4.0,4.997584592233503,60.83750273636507,125.90222024813026,0.04679999999999995,0.0010255211862760637,cx4_3: 4.855e-2 ,,,,
110,2021-01-21 14:00:00,,4.968660323570785,42.28647371207561,67.14235431014525,0.028200000000000006,0.00022919016111593238,cx0_1: 6.075e-3 ,,,,
111,2021-01-21 14:00:00,1.0,4.7700840437088665,120.13314189546769,91.8131013801353,0.022599999999999957,0.00022480803421232406,"cx1_2: 1.693e-2 , cx1_0: 6.075e-3 ",,,,
112,2021-01-21 14:00:00,2.0,5.0151687815381925,64.20773253103293,94.14264366103649,0.029499999999999967,0.0003544853490742836,"cx2_3: 9.530e-3 , cx2_1: 1.693e-2 ",,,,
113,2021-01-21 14:00:00,3.0,5.2592482502551485,75.57261004584939,90.72662985411716,0.017400000000000082,0.00034999261683074656,"cx3_4: 4.855e-2 , cx3_2: 9.530e-3 ",,,,
114,2021-01-21 14:00:00,4.0,4.997584592233503,60.83750273636507,125.90222024813026,0.04679999999999995,0.0010255211862760637,cx4_3: 4.855e-2 ,,,,
115,2021-01-22 16:45:00,0.0,4.968666248260051,127.07183588594818,69.31976350843375,0.027000000000000024,,cx0_1: 7.734e-3 ,0.00021836760440959664,,,
116,2021-01-22 16:45:00,1.0,4.770074038886974,75.02579530438025,70.16556625150575,0.02969999999999995,,"cx1_2: 1.961e-2 , cx1_0: 7.734e-3 ",0.0003696834855809587,,,
117,2021-01-22 16:45:00,2.0,5.015155139761302,70.82727472605512,173.63489804490382,0.028100000000000014,,"cx2_3: 8.976e-3 , cx2_1: 1.961e-2 ",0.0005228282707988634,,,
118,2021-01-22 16:45:00,3.0,5.259259781338108,76.96993630966844,133.95732642486465,0.017900000000000027,,"cx3_4: 4.883e-2 , cx3_2: 8.976e-3 ",0.00026368178193059133,,,
119,2021-01-22 16:45:00,4.0,4.9975851954732,103.62470781049237,138.30599043269206,0.04469999999999996,,cx4_3: 4.883e-2 ,0.0013449390617141404,,,
120,2021-01-23 10:00:00,,4.968660323570785,42.28647371207561,67.14235431014525,0.028200000000000006,0.00022919016111593238,cx0_1: 6.075e-3 ,,,,
121,2021-01-23 10:00:00,1.0,4.7700840437088665,120.13314189546769,91.8131013801353,0.022599999999999957,0.00022480803421232406,"cx1_2: 1.693e-2 , cx1_0: 6.075e-3 ",,,,
122,2021-01-23 10:00:00,2.0,5.0151687815381925,64.20773253103293,94.14264366103649,0.029499999999999967,0.0003544853490742836,"cx2_3: 9.530e-3 , cx2_1: 1.693e-2 ",,,,
123,2021-01-23 10:00:00,3.0,5.2592482502551485,75.57261004584939,90.72662985411716,0.017400000000000082,0.00034999261683074656,"cx3_4: 4.855e-2 , cx3_2: 9.530e-3 ",,,,
124,2021-01-23 10:00:00,4.0,4.997584592233503,60.83750273636507,125.90222024813026,0.04679999999999995,0.0010255211862760637,cx4_3: 4.855e-2 ,,,,
125,2021-01-24 19:00:00,0.0,4.968666248260051,127.07183588594818,69.31976350843375,0.027000000000000024,,cx0_1: 7.734e-3 ,0.00021836760440959664,,,
126,2021-01-24 19:00:00,1.0,4.770074038886974,75.02579530438025,70.16556625150575,0.02969999999999995,,"cx1_2: 1.961e-2 , cx1_0: 7.734e-3 ",0.0003696834855809587,,,
127,2021-01-24 19:00:00,2.0,5.015155139761302,70.82727472605512,173.63489804490382,0.028100000000000014,,"cx2_3: 8.976e-3 , cx2_1: 1.961e-2 ",0.0005228282707988634,,,
128,2021-01-24 19:00:00,3.0,5.259259781338108,76.96993630966844,133.95732642486465,0.017900000000000027,,"cx3_4: 4.883e-2 , cx3_2: 8.976e-3 ",0.00026368178193059133,,,
129,2021-01-24 19:00:00,4.0,4.9975851954732,103.62470781049237,138.30599043269206,0.04469999999999996,,cx4_3: 4.883e-2 ,0.0013449390617141404,,,
130,2021-01-25 22:16:00,0.0,4.968666248260051,127.07183588594818,69.31976350843375,0.027000000000000024,,cx0_1: 7.734e-3 ,0.00021836760440959664,,,
131,2021-01-25 22:16:00,1.0,4.770074038886974,75.02579530438025,70.16556625150575,0.02969999999999995,,"cx1_2: 1.961e-2 , cx1_0: 7.734e-3 ",0.0003696834855809587,,,
132,2021-01-25 22:16:00,2.0,5.015155139761302,70.82727472605512,173.63489804490382,0.028100000000000014,,"cx2_3: 8.976e-3 , cx2_1: 1.961e-2 ",0.0005228282707988634,,,
133,2021-01-25 22:16:00,3.0,5.259259781338108,76.96993630966844,133.95732642486465,0.017900000000000027,,"cx3_4: 4.883e-2 , cx3_2: 8.976e-3 ",0.00026368178193059133,,,
134,2021-01-25 22:16:00,4.0,4.9975851954732,103.62470781049237,138.30599043269206,0.04469999999999996,,cx4_3: 4.883e-2 ,0.0013449390617141404,,,
135,2021-01-26 13:53:00,0.0,4.9686609743274746,159.4179600285186,70.60421917994178,0.0250999999999999,,cx0_1: 6.285e-3 ,0.00017215624359454078,,,
136,2021-01-26 13:53:00,1.0,4.7700807542350665,132.03173856937892,74.44571048404418,0.03269999999999995,,"cx1_2: 1.864e-2 , cx1_0: 6.285e-3 ",0.0002601826678959506,,,
137,2021-01-26 13:53:00,2.0,5.0151529685362535,66.8399143405763,92.0881490781557,0.02629999999999999,,"cx2_3: 9.520e-3 , cx2_1: 1.864e-2 ",0.00044821797850158254,,,
138,2021-01-26 13:53:00,3.0,5.259259763999879,70.06274133972701,131.559443932115,0.02290000000000003,,"cx3_4: 8.092e-3 , cx3_2: 9.520e-3 ",0.00027972098899497306,,,
139,2021-01-26 13:53:00,4.0,4.9976367755566375,84.84832167964045,123.56516070682274,0.0403,,cx4_3: 8.092e-3 ,0.00032475736126585383,,,
140,2021-01-28 23:30:00,0.0,4.968664319520494,99.3210039129942,80.51210941591023,0.03190000000000004,,cx0_1: 7.142e-3 ,0.0002302213989276604,,,
141,2021-01-28 23:30:00,1.0,4.7700825826836954,60.65923381973731,53.91844308952651,0.0343,,"cx1_2: 2.150e-2 , cx1_0: 7.142e-3 ",0.0003017766994582393,,,
142,2021-01-28 23:30:00,2.0,5.015151851470713,73.72251388889076,117.98065865157184,0.02479999999999993,,"cx2_1: 2.150e-2 , cx2_3: 8.772e-3 ",0.0003664750760825096,,,
143,2021-01-28 23:30:00,3.0,5.259255183930914,42.679062328705776,125.16840423272829,0.020499999999999963,,"cx3_4: 9.060e-3 , cx3_2: 8.772e-3 ",0.0003501574630298832,,,
144,2021-01-28 23:30:00,4.0,4.997626329605188,81.74528033564025,184.07836519056752,0.041000000000000036,,cx4_3: 9.060e-3 ,0.00039578444759877097,,,
145,2021-01-29 16:46:00,,4.968660323570785,42.28647371207561,67.14235431014525,0.028200000000000006,0.00022919016111593238,cx0_1: 6.075e-3 ,,,,
146,2021-01-29 16:46:00,1.0,4.7700840437088665,120.13314189546769,91.8131013801353,0.022599999999999957,0.00022480803421232406,"cx1_2: 1.693e-2 , cx1_0: 6.075e-3 ",,,,
147,2021-01-29 16:46:00,2.0,5.0151687815381925,64.20773253103293,94.14264366103649,0.029499999999999967,0.0003544853490742836,"cx2_3: 9.530e-3 , cx2_1: 1.693e-2 ",,,,
148,2021-01-29 16:46:00,3.0,5.2592482502551485,75.57261004584939,90.72662985411716,0.017400000000000082,0.00034999261683074656,"cx3_4: 4.855e-2 , cx3_2: 9.530e-3 ",,,,
149,2021-01-29 16:46:00,4.0,4.997584592233503,60.83750273636507,125.90222024813026,0.04679999999999995,0.0010255211862760637,cx4_3: 4.855e-2 ,,,,
150,2021-01-30 10:00:00,0.0,4.968666248260051,127.07183588594818,69.31976350843375,0.027000000000000024,,cx0_1: 7.734e-3 ,0.00021836760440959664,,,
151,2021-01-30 10:00:00,1.0,4.770074038886974,75.02579530438025,70.16556625150575,0.02969999999999995,,"cx1_2: 1.961e-2 , cx1_0: 7.734e-3 ",0.0003696834855809587,,,
152,2021-01-30 10:00:00,2.0,5.015155139761302,70.82727472605512,173.63489804490382,0.028100000000000014,,"cx2_3: 8.976e-3 , cx2_1: 1.961e-2 ",0.0005228282707988634,,,
153,2021-01-30 10:00:00,3.0,5.259259781338108,76.96993630966844,133.95732642486465,0.017900000000000027,,"cx3_4: 4.883e-2 , cx3_2: 8.976e-3 ",0.00026368178193059133,,,
154,2021-01-30 10:00:00,4.0,4.9975851954732,103.62470781049237,138.30599043269206,0.04469999999999996,,cx4_3: 4.883e-2 ,0.0013449390617141404,,,
155,2021-01-31 14:00:00,,4.968660323570785,42.28647371207561,67.14235431014525,0.028200000000000006,0.00022919016111593238,cx0_1: 6.075e-3 ,,,,
156,2021-01-31 14:00:00,1.0,4.7700840437088665,120.13314189546769,91.8131013801353,0.022599999999999957,0.00022480803421232406,"cx1_2: 1.693e-2 , cx1_0: 6.075e-3 ",,,,
157,2021-01-31 14:00:00,2.0,5.0151687815381925,64.20773253103293,94.14264366103649,0.029499999999999967,0.0003544853490742836,"cx2_3: 9.530e-3 , cx2_1: 1.693e-2 ",,,,
158,2021-01-31 14:00:00,3.0,5.2592482502551485,75.57261004584939,90.72662985411716,0.017400000000000082,0.00034999261683074656,"cx3_4: 4.855e-2 , cx3_2: 9.530e-3 ",,,,
159,2021-01-31 14:00:00,4.0,4.997584592233503,60.83750273636507,125.90222024813026,0.04679999999999995,0.0010255211862760637,cx4_3: 4.855e-2 ,,,,
160,2021-02-01 10:00:00,0.0,4.968657860224125,72.70953444870119,39.05386464587605,0.045600000000000085,,cx0_1: 9.068e-3 ,0.0007112124113534575,,,
161,2021-02-01 10:00:00,1.0,4.770073694314396,117.59245036439509,90.21981686227528,0.02659999999999996,,"cx1_2: 1.845e-2 , cx1_0: 9.068e-3 ",0.00022155957123479945,,,
162,2021-02-01 10:00:00,2.0,5.015155260113059,59.49413904630739,94.5406853184021,0.0202,,"cx2_3: 7.150e-3 , cx2_1: 1.845e-2 ",0.00035104209939815163,,,
163,2021-02-01 10:00:00,3.0,5.259277718680768,75.79794085830578,101.93319190608179,0.020499999999999963,,"cx3_4: 1.016e-2 , cx3_2: 7.150e-3 ",0.00031725751237087385,,,
164,2021-02-01 10:00:00,4.0,4.997620663920789,73.55215428123302,130.3011275501519,0.03859999999999997,,cx4_3: 1.016e-2 ,0.00046973099855167626,,,
165,2021-02-02 10:00:00,0.0,4.968657860224125,72.70953444870119,39.05386464587605,0.045600000000000085,,cx0_1: 9.068e-3 ,0.0007112124113534575,,,
166,2021-02-02 10:00:00,1.0,4.770073694314396,117.59245036439509,90.21981686227528,0.02659999999999996,,"cx1_2: 1.845e-2 , cx1_0: 9.068e-3 ",0.00022155957123479945,,,
167,2021-02-02 10:00:00,2.0,5.015155260113059,59.49413904630739,94.5406853184021,0.0202,,"cx2_3: 7.150e-3 , cx2_1: 1.845e-2 ",0.00035104209939815163,,,
168,2021-02-02 10:00:00,3.0,5.259277718680768,75.79794085830578,101.93319190608179,0.020499999999999963,,"cx3_4: 1.016e-2 , cx3_2: 7.150e-3 ",0.00031725751237087385,,,
169,2021-02-02 10:00:00,4.0,4.997620663920789,73.55215428123302,130.3011275501519,0.03859999999999997,,cx4_3: 1.016e-2 ,0.00046973099855167626,,,
170,2021-02-03 10:25:00,0.0,4.968657860224125,72.70953444870119,39.05386464587605,0.045600000000000085,,cx0_1: 9.068e-3 ,0.0007112124113534575,,,
171,2021-02-03 10:25:00,1.0,4.770073694314396,117.59245036439509,90.21981686227528,0.02659999999999996,,"cx1_2: 1.845e-2 , cx1_0: 9.068e-3 ",0.00022155957123479945,,,
172,2021-02-03 10:25:00,2.0,5.015155260113059,59.49413904630739,94.5406853184021,0.0202,,"cx2_3: 7.150e-3 , cx2_1: 1.845e-2 ",0.00035104209939815163,,,
173,2021-02-03 10:25:00,3.0,5.259277718680768,75.79794085830578,101.93319190608179,0.020499999999999963,,"cx3_4: 1.016e-2 , cx3_2: 7.150e-3 ",0.00031725751237087385,,,
174,2021-02-03 10:25:00,4.0,4.997620663920789,73.55215428123302,130.3011275501519,0.03859999999999997,,cx4_3: 1.016e-2 ,0.00046973099855167626,,,
175,2021-02-04 10:00:00,0.0,4.968657860224125,72.70953444870119,39.05386464587605,0.045600000000000085,,cx0_1: 9.068e-3 ,0.0007112124113534575,,,
176,2021-02-04 10:00:00,1.0,4.770073694314396,117.59245036439509,90.21981686227528,0.02659999999999996,,"cx1_2: 1.845e-2 , cx1_0: 9.068e-3 ",0.00022155957123479945,,,
177,2021-02-04 10:00:00,2.0,5.015155260113059,59.49413904630739,94.5406853184021,0.0202,,"cx2_3: 7.150e-3 , cx2_1: 1.845e-2 ",0.00035104209939815163,,,
178,2021-02-04 10:00:00,3.0,5.259277718680768,75.79794085830578,101.93319190608179,0.020499999999999963,,"cx3_4: 1.016e-2 , cx3_2: 7.150e-3 ",0.00031725751237087385,,,
179,2021-02-04 10:00:00,4.0,4.997620663920789,73.55215428123302,130.3011275501519,0.03859999999999997,,cx4_3: 1.016e-2 ,0.00046973099855167626,,,
180,2021-02-05 14:00:00,0.0,4.968657860224125,72.70953444870119,39.05386464587605,0.045600000000000085,,cx0_1: 9.068e-3 ,0.0007112124113534575,,,
181,2021-02-05 14:00:00,1.0,4.770073694314396,117.59245036439509,90.21981686227528,0.02659999999999996,,"cx1_2: 1.845e-2 , cx1_0: 9.068e-3 ",0.00022155957123479945,,,
182,2021-02-05 14:00:00,2.0,5.015155260113059,59.49413904630739,94.5406853184021,0.0202,,"cx2_3: 7.150e-3 , cx2_1: 1.845e-2 ",0.00035104209939815163,,,
183,2021-02-05 14:00:00,3.0,5.259277718680768,75.79794085830578,101.93319190608179,0.020499999999999963,,"cx3_4: 1.016e-2 , cx3_2: 7.150e-3 ",0.00031725751237087385,,,
184,2021-02-05 14:00:00,4.0,4.997620663920789,73.55215428123302,130.3011275501519,0.03859999999999997,,cx4_3: 1.016e-2 ,0.00046973099855167626,,,
185,2021-02-06 14:00:00,0.0,4.968657860224125,72.70953444870119,39.05386464587605,0.045600000000000085,,cx0_1: 9.068e-3 ,0.0007112124113534575,,,
186,2021-02-06 14:00:00,1.0,4.770073694314396,117.59245036439509,90.21981686227528,0.02659999999999996,,"cx1_2: 1.845e-2 , cx1_0: 9.068e-3 ",0.00022155957123479945,,,
187,2021-02-06 14:00:00,2.0,5.015155260113059,59.49413904630739,94.5406853184021,0.0202,,"cx2_3: 7.150e-3 , cx2_1: 1.845e-2 ",0.00035104209939815163,,,
188,2021-02-06 14:00:00,3.0,5.259277718680768,75.79794085830578,101.93319190608179,0.020499999999999963,,"cx3_4: 1.016e-2 , cx3_2: 7.150e-3 ",0.00031725751237087385,,,
189,2021-02-06 14:00:00,4.0,4.997620663920789,73.55215428123302,130.3011275501519,0.03859999999999997,,cx4_3: 1.016e-2 ,0.00046973099855167626,,,
190,2021-02-07 10:00:00,0.0,4.968657860224125,72.70953444870119,39.05386464587605,0.045600000000000085,,cx0_1: 9.068e-3 ,0.0007112124113534575,,,
191,2021-02-07 10:00:00,1.0,4.770073694314396,117.59245036439509,90.21981686227528,0.02659999999999996,,"cx1_2: 1.845e-2 , cx1_0: 9.068e-3 ",0.00022155957123479945,,,
192,2021-02-07 10:00:00,2.0,5.015155260113059,59.49413904630739,94.5406853184021,0.0202,,"cx2_3: 7.150e-3 , cx2_1: 1.845e-2 ",0.00035104209939815163,,,
193,2021-02-07 10:00:00,3.0,5.259277718680768,75.79794085830578,101.93319190608179,0.020499999999999963,,"cx3_4: 1.016e-2 , cx3_2: 7.150e-3 ",0.00031725751237087385,,,
194,2021-02-07 10:00:00,4.0,4.997620663920789,73.55215428123302,130.3011275501519,0.03859999999999997,,cx4_3: 1.016e-2 ,0.00046973099855167626,,,
195,2021-02-08 16:00:00,0.0,4.968657860224125,72.70953444870119,39.05386464587605,0.045600000000000085,,cx0_1: 9.068e-3 ,0.0007112124113534575,,,
196,2021-02-08 16:00:00,1.0,4.770073694314396,117.59245036439509,90.21981686227528,0.02659999999999996,,"cx1_2: 1.845e-2 , cx1_0: 9.068e-3 ",0.00022155957123479945,,,
197,2021-02-08 16:00:00,2.0,5.015155260113059,59.49413904630739,94.5406853184021,0.0202,,"cx2_3: 7.150e-3 , cx2_1: 1.845e-2 ",0.00035104209939815163,,,
198,2021-02-08 16:00:00,3.0,5.259277718680768,75.79794085830578,101.93319190608179,0.020499999999999963,,"cx3_4: 1.016e-2 , cx3_2: 7.150e-3 ",0.00031725751237087385,,,
199,2021-02-08 16:00:00,4.0,4.997620663920789,73.55215428123302,130.3011275501519,0.03859999999999997,,cx4_3: 1.016e-2 ,0.00046973099855167626,,,
200,2021-02-09 11:00:00,0.0,4.9686591053909765,112.33691346480316,75.65825215714183,0.025700000000000056,,cx0_1: 7.267e-3 ,0.0002085150101367867,,,
201,2021-02-09 11:00:00,1.0,4.770075574675813,103.33238559568943,70.31207222216351,0.030200000000000005,,"cx1_2: 3.222e-2 , cx1_0: 7.267e-3 ",0.00020305761615349425,,,
202,2021-02-09 11:00:00,2.0,5.015143511692656,59.11485650839282,118.2850052110374,0.02290000000000003,,"cx2_3: 9.972e-3 , cx2_1: 3.222e-2 ",0.00047996868836095975,,,
203,2021-02-09 11:00:00,3.0,5.259269488404159,75.39692012197298,102.22617066115852,0.019399999999999973,,"cx3_4: 1.805e-2 , cx3_2: 9.972e-3 ",0.00038633737856388266,,,
204,2021-02-09 11:00:00,4.0,4.997595674670915,62.88748328602539,63.38396798899288,0.0413,,cx4_3: 1.805e-2 ,0.0011647417427556738,,,
205,2021-02-10 09:05:00,0.0,4.9686591053909765,112.33691346480316,75.65825215714183,0.025700000000000056,,cx0_1: 7.267e-3 ,0.0002085150101367867,,,
206,2021-02-10 09:05:00,1.0,4.770075574675813,103.33238559568943,70.31207222216351,0.030200000000000005,,"cx1_2: 3.222e-2 , cx1_0: 7.267e-3 ",0.00020305761615349425,,,
207,2021-02-10 09:05:00,2.0,5.015143511692656,59.11485650839282,118.2850052110374,0.02290000000000003,,"cx2_3: 9.972e-3 , cx2_1: 3.222e-2 ",0.00047996868836095975,,,
208,2021-02-10 09:05:00,3.0,5.259269488404159,75.39692012197298,102.22617066115852,0.019399999999999973,,"cx3_4: 1.805e-2 , cx3_2: 9.972e-3 ",0.00038633737856388266,,,
209,2021-02-10 09:05:00,4.0,4.997595674670915,62.88748328602539,63.38396798899288,0.0413,,cx4_3: 1.805e-2 ,0.0011647417427556738,,,
210,2021-02-11 12:00:00,,4.968671211622909,62.427422102971214,73.94758855739117,0.023700000000000054,0.0002957540235357527,cx0_1: 6.447e-3 ,,,,
211,2021-02-11 12:00:00,1.0,4.770091201533624,96.34243718697063,66.91782478868029,0.02479999999999993,0.0002527249688169423,"cx1_2: 1.728e-2 , cx1_0: 6.447e-3 ",,,,
212,2021-02-11 12:00:00,2.0,5.0151586136790565,79.90071539580232,89.87942393049946,0.017800000000000038,0.0004112188660964363,"cx2_3: 1.051e-2 , cx2_1: 1.728e-2 ",,,,
213,2021-02-11 12:00:00,3.0,5.259253530539064,94.72515001654202,118.18689524833259,0.022699999999999942,0.0004055114663398373,"cx3_4: 1.623e-2 , cx3_2: 1.051e-2 ",,,,
214,2021-02-11 12:00:00,4.0,4.9976464909059235,80.1776441329653,115.30077263761845,0.06830000000000003,0.00135579387188003,cx4_3: 1.623e-2 ,,,,
215,2021-02-12 17:00:00,0.0,4.968730007455559,74.68596836394201,70.92348146422681,0.030499999999999968,,cx0_1: 6.822e-3 ,0.00020943291791594032,,,
216,2021-02-12 17:00:00,1.0,4.770075014718213,74.67469252685422,70.49551689674423,0.025900000000000038,,"cx1_2: 2.479e-2 , cx1_0: 6.822e-3 ",0.000340232889931228,,,
217,2021-02-12 17:00:00,2.0,5.0151560078631805,54.510092494453104,95.9884720129891,0.027599999999999958,,"cx2_3: 1.096e-2 , cx2_1: 2.479e-2 ",0.0004449553060618344,,,
218,2021-02-12 17:00:00,3.0,5.259268256772981,77.60019489275018,109.21246313570884,0.030899999999999924,,"cx3_4: 1.048e-2 , cx3_2: 1.096e-2 ",0.0003950483892244647,,,
219,2021-02-12 17:00:00,4.0,4.997612702578257,80.414799182617,109.72322731437387,0.03720000000000001,,cx4_3: 1.048e-2 ,0.0003534055086774998,,,
220,2021-02-13 10:00:00,0.0,4.968730007455559,74.68596836394201,70.92348146422681,0.030499999999999968,,cx0_1: 6.822e-3 ,0.00020943291791594032,,,
221,2021-02-13 10:00:00,1.0,4.770075014718213,74.67469252685422,70.49551689674423,0.025900000000000038,,"cx1_2: 2.479e-2 , cx1_0: 6.822e-3 ",0.000340232889931228,,,
222,2021-02-13 10:00:00,2.0,5.0151560078631805,54.510092494453104,95.9884720129891,0.027599999999999958,,"cx2_3: 1.096e-2 , cx2_1: 2.479e-2 ",0.0004449553060618344,,,
223,2021-02-13 10:00:00,3.0,5.259268256772981,77.60019489275018,109.21246313570884,0.030899999999999924,,"cx3_4: 1.048e-2 , cx3_2: 1.096e-2 ",0.0003950483892244647,,,
224,2021-02-13 10:00:00,4.0,4.997612702578257,80.414799182617,109.72322731437387,0.03720000000000001,,cx4_3: 1.048e-2 ,0.0003534055086774998,,,
225,2021-02-14 18:00:00,,4.968671211622909,62.427422102971214,73.94758855739117,0.023700000000000054,0.0002957540235357527,cx0_1: 6.447e-3 ,,,,
226,2021-02-14 18:00:00,1.0,4.770091201533624,96.34243718697063,66.91782478868029,0.02479999999999993,0.0002527249688169423,"cx1_2: 1.728e-2 , cx1_0: 6.447e-3 ",,,,
227,2021-02-14 18:00:00,2.0,5.0151586136790565,79.90071539580232,89.87942393049946,0.017800000000000038,0.0004112188660964363,"cx2_3: 1.051e-2 , cx2_1: 1.728e-2 ",,,,
228,2021-02-14 18:00:00,3.0,5.259253530539064,94.72515001654202,118.18689524833259,0.022699999999999942,0.0004055114663398373,"cx3_4: 1.623e-2 , cx3_2: 1.051e-2 ",,,,
229,2021-02-14 18:00:00,4.0,4.9976464909059235,80.1776441329653,115.30077263761845,0.06830000000000003,0.00135579387188003,cx4_3: 1.623e-2 ,,,,
230,2021-02-15 14:00:00,0.0,4.968730007455559,74.68596836394201,70.92348146422681,0.030499999999999968,,cx0_1: 6.822e-3 ,0.00020943291791594032,,,
231,2021-02-15 14:00:00,1.0,4.770075014718213,74.67469252685422,70.49551689674423,0.025900000000000038,,"cx1_2: 2.479e-2 , cx1_0: 6.822e-3 ",0.000340232889931228,,,
232,2021-02-15 14:00:00,2.0,5.0151560078631805,54.510092494453104,95.9884720129891,0.027599999999999958,,"cx2_3: 1.096e-2 , cx2_1: 2.479e-2 ",0.0004449553060618344,,,
233,2021-02-15 14:00:00,3.0,5.259268256772981,77.60019489275018,109.21246313570884,0.030899999999999924,,"cx3_4: 1.048e-2 , cx3_2: 1.096e-2 ",0.0003950483892244647,,,
234,2021-02-15 14:00:00,4.0,4.997612702578257,80.414799182617,109.72322731437387,0.03720000000000001,,cx4_3: 1.048e-2 ,0.0003534055086774998,,,
235,2021-02-16 14:00:00,0.0,4.968730007455559,74.68596836394201,70.92348146422681,0.030499999999999968,,cx0_1: 6.822e-3 ,0.00020943291791594032,,,
236,2021-02-16 14:00:00,1.0,4.770075014718213,74.67469252685422,70.49551689674423,0.025900000000000038,,"cx1_2: 2.479e-2 , cx1_0: 6.822e-3 ",0.000340232889931228,,,
237,2021-02-16 14:00:00,2.0,5.0151560078631805,54.510092494453104,95.9884720129891,0.027599999999999958,,"cx2_3: 1.096e-2 , cx2_1: 2.479e-2 ",0.0004449553060618344,,,
238,2021-02-16 14:00:00,3.0,5.259268256772981,77.60019489275018,109.21246313570884,0.030899999999999924,,"cx3_4: 1.048e-2 , cx3_2: 1.096e-2 ",0.0003950483892244647,,,
239,2021-02-16 14:00:00,4.0,4.997612702578257,80.414799182617,109.72322731437387,0.03720000000000001,,cx4_3: 1.048e-2 ,0.0003534055086774998,,,
240,2021-02-17 18:00:00,,4.968671211622909,62.427422102971214,73.94758855739117,0.023700000000000054,0.0002957540235357527,cx0_1: 6.447e-3 ,,,,
241,2021-02-17 18:00:00,1.0,4.770091201533624,96.34243718697063,66.91782478868029,0.02479999999999993,0.0002527249688169423,"cx1_2: 1.728e-2 , cx1_0: 6.447e-3 ",,,,
242,2021-02-17 18:00:00,2.0,5.0151586136790565,79.90071539580232,89.87942393049946,0.017800000000000038,0.0004112188660964363,"cx2_3: 1.051e-2 , cx2_1: 1.728e-2 ",,,,
243,2021-02-17 18:00:00,3.0,5.259253530539064,94.72515001654202,118.18689524833259,0.022699999999999942,0.0004055114663398373,"cx3_4: 1.623e-2 , cx3_2: 1.051e-2 ",,,,
244,2021-02-17 18:00:00,4.0,4.9976464909059235,80.1776441329653,115.30077263761845,0.06830000000000003,0.00135579387188003,cx4_3: 1.623e-2 ,,,,
245,2021-02-18 14:25:00,0.0,4.968727649932598,77.93699161145638,62.74892092826957,0.028599999999999962,,cx0_1: 5.539e-3 ,0.0002896126914317813,,,
246,2021-02-18 14:25:00,1.0,4.770074751800711,118.97081361256156,91.45820440356405,0.03509999999999991,,"cx1_2: 2.089e-2 , cx1_0: 5.539e-3 ",0.00025444332115280533,,,
247,2021-02-18 14:25:00,2.0,5.015161312252848,50.247312842507846,83.30650795308546,0.025700000000000056,,"cx2_3: 1.014e-2 , cx2_1: 2.089e-2 ",0.00042628539244807533,,,
248,2021-02-18 14:25:00,3.0,5.259265646502473,34.155013428126956,114.09844198204472,0.03400000000000003,,"cx3_4: 9.074e-3 , cx3_2: 1.014e-2 ",0.0004233458744047544,,,
249,2021-02-18 14:25:00,4.0,4.9976137697369,88.84935943800026,122.76991801961212,0.038699999999999964,,cx4_3: 9.074e-3 ,0.00029226150997503576,,,
250,2021-02-19 10:00:00,0.0,4.968730007455559,74.68596836394201,70.92348146422681,0.030499999999999968,,cx0_1: 6.822e-3 ,0.00020943291791594032,,,
251,2021-02-19 10:00:00,1.0,4.770075014718213,74.67469252685422,70.49551689674423,0.025900000000000038,,"cx1_2: 2.479e-2 , cx1_0: 6.822e-3 ",0.000340232889931228,,,
252,2021-02-19 10:00:00,2.0,5.0151560078631805,54.510092494453104,95.9884720129891,0.027599999999999958,,"cx2_3: 1.096e-2 , cx2_1: 2.479e-2 ",0.0004449553060618344,,,
253,2021-02-19 10:00:00,3.0,5.259268256772981,77.60019489275018,109.21246313570884,0.030899999999999924,,"cx3_4: 1.048e-2 , cx3_2: 1.096e-2 ",0.0003950483892244647,,,
254,2021-02-19 10:00:00,4.0,4.997612702578257,80.414799182617,109.72322731437387,0.03720000000000001,,cx4_3: 1.048e-2 ,0.0003534055086774998,,,
255,2021-02-20 14:00:00,0.0,4.968657860224125,72.70953444870119,39.05386464587605,0.045600000000000085,,cx0_1: 9.068e-3 ,0.0007112124113534575,,,
256,2021-02-20 14:00:00,1.0,4.770073694314396,117.59245036439509,90.21981686227528,0.02659999999999996,,"cx1_2: 1.845e-2 , cx1_0: 9.068e-3 ",0.00022155957123479945,,,
257,2021-02-20 14:00:00,2.0,5.015155260113059,59.49413904630739,94.5406853184021,0.0202,,"cx2_3: 7.150e-3 , cx2_1: 1.845e-2 ",0.00035104209939815163,,,
258,2021-02-20 14:00:00,3.0,5.259277718680768,75.79794085830578,101.93319190608179,0.020499999999999963,,"cx3_4: 1.016e-2 , cx3_2: 7.150e-3 ",0.00031725751237087385,,,
259,2021-02-20 14:00:00,4.0,4.997620663920789,73.55215428123302,130.3011275501519,0.03859999999999997,,cx4_3: 1.016e-2 ,0.00046973099855167626,,,
260,2021-02-21 14:00:00,0.0,4.968657860224125,72.70953444870119,39.05386464587605,0.045600000000000085,,cx0_1: 9.068e-3 ,0.0007112124113534575,,,
261,2021-02-21 14:00:00,1.0,4.770073694314396,117.59245036439509,90.21981686227528,0.02659999999999996,,"cx1_2: 1.845e-2 , cx1_0: 9.068e-3 ",0.00022155957123479945,,,
262,2021-02-21 14:00:00,2.0,5.015155260113059,59.49413904630739,94.5406853184021,0.0202,,"cx2_3: 7.150e-3 , cx2_1: 1.845e-2 ",0.00035104209939815163,,,
263,2021-02-21 14:00:00,3.0,5.259277718680768,75.79794085830578,101.93319190608179,0.020499999999999963,,"cx3_4: 1.016e-2 , cx3_2: 7.150e-3 ",0.00031725751237087385,,,
264,2021-02-21 14:00:00,4.0,4.997620663920789,73.55215428123302,130.3011275501519,0.03859999999999997,,cx4_3: 1.016e-2 ,0.00046973099855167626,,,
265,2021-02-22 10:00:00,0.0,4.968657860224125,72.70953444870119,39.05386464587605,0.045600000000000085,,cx0_1: 9.068e-3 ,0.0007112124113534575,,,
266,2021-02-22 10:00:00,1.0,4.770073694314396,117.59245036439509,90.21981686227528,0.02659999999999996,,"cx1_2: 1.845e-2 , cx1_0: 9.068e-3 ",0.00022155957123479945,,,
267,2021-02-22 10:00:00,2.0,5.015155260113059,59.49413904630739,94.5406853184021,0.0202,,"cx2_3: 7.150e-3 , cx2_1: 1.845e-2 ",0.00035104209939815163,,,
268,2021-02-22 10:00:00,3.0,5.259277718680768,75.79794085830578,101.93319190608179,0.020499999999999963,,"cx3_4: 1.016e-2 , cx3_2: 7.150e-3 ",0.00031725751237087385,,,
269,2021-02-22 10:00:00,4.0,4.997620663920789,73.55215428123302,130.3011275501519,0.03859999999999997,,cx4_3: 1.016e-2 ,0.00046973099855167626,,,
270,2021-02-23 16:00:00,0.0,4.968657860224125,72.70953444870119,39.05386464587605,0.045600000000000085,,cx0_1: 9.068e-3 ,0.0007112124113534575,,,
271,2021-02-23 16:00:00,1.0,4.770073694314396,117.59245036439509,90.21981686227528,0.02659999999999996,,"cx1_2: 1.845e-2 , cx1_0: 9.068e-3 ",0.00022155957123479945,,,
272,2021-02-23 16:00:00,2.0,5.015155260113059,59.49413904630739,94.5406853184021,0.0202,,"cx2_3: 7.150e-3 , cx2_1: 1.845e-2 ",0.00035104209939815163,,,
273,2021-02-23 16:00:00,3.0,5.259277718680768,75.79794085830578,101.93319190608179,0.020499999999999963,,"cx3_4: 1.016e-2 , cx3_2: 7.150e-3 ",0.00031725751237087385,,,
274,2021-02-23 16:00:00,4.0,4.997620663920789,73.55215428123302,130.3011275501519,0.03859999999999997,,cx4_3: 1.016e-2 ,0.00046973099855167626,,,
275,2021-02-24 11:00:00,0.0,4.9686591053909765,112.33691346480316,75.65825215714183,0.025700000000000056,,cx0_1: 7.267e-3 ,0.0002085150101367867,,,
276,2021-02-24 11:00:00,1.0,4.770075574675813,103.33238559568943,70.31207222216351,0.030200000000000005,,"cx1_2: 3.222e-2 , cx1_0: 7.267e-3 ",0.00020305761615349425,,,
277,2021-02-24 11:00:00,2.0,5.015143511692656,59.11485650839282,118.2850052110374,0.02290000000000003,,"cx2_3: 9.972e-3 , cx2_1: 3.222e-2 ",0.00047996868836095975,,,
278,2021-02-24 11:00:00,3.0,5.259269488404159,75.39692012197298,102.22617066115852,0.019399999999999973,,"cx3_4: 1.805e-2 , cx3_2: 9.972e-3 ",0.00038633737856388266,,,
279,2021-02-24 11:00:00,4.0,4.997595674670915,62.88748328602539,63.38396798899288,0.0413,,cx4_3: 1.805e-2 ,0.0011647417427556738,,,
280,2021-02-25 09:05:00,0.0,4.9686591053909765,112.33691346480316,75.65825215714183,0.025700000000000056,,cx0_1: 7.267e-3 ,0.0002085150101367867,,,
281,2021-02-25 09:05:00,1.0,4.770075574675813,103.33238559568943,70.31207222216351,0.030200000000000005,,"cx1_2: 3.222e-2 , cx1_0: 7.267e-3 ",0.00020305761615349425,,,
282,2021-02-25 09:05:00,2.0,5.015143511692656,59.11485650839282,118.2850052110374,0.02290000000000003,,"cx2_3: 9.972e-3 , cx2_1: 3.222e-2 ",0.00047996868836095975,,,
283,2021-02-25 09:05:00,3.0,5.259269488404159,75.39692012197298,102.22617066115852,0.019399999999999973,,"cx3_4: 1.805e-2 , cx3_2: 9.972e-3 ",0.00038633737856388266,,,
284,2021-02-25 09:05:00,4.0,4.997595674670915,62.88748328602539,63.38396798899288,0.0413,,cx4_3: 1.805e-2 ,0.0011647417427556738,,,
285,2021-02-26 12:00:00,,4.968671211622909,62.427422102971214,73.94758855739117,0.023700000000000054,0.0002957540235357527,cx0_1: 6.447e-3 ,,,,
286,2021-02-26 12:00:00,1.0,4.770091201533624,96.34243718697063,66.91782478868029,0.02479999999999993,0.0002527249688169423,"cx1_2: 1.728e-2 , cx1_0: 6.447e-3 ",,,,
287,2021-02-26 12:00:00,2.0,5.0151586136790565,79.90071539580232,89.87942393049946,0.017800000000000038,0.0004112188660964363,"cx2_3: 1.051e-2 , cx2_1: 1.728e-2 ",,,,
288,2021-02-26 12:00:00,3.0,5.259253530539064,94.72515001654202,118.18689524833259,0.022699999999999942,0.0004055114663398373,"cx3_4: 1.623e-2 , cx3_2: 1.051e-2 ",,,,
289,2021-02-26 12:00:00,4.0,4.9976464909059235,80.1776441329653,115.30077263761845,0.06830000000000003,0.00135579387188003,cx4_3: 1.623e-2 ,,,,
290,2021-02-27 17:00:00,0.0,4.968730007455559,74.68596836394201,70.92348146422681,0.030499999999999968,,cx0_1: 6.822e-3 ,0.00020943291791594032,,,
291,2021-02-27 17:00:00,1.0,4.770075014718213,74.67469252685422,70.49551689674423,0.025900000000000038,,"cx1_2: 2.479e-2 , cx1_0: 6.822e-3 ",0.000340232889931228,,,
292,2021-02-27 17:00:00,2.0,5.0151560078631805,54.510092494453104,95.9884720129891,0.027599999999999958,,"cx2_3: 1.096e-2 , cx2_1: 2.479e-2 ",0.0004449553060618344,,,
293,2021-02-27 17:00:00,3.0,5.259268256772981,77.60019489275018,109.21246313570884,0.030899999999999924,,"cx3_4: 1.048e-2 , cx3_2: 1.096e-2 ",0.0003950483892244647,,,
294,2021-02-27 17:00:00,4.0,4.997612702578257,80.414799182617,109.72322731437387,0.03720000000000001,,cx4_3: 1.048e-2 ,0.0003534055086774998,,,
295,2021-02-28 14:00:00,0.0,4.968657860224125,72.70953444870119,39.05386464587605,0.045600000000000085,,cx0_1: 9.068e-3 ,0.0007112124113534575,,,
296,2021-02-28 14:00:00,1.0,4.770073694314396,117.59245036439509,90.21981686227528,0.02659999999999996,,"cx1_2: 1.845e-2 , cx1_0: 9.068e-3 ",0.00022155957123479945,,,
297,2021-02-28 14:00:00,2.0,5.015155260113059,59.49413904630739,94.5406853184021,0.0202,,"cx2_3: 7.150e-3 , cx2_1: 1.845e-2 ",0.00035104209939815163,,,
298,2021-02-28 14:00:00,3.0,5.259277718680768,75.79794085830578,101.93319190608179,0.020499999999999963,,"cx3_4: 1.016e-2 , cx3_2: 7.150e-3 ",0.00031725751237087385,,,
299,2021-02-28 14:00:00,4.0,4.997620663920789,73.55215428123302,130.3011275501519,0.03859999999999997,,cx4_3: 1.016e-2 ,0.00046973099855167626,,,
300,2021-03-01 09:00:00,,4.968726128282602,85.31863890265238,59.8857371111866,,,cx0_1: 7.819e-3 ,,0.02679999999999993,0.0002394605260808689,
301,2021-03-01 09:00:00,1.0,4.770100394714643,124.8465312873373,110.03018881169216,,,"cx1_2: 1.652e-2 , cx1_0: 7.819e-3 ",,0.030399999999999983,0.0002716055600226576,
302,2021-03-01 09:00:00,2.0,5.0151776004293165,88.67934594624897,161.33506022387218,,,"cx2_3: 1.276e-2 , cx2_1: 1.652e-2 ",,0.07810000000000006,0.000667383638285872,
303,2021-03-01 09:00:00,3.0,5.2592620870485804,55.67050161263438,105.88349149791974,,,"cx3_4: 8.381e-3 , cx3_2: 1.276e-2 ",,0.020499999999999963,0.000300892918959972,
304,2021-03-01 09:00:00,4.0,4.997610490192778,75.73268681468564,199.57696842939117,,,cx4_3: 8.381e-3 ,,0.02039999999999997,0.00027525692106770554,
305,2021-03-02 20:00:00,,4.968726128282602,85.31863890265238,59.8857371111866,,,cx0_1: 7.819e-3 ,,0.02679999999999993,0.0002394605260808689,
306,2021-03-02 20:00:00,1.0,4.770100394714643,124.8465312873373,110.03018881169216,,,"cx1_2: 1.652e-2 , cx1_0: 7.819e-3 ",,0.030399999999999983,0.0002716055600226576,
307,2021-03-02 20:00:00,2.0,5.0151776004293165,88.67934594624897,161.33506022387218,,,"cx2_3: 1.276e-2 , cx2_1: 1.652e-2 ",,0.07810000000000006,0.000667383638285872,
308,2021-03-02 20:00:00,3.0,5.2592620870485804,55.67050161263438,105.88349149791974,,,"cx3_4: 8.381e-3 , cx3_2: 1.276e-2 ",,0.020499999999999963,0.000300892918959972,
309,2021-03-02 20:00:00,4.0,4.997610490192778,75.73268681468564,199.57696842939117,,,cx4_3: 8.381e-3 ,,0.02039999999999997,0.00027525692106770554,
310,2021-03-03 16:00:00,,4.968726128282602,85.31863890265238,59.8857371111866,,,cx0_1: 7.819e-3 ,,0.02679999999999993,0.0002394605260808689,
311,2021-03-03 16:00:00,1.0,4.770100394714643,124.8465312873373,110.03018881169216,,,"cx1_2: 1.652e-2 , cx1_0: 7.819e-3 ",,0.030399999999999983,0.0002716055600226576,
312,2021-03-03 16:00:00,2.0,5.0151776004293165,88.67934594624897,161.33506022387218,,,"cx2_3: 1.276e-2 , cx2_1: 1.652e-2 ",,0.07810000000000006,0.000667383638285872,
313,2021-03-03 16:00:00,3.0,5.2592620870485804,55.67050161263438,105.88349149791974,,,"cx3_4: 8.381e-3 , cx3_2: 1.276e-2 ",,0.020499999999999963,0.000300892918959972,
314,2021-03-03 16:00:00,4.0,4.997610490192778,75.73268681468564,199.57696842939117,,,cx4_3: 8.381e-3 ,,0.02039999999999997,0.00027525692106770554,
315,2021-03-04 19:25:00,,4.968726128282602,85.31863890265238,59.8857371111866,,,cx0_1: 7.819e-3 ,,0.02679999999999993,0.0002394605260808689,
316,2021-03-04 19:25:00,1.0,4.770100394714643,124.8465312873373,110.03018881169216,,,"cx1_2: 1.652e-2 , cx1_0: 7.819e-3 ",,0.030399999999999983,0.0002716055600226576,
317,2021-03-04 19:25:00,2.0,5.0151776004293165,88.67934594624897,161.33506022387218,,,"cx2_3: 1.276e-2 , cx2_1: 1.652e-2 ",,0.07810000000000006,0.000667383638285872,
318,2021-03-04 19:25:00,3.0,5.2592620870485804,55.67050161263438,105.88349149791974,,,"cx3_4: 8.381e-3 , cx3_2: 1.276e-2 ",,0.020499999999999963,0.000300892918959972,
319,2021-03-04 19:25:00,4.0,4.997610490192778,75.73268681468564,199.57696842939117,,,cx4_3: 8.381e-3 ,,0.02039999999999997,0.00027525692106770554,
320,2021-03-05 12:30:00,,4.968726128282602,85.31863890265238,59.8857371111866,,,cx0_1: 7.819e-3 ,,0.02679999999999993,0.0002394605260808689,
321,2021-03-05 12:30:00,1.0,4.770100394714643,124.8465312873373,110.03018881169216,,,"cx1_2: 1.652e-2 , cx1_0: 7.819e-3 ",,0.030399999999999983,0.0002716055600226576,
322,2021-03-05 12:30:00,2.0,5.0151776004293165,88.67934594624897,161.33506022387218,,,"cx2_3: 1.276e-2 , cx2_1: 1.652e-2 ",,0.07810000000000006,0.000667383638285872,
323,2021-03-05 12:30:00,3.0,5.2592620870485804,55.67050161263438,105.88349149791974,,,"cx3_4: 8.381e-3 , cx3_2: 1.276e-2 ",,0.020499999999999963,0.000300892918959972,
324,2021-03-05 12:30:00,4.0,4.997610490192778,75.73268681468564,199.57696842939117,,,cx4_3: 8.381e-3 ,,0.02039999999999997,0.00027525692106770554,
325,2021-03-08 10:55:00,,4.968726128282602,85.31863890265238,59.8857371111866,,,cx0_1: 7.819e-3 ,,0.02679999999999993,0.0002394605260808689,
326,2021-03-08 10:55:00,1.0,4.770100394714643,124.8465312873373,110.03018881169216,,,"cx1_2: 1.652e-2 , cx1_0: 7.819e-3 ",,0.030399999999999983,0.0002716055600226576,
327,2021-03-08 10:55:00,2.0,5.0151776004293165,88.67934594624897,161.33506022387218,,,"cx2_3: 1.276e-2 , cx2_1: 1.652e-2 ",,0.07810000000000006,0.000667383638285872,
328,2021-03-08 10:55:00,3.0,5.2592620870485804,55.67050161263438,105.88349149791974,,,"cx3_4: 8.381e-3 , cx3_2: 1.276e-2 ",,0.020499999999999963,0.000300892918959972,
329,2021-03-08 10:55:00,4.0,4.997610490192778,75.73268681468564,199.57696842939117,,,cx4_3: 8.381e-3 ,,0.02039999999999997,0.00027525692106770554,
330,2021-03-09 10:55:00,,4.968726128282602,85.31863890265238,59.8857371111866,,,cx0_1: 7.819e-3 ,,0.02679999999999993,0.0002394605260808689,
331,2021-03-09 10:55:00,1.0,4.770100394714643,124.8465312873373,110.03018881169216,,,"cx1_2: 1.652e-2 , cx1_0: 7.819e-3 ",,0.030399999999999983,0.0002716055600226576,
332,2021-03-09 10:55:00,2.0,5.0151776004293165,88.67934594624897,161.33506022387218,,,"cx2_3: 1.276e-2 , cx2_1: 1.652e-2 ",,0.07810000000000006,0.000667383638285872,
333,2021-03-09 10:55:00,3.0,5.2592620870485804,55.67050161263438,105.88349149791974,,,"cx3_4: 8.381e-3 , cx3_2: 1.276e-2 ",,0.020499999999999963,0.000300892918959972,
334,2021-03-09 10:55:00,4.0,4.997610490192778,75.73268681468564,199.57696842939117,,,cx4_3: 8.381e-3 ,,0.02039999999999997,0.00027525692106770554,
335,2021-03-10 09:17:00,,4.968706555299005,82.45497955728706,71.9967756409708,,,cx0_1: 8.048e-3 ,,0.02410000000000001,0.00023063396487851343,0.00023063396487851343
336,2021-03-10 09:17:00,1.0,4.770102934748205,95.0574275074692,92.41903025738227,,,"cx1_2: 1.790e-2 , cx1_0: 8.048e-3 ",,0.03859999999999997,0.00038797065626683657,0.00038797065626683657
337,2021-03-10 09:17:00,2.0,5.015170527833776,72.21812034825814,87.2695661338246,,,"cx2_3: 7.743e-3 , cx2_1: 1.790e-2 ",,0.021299999999999986,0.000297097648557662,0.000297097648557662
338,2021-03-10 09:17:00,3.0,5.259268848569148,72.85115996746794,115.71768845656747,,,"cx3_4: 8.074e-3 , cx3_2: 7.743e-3 ",,0.024599999999999955,0.00029448979097207483,0.00029448979097207483
339,2021-03-10 09:17:00,4.0,4.997611478955722,102.68398803692072,127.02298775977181,,,cx4_3: 8.074e-3 ,,0.02200000000000002,0.00027609681040769324,0.00027609681040769324
340,2021-03-11 00:55:00,,4.968706555299005,82.45497955728706,71.9967756409708,,,cx0_1: 8.048e-3 ,,0.02410000000000001,0.00023063396487851343,0.00023063396487851343
341,2021-03-11 00:55:00,1.0,4.770102934748205,95.0574275074692,92.41903025738227,,,"cx1_2: 1.790e-2 , cx1_0: 8.048e-3 ",,0.03859999999999997,0.00038797065626683657,0.00038797065626683657
342,2021-03-11 00:55:00,2.0,5.015170527833776,72.21812034825814,87.2695661338246,,,"cx2_3: 7.743e-3 , cx2_1: 1.790e-2 ",,0.021299999999999986,0.000297097648557662,0.000297097648557662
343,2021-03-11 00:55:00,3.0,5.259268848569148,72.85115996746794,115.71768845656747,,,"cx3_4: 8.074e-3 , cx3_2: 7.743e-3 ",,0.024599999999999955,0.00029448979097207483,0.00029448979097207483
344,2021-03-11 00:55:00,4.0,4.997611478955722,102.68398803692072,127.02298775977181,,,cx4_3: 8.074e-3 ,,0.02200000000000002,0.00027609681040769324,0.00027609681040769324
345,2021-03-12 09:17:00,,4.968706555299005,82.45497955728706,71.9967756409708,,,cx0_1: 8.048e-3 ,,0.02410000000000001,0.00023063396487851343,0.00023063396487851343
346,2021-03-12 09:17:00,1.0,4.770102934748205,95.0574275074692,92.41903025738227,,,"cx1_2: 1.790e-2 , cx1_0: 8.048e-3 ",,0.03859999999999997,0.00038797065626683657,0.00038797065626683657
347,2021-03-12 09:17:00,2.0,5.015170527833776,72.21812034825814,87.2695661338246,,,"cx2_3: 7.743e-3 , cx2_1: 1.790e-2 ",,0.021299999999999986,0.000297097648557662,0.000297097648557662
348,2021-03-12 09:17:00,3.0,5.259268848569148,72.85115996746794,115.71768845656747,,,"cx3_4: 8.074e-3 , cx3_2: 7.743e-3 ",,0.024599999999999955,0.00029448979097207483,0.00029448979097207483
349,2021-03-12 09:17:00,4.0,4.997611478955722,102.68398803692072,127.02298775977181,,,cx4_3: 8.074e-3 ,,0.02200000000000002,0.00027609681040769324,0.00027609681040769324
350,2021-03-13 00:55:00,,4.968706555299005,82.45497955728706,71.9967756409708,,,cx0_1: 8.048e-3 ,,0.02410000000000001,0.00023063396487851343,0.00023063396487851343
351,2021-03-13 00:55:00,1.0,4.770102934748205,95.0574275074692,92.41903025738227,,,"cx1_2: 1.790e-2 , cx1_0: 8.048e-3 ",,0.03859999999999997,0.00038797065626683657,0.00038797065626683657
352,2021-03-13 00:55:00,2.0,5.015170527833776,72.21812034825814,87.2695661338246,,,"cx2_3: 7.743e-3 , cx2_1: 1.790e-2 ",,0.021299999999999986,0.000297097648557662,0.000297097648557662
353,2021-03-13 00:55:00,3.0,5.259268848569148,72.85115996746794,115.71768845656747,,,"cx3_4: 8.074e-3 , cx3_2: 7.743e-3 ",,0.024599999999999955,0.00029448979097207483,0.00029448979097207483
354,2021-03-13 00:55:00,4.0,4.997611478955722,102.68398803692072,127.02298775977181,,,cx4_3: 8.074e-3 ,,0.02200000000000002,0.00027609681040769324,0.00027609681040769324
355,2021-03-14 22:44:00,,4.968703139820733,108.03156343637787,76.40306529783732,,,cx0_1: 7.079e-3 ,,0.033200000000000014,0.0001689913845555382,0.0001689913845555382
356,2021-03-14 22:44:00,1.0,4.770104489117614,103.75857384325693,107.91764264704479,,,"cx1_2: 1.869e-2 , cx1_0: 7.079e-3 ",,0.04720000000000002,0.0002953602748891439,0.0002953602748891439
357,2021-03-14 22:44:00,2.0,5.015160306973884,99.63666166459187,195.54791895930836,,,"cx2_3: 8.435e-3 , cx2_1: 1.869e-2 ",,0.031500000000000083,0.000388754529963592,0.000388754529963592
358,2021-03-14 22:44:00,3.0,5.259261747391836,66.75153229133376,125.07191443731094,,,"cx3_4: 8.451e-3 , cx3_2: 8.435e-3 ",,0.026000000000000027,0.0003242049303425562,0.0003242049303425562
359,2021-03-14 22:44:00,4.0,4.9976065099085565,77.02801711606749,158.71326186353417,,,cx4_3: 8.451e-3 ,,0.022699999999999942,0.00030962068316577285,0.00030962068316577285
360,2021-03-15 14:25:00,,4.96870423852159,118.94480956572042,87.29705213141196,,,cx0_1: 6.623e-3 ,,0.030200000000000005,0.00023031643562762094,0.00023031643562762094
361,2021-03-15 14:25:00,1.0,4.770105900634482,104.95963170259077,94.78721395025715,,,"cx1_2: 1.747e-2 , cx1_0: 6.623e-3 ",,0.03010000000000002,0.000262169294314184,0.000262169294314184
362,2021-03-15 14:25:00,2.0,5.015175269951426,91.40743028553659,116.24440060608762,,,"cx2_3: 8.136e-3 , cx2_1: 1.747e-2 ",,0.02140000000000009,0.0003118849804787221,0.0003118849804787221
363,2021-03-15 14:25:00,3.0,5.259259517780882,78.99001088935138,130.8628660318766,,,"cx3_4: 8.449e-3 , cx3_2: 8.136e-3 ",,0.023700000000000054,0.0003482472072609147,0.0003482472072609147
364,2021-03-15 14:25:00,4.0,4.997613924574336,109.42644446935472,143.93269862781028,,,cx4_3: 8.449e-3 ,,0.02300000000000002,0.0002946823181087659,0.0002946823181087659
365,2021-03-16 21:02:00,,4.9687054163562365,84.13820065161613,59.64361132431896,,,cx0_1: 1.008e-2 ,,0.029700000000000063,0.0002892038768480294,0.0002892038768480294
366,2021-03-16 21:02:00,1.0,4.770105668858487,93.69246973576698,89.98383543825308,,,"cx1_2: 1.805e-2 , cx1_0: 1.008e-2 ",,0.04369999999999996,0.0005611367693453899,0.0005611367693453899
367,2021-03-16 21:02:00,2.0,5.015171709715824,69.75301866824663,108.19170961762345,,,"cx2_3: 7.984e-3 , cx2_1: 1.805e-2 ",,0.024900000000000037,0.0003680229759233653,0.0003680229759233653
368,2021-03-16 21:02:00,3.0,5.259255095463167,58.29290582751243,112.26775364862871,,,"cx3_4: 1.378e-2 , cx3_2: 7.984e-3 ",,0.02110000000000001,0.0003007496541796821,0.0003007496541796821
369,2021-03-16 21:02:00,4.0,4.997604668889823,85.70382588581023,165.4790156239591,,,cx4_3: 1.378e-2 ,,0.02310000000000001,0.0003231458580338272,0.0003231458580338272
370,2021-03-17 22:44:00,,4.968703139820733,108.03156343637787,76.40306529783732,,,cx0_1: 7.079e-3 ,,0.033200000000000014,0.0001689913845555382,0.0001689913845555382
371,2021-03-17 22:44:00,1.0,4.770104489117614,103.75857384325693,107.91764264704479,,,"cx1_2: 1.869e-2 , cx1_0: 7.079e-3 ",,0.04720000000000002,0.0002953602748891439,0.0002953602748891439
372,2021-03-17 22:44:00,2.0,5.015160306973884,99.63666166459187,195.54791895930836,,,"cx2_3: 8.435e-3 , cx2_1: 1.869e-2 ",,0.031500000000000083,0.000388754529963592,0.000388754529963592
373,2021-03-17 22:44:00,3.0,5.259261747391836,66.75153229133376,125.07191443731094,,,"cx3_4: 8.451e-3 , cx3_2: 8.435e-3 ",,0.026000000000000027,0.0003242049303425562,0.0003242049303425562
374,2021-03-17 22:44:00,4.0,4.9976065099085565,77.02801711606749,158.71326186353417,,,cx4_3: 8.451e-3 ,,0.022699999999999942,0.00030962068316577285,0.00030962068316577285
375,2021-03-18 14:25:00,,4.96870423852159,118.94480956572042,87.29705213141196,,,cx0_1: 6.623e-3 ,,0.030200000000000005,0.00023031643562762094,0.00023031643562762094
376,2021-03-18 14:25:00,1.0,4.770105900634482,104.95963170259077,94.78721395025715,,,"cx1_2: 1.747e-2 , cx1_0: 6.623e-3 ",,0.03010000000000002,0.000262169294314184,0.000262169294314184
377,2021-03-18 14:25:00,2.0,5.015175269951426,91.40743028553659,116.24440060608762,,,"cx2_3: 8.136e-3 , cx2_1: 1.747e-2 ",,0.02140000000000009,0.0003118849804787221,0.0003118849804787221
378,2021-03-18 14:25:00,3.0,5.259259517780882,78.99001088935138,130.8628660318766,,,"cx3_4: 8.449e-3 , cx3_2: 8.136e-3 ",,0.023700000000000054,0.0003482472072609147,0.0003482472072609147
379,2021-03-18 14:25:00,4.0,4.997613924574336,109.42644446935472,143.93269862781028,,,cx4_3: 8.449e-3 ,,0.02300000000000002,0.0002946823181087659,0.0002946823181087659
380,2021-03-19 15:25:00,,4.968703011873892,69.96760869744061,56.2019676826982,,,cx0_1: 1.010e-2 ,,0.03539999999999999,0.0002636027965051967,0.0002636027965051967
381,2021-03-19 15:25:00,1.0,4.770092280003003,40.15346697199767,63.522626211672026,,,"cx1_2: 2.343e-2 , cx1_0: 1.010e-2 ",,0.033200000000000014,0.0005855217695570165,0.0005855217695570165
382,2021-03-19 15:25:00,2.0,5.015166231495874,75.44901955904757,133.6973478788161,,,"cx2_3: 1.087e-2 , cx2_1: 2.343e-2 ",,0.025700000000000056,0.0003660475661836872,0.0003660475661836872
383,2021-03-19 15:25:00,3.0,5.259259110465225,65.14892639014842,136.09210783997872,,,"cx3_4: 1.159e-2 , cx3_2: 1.087e-2 ",,0.02110000000000001,0.0003302885335928634,0.0003302885335928634
384,2021-03-19 15:25:00,4.0,4.997604649067773,80.21439011966545,160.49484872342634,,,cx4_3: 1.159e-2 ,,0.02110000000000001,0.00026628747037742644,0.00026628747037742644
385,2021-03-20 21:02:00,,4.9687054163562365,84.13820065161613,59.64361132431896,,,cx0_1: 1.008e-2 ,,0.029700000000000063,0.0002892038768480294,0.0002892038768480294
386,2021-03-20 21:02:00,1.0,4.770105668858487,93.69246973576698,89.98383543825308,,,"cx1_2: 1.805e-2 , cx1_0: 1.008e-2 ",,0.04369999999999996,0.0005611367693453899,0.0005611367693453899
387,2021-03-20 21:02:00,2.0,5.015171709715824,69.75301866824663,108.19170961762345,,,"cx2_3: 7.984e-3 , cx2_1: 1.805e-2 ",,0.024900000000000037,0.0003680229759233653,0.0003680229759233653
388,2021-03-20 21:02:00,3.0,5.259255095463167,58.29290582751243,112.26775364862871,,,"cx3_4: 1.378e-2 , cx3_2: 7.984e-3 ",,0.02110000000000001,0.0003007496541796821,0.0003007496541796821
389,2021-03-20 21:02:00,4.0,4.997604668889823,85.70382588581023,165.4790156239591,,,cx4_3: 1.378e-2 ,,0.02310000000000001,0.0003231458580338272,0.0003231458580338272
390,2021-03-21 15:25:00,,4.968703011873892,69.96760869744061,56.2019676826982,,,cx0_1: 1.010e-2 ,,0.03539999999999999,0.0002636027965051967,0.0002636027965051967
391,2021-03-21 15:25:00,1.0,4.770092280003003,40.15346697199767,63.522626211672026,,,"cx1_2: 2.343e-2 , cx1_0: 1.010e-2 ",,0.033200000000000014,0.0005855217695570165,0.0005855217695570165
392,2021-03-21 15:25:00,2.0,5.015166231495874,75.44901955904757,133.6973478788161,,,"cx2_3: 1.087e-2 , cx2_1: 2.343e-2 ",,0.025700000000000056,0.0003660475661836872,0.0003660475661836872
393,2021-03-21 15:25:00,3.0,5.259259110465225,65.14892639014842,136.09210783997872,,,"cx3_4: 1.159e-2 , cx3_2: 1.087e-2 ",,0.02110000000000001,0.0003302885335928634,0.0003302885335928634
394,2021-03-21 15:25:00,4.0,4.997604649067773,80.21439011966545,160.49484872342634,,,cx4_3: 1.159e-2 ,,0.02110000000000001,0.00026628747037742644,0.00026628747037742644
395,2021-03-22 21:00:00,,4.968708699347552,103.7525700826994,75.98732520185273,,,cx0_1: 6.957e-3 ,,0.04079999999999995,0.0002523653522938987,0.0002523653522938987
396,2021-03-22 21:00:00,1.0,4.770103803955123,96.23576659020651,76.27872361144776,,,"cx1_2: 1.567e-2 , cx1_0: 6.957e-3 ",,0.028200000000000006,0.00027001921936511915,0.00027001921936511915
397,2021-03-22 21:00:00,2.0,5.0151672662788185,77.7958039845647,131.1257789642983,,,"cx2_3: 1.158e-2 , cx2_1: 1.567e-2 ",,0.02289999999999992,0.00032845389876886,0.00032845389876886
398,2021-03-22 21:00:00,3.0,5.259253012955818,40.31284851581725,95.08984151634786,,,"cx3_4: 9.938e-3 , cx3_2: 1.158e-2 ",,0.0212,0.00038728943311341067,0.00038728943311341067
399,2021-03-22 21:00:00,4.0,4.997528710748052,53.631657102517494,100.13154599935774,,,cx4_3: 9.938e-3 ,,0.022299999999999983,0.00033391710589925403,0.00033391710589925403
400,2021-03-23 10:00:00,,4.968708699347552,103.7525700826994,75.98732520185273,,,cx0_1: 6.957e-3 ,,0.04079999999999995,0.0002523653522938987,0.0002523653522938987
401,2021-03-23 10:00:00,1.0,4.770103803955123,96.23576659020651,76.27872361144776,,,"cx1_2: 1.567e-2 , cx1_0: 6.957e-3 ",,0.028200000000000006,0.00027001921936511915,0.00027001921936511915
402,2021-03-23 10:00:00,2.0,5.0151672662788185,77.7958039845647,131.1257789642983,,,"cx2_3: 1.158e-2 , cx2_1: 1.567e-2 ",,0.02289999999999992,0.00032845389876886,0.00032845389876886
403,2021-03-23 10:00:00,3.0,5.259253012955818,40.31284851581725,95.08984151634786,,,"cx3_4: 9.938e-3 , cx3_2: 1.158e-2 ",,0.0212,0.00038728943311341067,0.00038728943311341067
404,2021-03-23 10:00:00,4.0,4.997528710748052,53.631657102517494,100.13154599935774,,,cx4_3: 9.938e-3 ,,0.022299999999999983,0.00033391710589925403,0.00033391710589925403
405,2021-03-24 21:15:00,,4.968708699347552,103.7525700826994,75.98732520185273,,,cx0_1: 6.957e-3 ,,0.04079999999999995,0.0002523653522938987,0.0002523653522938987
406,2021-03-24 21:15:00,1.0,4.770103803955123,96.23576659020651,76.27872361144776,,,"cx1_2: 1.567e-2 , cx1_0: 6.957e-3 ",,0.028200000000000006,0.00027001921936511915,0.00027001921936511915
407,2021-03-24 21:15:00,2.0,5.0151672662788185,77.7958039845647,131.1257789642983,,,"cx2_3: 1.158e-2 , cx2_1: 1.567e-2 ",,0.02289999999999992,0.00032845389876886,0.00032845389876886
408,2021-03-24 21:15:00,3.0,5.259253012955818,40.31284851581725,95.08984151634786,,,"cx3_4: 9.938e-3 , cx3_2: 1.158e-2 ",,0.0212,0.00038728943311341067,0.00038728943311341067
409,2021-03-24 21:15:00,4.0,4.997528710748052,53.631657102517494,100.13154599935774,,,cx4_3: 9.938e-3 ,,0.022299999999999983,0.00033391710589925403,0.00033391710589925403
410,2020-12-02 14:40:00,,4.968699730664813,82.4119743722642,69.05040834896423,0.02939999999999998,0.0002421560309429622,cx0_1: 7.231e-3 ,,,,
411,2020-12-02 14:40:00,1.0,4.770093012460518,79.56978156315455,69.7060103377687,0.03090000000000004,0.00029342894354931717,"cx1_2: 2.127e-2 , cx1_0: 7.231e-3 ",,,,
412,2020-12-02 14:40:00,2.0,5.015160458024788,76.22018162602778,112.80965992435671,0.02559999999999996,0.0003008728655084614,"cx2_3: 7.664e-3 , cx2_1: 2.127e-2 ",,,,
413,2020-12-02 14:40:00,3.0,5.259262987650564,98.04174762375904,142.22833682695386,0.024900000000000037,0.00030360048880584254,"cx3_4: 1.708e-2 , cx3_2: 7.664e-3 ",,,,
414,2020-12-02 14:40:00,4.0,4.997619194705873,72.6740039302293,110.78683844561691,0.035599999999999965,0.0006379604339195687,cx4_3: 1.708e-2 ,,,,
415,2020-12-03 14:50:00,,4.968671211622909,62.427422102971214,73.94758855739117,0.023700000000000054,0.0002957540235357527,cx0_1: 6.447e-3 ,,,,
416,2020-12-03 14:50:00,1.0,4.770091201533624,96.34243718697063,66.91782478868029,0.02479999999999993,0.0002527249688169423,"cx1_2: 1.728e-2 , cx1_0: 6.447e-3 ",,,,
417,2020-12-03 14:50:00,2.0,5.0151586136790565,79.90071539580232,89.87942393049946,0.017800000000000038,0.0004112188660964363,"cx2_3: 1.051e-2 , cx2_1: 1.728e-2 ",,,,
418,2020-12-03 14:50:00,3.0,5.259253530539064,94.72515001654202,118.18689524833259,0.022699999999999942,0.0004055114663398373,"cx3_4: 1.623e-2 , cx3_2: 1.051e-2 ",,,,
419,2020-12-03 14:50:00,4.0,4.9976464909059235,80.1776441329653,115.30077263761845,0.06830000000000003,0.00135579387188003,cx4_3: 1.623e-2 ,,,,
420,2020-12-04 23:16:00,,4.9686590554464205,92.71876920498265,78.75390954156117,0.022699999999999942,0.00021457909469802495,cx0_1: 7.019e-3 ,,,,
421,2020-12-04 23:16:00,1.0,4.770073599960834,121.29737571122656,89.93324583649814,0.025700000000000056,0.00022082688400342003,"cx1_2: 2.041e-2 , cx1_0: 7.019e-3 ",,,,
422,2020-12-04 23:16:00,2.0,5.015162759993219,56.14658822015172,90.49380214483344,0.0411999999999999,0.000660229733372436,"cx2_3: 1.334e-2 , cx2_1: 2.041e-2 ",,,,
423,2020-12-04 23:16:00,3.0,5.2592606193614095,75.19845507363095,125.6812753249025,0.01839999999999997,0.0003024438678281975,"cx3_4: 5.732e-2 , cx3_2: 1.334e-2 ",,,,
424,2020-12-04 23:16:00,4.0,4.997653862411345,60.83750273636507,125.90222024813026,0.04790000000000005,0.0009277008850518166,cx4_3: 5.732e-2 ,,,,
425,2020-12-05 11:17:00,,4.968671686236823,31.910007647196842,38.011732222507185,0.034599999999999964,0.0017779737711565054,cx0_1: 1.192e-2 ,,,,
426,2020-12-05 11:17:00,1.0,4.770080017238568,84.11359666371317,67.33413300606746,0.028000000000000025,0.00034682617545148413,"cx1_2: 1.861e-2 , cx1_0: 1.192e-2 ",,,,
427,2020-12-05 11:17:00,2.0,5.0151615287538,51.22629822271337,77.43268983958075,0.03509999999999991,0.0007600128244033424,"cx2_3: 1.566e-2 , cx2_1: 1.861e-2 ",,,,
428,2020-12-05 11:17:00,3.0,5.259259593405023,91.33940997731364,110.31469861510912,0.01560000000000006,0.0002671974290064864,"cx3_4: 4.695e-2 , cx3_2: 1.566e-2 ",,,,
429,2020-12-05 11:17:00,4.0,4.997583033879731,60.83750273636507,125.90222024813026,0.045300000000000014,0.0009459307747323151,cx4_3: 4.695e-2 ,,,,
430,2020-12-05 13:02:00,,4.968671686236823,31.910007647196842,38.011732222507185,0.034599999999999964,0.0017779737711565054,cx0_1: 1.192e-2 ,,,,
431,2020-12-05 13:02:00,1.0,4.770080017238568,84.11359666371317,67.33413300606746,0.028000000000000025,0.00034682617545148413,"cx1_2: 1.861e-2 , cx1_0: 1.192e-2 ",,,,
432,2020-12-05 13:02:00,2.0,5.0151615287538,51.22629822271337,77.43268983958075,0.03509999999999991,0.0007600128244033424,"cx2_3: 1.566e-2 , cx2_1: 1.861e-2 ",,,,
433,2020-12-05 13:02:00,3.0,5.259259593405023,91.33940997731364,110.31469861510912,0.01560000000000006,0.0002671974290064864,"cx3_4: 4.695e-2 , cx3_2: 1.566e-2 ",,,,
434,2020-12-05 13:02:00,4.0,4.997583033879731,60.83750273636507,125.90222024813026,0.045300000000000014,0.0009459307747323151,cx4_3: 4.695e-2 ,,,,
435,2020-12-06 00:18:00,,4.968671686236823,31.910007647196842,38.011732222507185,0.034599999999999964,0.0017779737711565054,cx0_1: 1.192e-2 ,,,,
436,2020-12-06 00:18:00,1.0,4.770080017238568,84.11359666371317,67.33413300606746,0.028000000000000025,0.00034682617545148413,"cx1_2: 1.861e-2 , cx1_0: 1.192e-2 ",,,,
437,2020-12-06 00:18:00,2.0,5.0151615287538,51.22629822271337,77.43268983958075,0.03509999999999991,0.0007600128244033424,"cx2_3: 1.566e-2 , cx2_1: 1.861e-2 ",,,,
438,2020-12-06 00:18:00,3.0,5.259259593405023,91.33940997731364,110.31469861510912,0.01560000000000006,0.0002671974290064864,"cx3_4: 4.695e-2 , cx3_2: 1.566e-2 ",,,,
439,2020-12-06 00:18:00,4.0,4.997583033879731,60.83750273636507,125.90222024813026,0.045300000000000014,0.0009459307747323151,cx4_3: 4.695e-2 ,,,,
440,2020-12-07 00:19:00,,4.968662378714828,21.853523013088303,43.31599497980712,0.026499999999999968,0.0002491282816661768,cx0_1: 1.000e+0 ,,,,
441,2020-12-07 00:19:00,1.0,4.770073057542279,101.98565095443534,76.13757380651728,0.028599999999999962,0.00025320872922706224,"cx1_2: 1.623e-2 , cx1_0: 1.000e+0 ",,,,
442,2020-12-07 00:19:00,2.0,5.015165944752782,64.58441496010579,67.21974052568463,0.04580000000000006,0.0004940312826815513,"cx2_3: 1.105e-2 , cx2_1: 1.623e-2 ",,,,
443,2020-12-07 00:19:00,3.0,5.259262090973738,80.27387419098773,122.72737923536856,0.01629999999999998,0.0002749241671801145,"cx3_4: 5.252e-2 , cx3_2: 1.105e-2 ",,,,
444,2020-12-07 00:19:00,4.0,4.99758619738529,60.83750273636507,125.90222024813026,0.04489999999999994,0.001134607037371454,cx4_3: 5.252e-2 ,,,,
445,2020-12-07 23:19:00,,4.96866246827133,21.853523013088303,41.148560481972794,0.02679999999999993,0.00022740123083917347,cx0_1: 7.314e-3 ,,,,
446,2020-12-07 23:19:00,1.0,4.770085769962759,126.35334748440144,72.5481689885035,0.03299999999999992,0.000260146260546736,"cx1_2: 1.822e-2 , cx1_0: 7.314e-3 ",,,,
447,2020-12-07 23:19:00,2.0,5.015156537746658,71.21278502799305,93.65352740618505,0.024000000000000018,0.00034100136850371155,"cx2_3: 7.279e-3 , cx2_1: 1.822e-2 ",,,,
448,2020-12-07 23:19:00,3.0,5.2592601707970426,98.42513035400071,122.19876836432378,0.015800000000000036,0.0002968090231725783,"cx3_4: 5.608e-2 , cx3_2: 7.279e-3 ",,,,
449,2020-12-07 23:19:00,4.0,4.997577284849736,60.83750273636507,125.90222024813026,0.05119999999999991,0.0011016450608508958,cx4_3: 5.608e-2 ,,,,
450,2020-12-08 08:24:00,,4.968660323570785,42.28647371207561,67.14235431014525,0.028200000000000006,0.00022919016111593238,cx0_1: 6.075e-3 ,,,,
451,2020-12-08 08:24:00,1.0,4.7700840437088665,120.13314189546769,91.8131013801353,0.022599999999999957,0.00022480803421232406,"cx1_2: 1.693e-2 , cx1_0: 6.075e-3 ",,,,
452,2020-12-08 08:24:00,2.0,5.0151687815381925,64.20773253103293,94.14264366103649,0.029499999999999967,0.0003544853490742836,"cx2_3: 9.530e-3 , cx2_1: 1.693e-2 ",,,,
453,2020-12-08 08:24:00,3.0,5.2592482502551485,75.57261004584939,90.72662985411716,0.017400000000000082,0.00034999261683074656,"cx3_4: 4.855e-2 , cx3_2: 9.530e-3 ",,,,
454,2020-12-08 08:24:00,4.0,4.997584592233503,60.83750273636507,125.90222024813026,0.04679999999999995,0.0010255211862760637,cx4_3: 4.855e-2 ,,,,
455,2020-12-09 23:55:00,,4.968665004861936,85.18164263716021,72.60246522436313,0.02489999999999992,0.00023992444709763965,cx0_1: 1.000e+0 ,,,,
456,2020-12-09 23:55:00,1.0,4.7700767340995585,93.3679937858313,94.82760002134762,0.02760000000000007,0.00023610458883748314,"cx1_2: 1.000e+0 , cx1_0: 1.000e+0 ",,,,
457,2020-12-09 23:55:00,2.0,5.015170474992877,73.86122388124308,128.14822066765996,0.023900000000000032,0.0003841032106948874,"cx2_3: 9.888e-3 , cx2_1: 1.000e+0 ",,,,
458,2020-12-09 23:55:00,3.0,5.259260068874627,88.54629707429609,110.57437488553732,0.032499999999999966,0.0003289024625719187,"cx3_4: 2.687e-2 , cx3_2: 9.888e-3 ",,,,
459,2020-12-09 23:55:00,4.0,4.997670218263819,79.92766697941839,150.564031739518,0.05369999999999997,0.0009412659860198627,cx4_3: 2.687e-2 ,,,,
460,2020-12-10 23:55:00,,4.96866246827133,21.853523013088303,41.148560481972794,0.02679999999999993,0.00022740123083917347,cx0_1: 7.314e-3 ,,,,
461,2020-12-10 23:55:00,1.0,4.770085769962759,126.35334748440144,72.5481689885035,0.03299999999999992,0.000260146260546736,"cx1_2: 1.822e-2 , cx1_0: 7.314e-3 ",,,,
462,2020-12-10 23:55:00,2.0,5.015156537746658,71.21278502799305,93.65352740618505,0.024000000000000018,0.00034100136850371155,"cx2_3: 7.279e-3 , cx2_1: 1.822e-2 ",,,,
463,2020-12-10 23:55:00,3.0,5.2592601707970426,98.42513035400071,122.19876836432378,0.015800000000000036,0.0002968090231725783,"cx3_4: 5.608e-2 , cx3_2: 7.279e-3 ",,,,
464,2020-12-10 23:55:00,4.0,4.997577284849736,60.83750273636507,125.90222024813026,0.05119999999999991,0.0011016450608508958,cx4_3: 5.608e-2 ,,,,
465,2020-12-11 12:05:00,,4.96865882068957,81.24472396226051,70.2218430690169,0.025100000000000008,0.00024387860770068204,cx0_1: 7.232e-3 ,,,,
466,2020-12-11 12:05:00,1.0,4.770076803351847,47.97795204709846,68.36145116898382,0.029200000000000007,0.00028348300905975865,"cx1_2: 2.067e-2 , cx1_0: 7.232e-3 ",,,,
467,2020-12-11 12:05:00,2.0,5.015162760387152,76.23270634518431,72.59266770581331,0.026499999999999968,0.0002951539098515651,"cx2_3: 7.336e-3 , cx2_1: 2.067e-2 ",,,,
468,2020-12-11 12:05:00,3.0,5.259259991280747,48.84816267592613,74.31396784161696,0.018299999999999983,0.00029879307868709655,"cx3_4: 2.626e-2 , cx3_2: 7.336e-3 ",,,,
469,2020-12-11 12:05:00,4.0,4.997676759364913,103.62470781049237,122.5476090195168,0.04879999999999996,0.001037579791248554,cx4_3: 2.626e-2 ,,,,
470,2020-12-12 10:46:00,,4.968666524300303,98.75741294180693,47.901604677239675,0.026699999999999943,0.0002051104818871295,cx0_1: 7.716e-3 ,,,,
471,2020-12-12 10:46:00,1.0,4.770083925239264,89.4816518535719,80.47220715423909,0.03469999999999995,0.00029925919180494336,"cx1_2: 1.707e-2 , cx1_0: 7.716e-3 ",,,,
472,2020-12-12 10:46:00,2.0,5.015166094900961,84.59646800396028,138.53661619886256,0.023600000000000062,0.00036535816318244985,"cx2_3: 7.189e-3 , cx2_1: 1.707e-2 ",,,,
473,2020-12-12 10:46:00,3.0,5.2592602761272165,96.70853906502312,116.38154576742231,0.021299999999999986,0.0003119059461238052,"cx3_4: 3.123e-2 , cx3_2: 7.189e-3 ",,,,
474,2020-12-12 10:46:00,4.0,4.997667197691968,103.62470781049237,75.27720585064918,0.05720000000000002,0.0012063625936765267,cx4_3: 3.123e-2 ,,,,
475,2020-12-13 13:45:00,,4.96867094150884,105.86225710611427,77.04335019593216,0.023900000000000032,0.0002354513170281246,cx0_1: 7.403e-3 ,,,,
476,2020-12-13 13:45:00,1.0,4.770081486184035,102.34010139174309,57.24184578930342,0.02479999999999993,0.00029759970070959534,"cx1_2: 2.523e-2 , cx1_0: 7.403e-3 ",,,,
477,2020-12-13 13:45:00,2.0,5.0151545426162905,86.25772438082916,137.28483356038006,0.0242,0.0009191980101006444,"cx2_3: 1.281e-2 , cx2_1: 2.523e-2 ",,,,
478,2020-12-13 13:45:00,3.0,5.259256648226535,89.9152153430145,149.7229522831653,0.02849999999999997,0.00032943316243340577,"cx3_4: 5.465e-2 , cx3_2: 1.281e-2 ",,,,
479,2020-12-13 13:45:00,4.0,4.997653405640077,60.83750273636507,125.90222024813026,0.04669999999999997,0.0011434649646318586,cx4_3: 5.465e-2 ,,,,
480,2020-12-14 15:00:00,0.0,4.968666275932819,125.58891022327721,83.74219574133413,0.025000000000000026,,cx0_1: 6.309e-3 ,0.0002643420631817037,,,
481,2020-12-14 15:00:00,1.0,4.770075931469499,97.47403247653288,72.54674654029832,0.028299999999999995,,"cx1_2: 2.217e-2 , cx1_0: 6.309e-3 ",0.0002876387794717328,,,
482,2020-12-14 15:00:00,2.0,5.015153169464673,64.62490675103692,96.82371028042023,0.02839999999999998,,"cx2_3: 9.865e-3 , cx2_1: 2.217e-2 ",0.0004860609622938826,,,
483,2020-12-14 15:00:00,3.0,5.259253230258907,77.66051464904679,109.29062427971556,0.02200000000000002,,"cx3_4: 5.137e-2 , cx3_2: 9.865e-3 ",0.00035963960049918047,,,
484,2020-12-14 15:00:00,4.0,4.9976753292864515,103.62470781049237,138.30599043269206,0.05000000000000005,,cx4_3: 5.137e-2 ,0.001178470602029459,,,
485,2020-12-15 13:00:00,,4.968660323570785,42.28647371207561,67.14235431014525,0.028200000000000006,0.00022919016111593238,cx0_1: 6.075e-3 ,,,,
486,2020-12-15 13:00:00,1.0,4.7700840437088665,120.13314189546769,91.8131013801353,0.022599999999999957,0.00022480803421232406,"cx1_2: 1.693e-2 , cx1_0: 6.075e-3 ",,,,
487,2020-12-15 13:00:00,2.0,5.0151687815381925,64.20773253103293,94.14264366103649,0.029499999999999967,0.0003544853490742836,"cx2_3: 9.530e-3 , cx2_1: 1.693e-2 ",,,,
488,2020-12-15 13:00:00,3.0,5.2592482502551485,75.57261004584939,90.72662985411716,0.017400000000000082,0.00034999261683074656,"cx3_4: 4.855e-2 , cx3_2: 9.530e-3 ",,,,
489,2020-12-15 13:00:00,4.0,4.997584592233503,60.83750273636507,125.90222024813026,0.04679999999999995,0.0010255211862760637,cx4_3: 4.855e-2 ,,,,
490,2020-12-16 16:45:00,,4.968660323570785,42.28647371207561,67.14235431014525,0.028200000000000006,0.00022919016111593238,cx0_1: 6.075e-3 ,,,,
491,2020-12-16 16:45:00,1.0,4.7700840437088665,120.13314189546769,91.8131013801353,0.022599999999999957,0.00022480803421232406,"cx1_2: 1.693e-2 , cx1_0: 6.075e-3 ",,,,
492,2020-12-16 16:45:00,2.0,5.0151687815381925,64.20773253103293,94.14264366103649,0.029499999999999967,0.0003544853490742836,"cx2_3: 9.530e-3 , cx2_1: 1.693e-2 ",,,,
493,2020-12-16 16:45:00,3.0,5.2592482502551485,75.57261004584939,90.72662985411716,0.017400000000000082,0.00034999261683074656,"cx3_4: 4.855e-2 , cx3_2: 9.530e-3 ",,,,
494,2020-12-16 16:45:00,4.0,4.997584592233503,60.83750273636507,125.90222024813026,0.04679999999999995,0.0010255211862760637,cx4_3: 4.855e-2 ,,,,
495,2020-12-17 19:00:00,0.0,4.968659295257702,55.35824646520373,48.05839030125121,0.023299999999999987,,cx0_1: 7.339e-3 ,0.00026417461228421627,,,
496,2020-12-17 19:00:00,1.0,4.770078799898647,118.72948345095423,71.43202821688914,0.03970000000000007,,"cx1_2: 2.556e-2 , cx1_0: 7.339e-3 ",0.0003124391206508047,,,
497,2020-12-17 19:00:00,2.0,5.015160845539291,76.1328516219975,98.80473275842455,0.02529999999999999,,"cx2_3: 1.153e-2 , cx2_1: 2.556e-2 ",0.0004612404284087348,,,
498,2020-12-17 19:00:00,3.0,5.259249192486141,66.25098267722841,116.2955503243057,0.02039999999999997,,"cx3_4: 6.817e-2 , cx3_2: 1.153e-2 ",0.0003149524276117571,,,
499,2020-12-17 19:00:00,4.0,4.9976335506411145,103.62470781049237,138.30599043269206,0.04400000000000004,,cx4_3: 6.817e-2 ,0.0014031600309003676,,,
500,2020-12-18 12:44:00,0.0,4.968666275932819,125.58891022327721,83.74219574133413,0.025000000000000026,,cx0_1: 6.309e-3 ,0.0002643420631817037,,,
501,2020-12-18 12:44:00,1.0,4.770075931469499,97.47403247653288,72.54674654029832,0.028299999999999995,,"cx1_2: 2.217e-2 , cx1_0: 6.309e-3 ",0.0002876387794717328,,,
502,2020-12-18 12:44:00,2.0,5.015153169464673,64.62490675103692,96.82371028042023,0.02839999999999998,,"cx2_3: 9.865e-3 , cx2_1: 2.217e-2 ",0.0004860609622938826,,,
503,2020-12-18 12:44:00,3.0,5.259253230258907,77.66051464904679,109.29062427971556,0.02200000000000002,,"cx3_4: 5.137e-2 , cx3_2: 9.865e-3 ",0.00035963960049918047,,,
504,2020-12-18 12:44:00,4.0,4.9976753292864515,103.62470781049237,138.30599043269206,0.05000000000000005,,cx4_3: 5.137e-2 ,0.001178470602029459,,,
505,2020-12-19 10:24:00,0.0,4.968659295257702,55.35824646520373,48.05839030125121,0.023299999999999987,,cx0_1: 7.339e-3 ,0.00026417461228421627,,,
506,2020-12-19 10:24:00,1.0,4.770078799898647,118.72948345095423,71.43202821688914,0.03970000000000007,,"cx1_2: 2.556e-2 , cx1_0: 7.339e-3 ",0.0003124391206508047,,,
507,2020-12-19 10:24:00,2.0,5.015160845539291,76.1328516219975,98.80473275842455,0.02529999999999999,,"cx2_3: 1.153e-2 , cx2_1: 2.556e-2 ",0.0004612404284087348,,,
508,2020-12-19 10:24:00,3.0,5.259249192486141,66.25098267722841,116.2955503243057,0.02039999999999997,,"cx3_4: 6.817e-2 , cx3_2: 1.153e-2 ",0.0003149524276117571,,,
509,2020-12-19 10:24:00,4.0,4.9976335506411145,103.62470781049237,138.30599043269206,0.04400000000000004,,cx4_3: 6.817e-2 ,0.0014031600309003676,,,
510,2020-12-20 22:00:00,,4.968660323570785,42.28647371207561,67.14235431014525,0.028200000000000006,0.00022919016111593238,cx0_1: 6.075e-3 ,,,,
511,2020-12-20 22:00:00,1.0,4.7700840437088665,120.13314189546769,91.8131013801353,0.022599999999999957,0.00022480803421232406,"cx1_2: 1.693e-2 , cx1_0: 6.075e-3 ",,,,
512,2020-12-20 22:00:00,2.0,5.0151687815381925,64.20773253103293,94.14264366103649,0.029499999999999967,0.0003544853490742836,"cx2_3: 9.530e-3 , cx2_1: 1.693e-2 ",,,,
513,2020-12-20 22:00:00,3.0,5.2592482502551485,75.57261004584939,90.72662985411716,0.017400000000000082,0.00034999261683074656,"cx3_4: 4.855e-2 , cx3_2: 9.530e-3 ",,,,
514,2020-12-20 22:00:00,4.0,4.997584592233503,60.83750273636507,125.90222024813026,0.04679999999999995,0.0010255211862760637,cx4_3: 4.855e-2 ,,,,
515,2020-12-21 14:00:00,,4.968660323570785,42.28647371207561,67.14235431014525,0.028200000000000006,0.00022919016111593238,cx0_1: 6.075e-3 ,,,,
516,2020-12-21 14:00:00,1.0,4.7700840437088665,120.13314189546769,91.8131013801353,0.022599999999999957,0.00022480803421232406,"cx1_2: 1.693e-2 , cx1_0: 6.075e-3 ",,,,
517,2020-12-21 14:00:00,2.0,5.0151687815381925,64.20773253103293,94.14264366103649,0.029499999999999967,0.0003544853490742836,"cx2_3: 9.530e-3 , cx2_1: 1.693e-2 ",,,,
518,2020-12-21 14:00:00,3.0,5.2592482502551485,75.57261004584939,90.72662985411716,0.017400000000000082,0.00034999261683074656,"cx3_4: 4.855e-2 , cx3_2: 9.530e-3 ",,,,
519,2020-12-21 14:00:00,4.0,4.997584592233503,60.83750273636507,125.90222024813026,0.04679999999999995,0.0010255211862760637,cx4_3: 4.855e-2 ,,,,
520,2020-12-22 16:45:00,0.0,4.968666248260051,127.07183588594818,69.31976350843375,0.027000000000000024,,cx0_1: 7.734e-3 ,0.00021836760440959664,,,
521,2020-12-22 16:45:00,1.0,4.770074038886974,75.02579530438025,70.16556625150575,0.02969999999999995,,"cx1_2: 1.961e-2 , cx1_0: 7.734e-3 ",0.0003696834855809587,,,
522,2020-12-22 16:45:00,2.0,5.015155139761302,70.82727472605512,173.63489804490382,0.028100000000000014,,"cx2_3: 8.976e-3 , cx2_1: 1.961e-2 ",0.0005228282707988634,,,
523,2020-12-22 16:45:00,3.0,5.259259781338108,76.96993630966844,133.95732642486465,0.017900000000000027,,"cx3_4: 4.883e-2 , cx3_2: 8.976e-3 ",0.00026368178193059133,,,
524,2020-12-22 16:45:00,4.0,4.9975851954732,103.62470781049237,138.30599043269206,0.04469999999999996,,cx4_3: 4.883e-2 ,0.0013449390617141404,,,
525,2020-12-23 10:00:00,,4.968660323570785,42.28647371207561,67.14235431014525,0.028200000000000006,0.00022919016111593238,cx0_1: 6.075e-3 ,,,,
526,2020-12-23 10:00:00,1.0,4.7700840437088665,120.13314189546769,91.8131013801353,0.022599999999999957,0.00022480803421232406,"cx1_2: 1.693e-2 , cx1_0: 6.075e-3 ",,,,
527,2020-12-23 10:00:00,2.0,5.0151687815381925,64.20773253103293,94.14264366103649,0.029499999999999967,0.0003544853490742836,"cx2_3: 9.530e-3 , cx2_1: 1.693e-2 ",,,,
528,2020-12-23 10:00:00,3.0,5.2592482502551485,75.57261004584939,90.72662985411716,0.017400000000000082,0.00034999261683074656,"cx3_4: 4.855e-2 , cx3_2: 9.530e-3 ",,,,
529,2020-12-23 10:00:00,4.0,4.997584592233503,60.83750273636507,125.90222024813026,0.04679999999999995,0.0010255211862760637,cx4_3: 4.855e-2 ,,,,
530,2020-12-23 14:41:00,,4.968699730664813,82.4119743722642,69.05040834896423,0.02939999999999998,0.0002421560309429622,cx0_1: 7.231e-3 ,,,,
531,2020-12-23 14:41:00,1.0,4.770093012460518,79.56978156315455,69.7060103377687,0.03090000000000004,0.00029342894354931717,"cx1_2: 2.127e-2 , cx1_0: 7.231e-3 ",,,,
532,2020-12-23 14:41:00,2.0,5.015160458024788,76.22018162602778,112.80965992435671,0.02559999999999996,0.0003008728655084614,"cx2_3: 7.664e-3 , cx2_1: 2.127e-2 ",,,,
533,2020-12-23 14:41:00,3.0,5.259262987650564,98.04174762375904,142.22833682695386,0.024900000000000037,0.00030360048880584254,"cx3_4: 1.708e-2 , cx3_2: 7.664e-3 ",,,,
534,2020-12-23 14:41:00,4.0,4.997619194705873,72.6740039302293,110.78683844561691,0.035599999999999965,0.0006379604339195687,cx4_3: 1.708e-2 ,,,,
535,2020-12-24 19:00:00,0.0,4.968666248260051,127.07183588594818,69.31976350843375,0.027000000000000024,,cx0_1: 7.734e-3 ,0.00021836760440959664,,,
536,2020-12-24 19:00:00,1.0,4.770074038886974,75.02579530438025,70.16556625150575,0.02969999999999995,,"cx1_2: 1.961e-2 , cx1_0: 7.734e-3 ",0.0003696834855809587,,,
537,2020-12-24 19:00:00,2.0,5.015155139761302,70.82727472605512,173.63489804490382,0.028100000000000014,,"cx2_3: 8.976e-3 , cx2_1: 1.961e-2 ",0.0005228282707988634,,,
538,2020-12-24 19:00:00,3.0,5.259259781338108,76.96993630966844,133.95732642486465,0.017900000000000027,,"cx3_4: 4.883e-2 , cx3_2: 8.976e-3 ",0.00026368178193059133,,,
539,2020-12-24 19:00:00,4.0,4.9975851954732,103.62470781049237,138.30599043269206,0.04469999999999996,,cx4_3: 4.883e-2 ,0.0013449390617141404,,,
540,2020-12-25 22:16:00,0.0,4.968666248260051,127.07183588594818,69.31976350843375,0.027000000000000024,,cx0_1: 7.734e-3 ,0.00021836760440959664,,,
541,2020-12-25 22:16:00,1.0,4.770074038886974,75.02579530438025,70.16556625150575,0.02969999999999995,,"cx1_2: 1.961e-2 , cx1_0: 7.734e-3 ",0.0003696834855809587,,,
542,2020-12-25 22:16:00,2.0,5.015155139761302,70.82727472605512,173.63489804490382,0.028100000000000014,,"cx2_3: 8.976e-3 , cx2_1: 1.961e-2 ",0.0005228282707988634,,,
543,2020-12-25 22:16:00,3.0,5.259259781338108,76.96993630966844,133.95732642486465,0.017900000000000027,,"cx3_4: 4.883e-2 , cx3_2: 8.976e-3 ",0.00026368178193059133,,,
544,2020-12-25 22:16:00,4.0,4.9975851954732,103.62470781049237,138.30599043269206,0.04469999999999996,,cx4_3: 4.883e-2 ,0.0013449390617141404,,,
545,2020-12-26 13:53:00,0.0,4.9686609743274746,159.4179600285186,70.60421917994178,0.0250999999999999,,cx0_1: 6.285e-3 ,0.00017215624359454078,,,
546,2020-12-26 13:53:00,1.0,4.7700807542350665,132.03173856937892,74.44571048404418,0.03269999999999995,,"cx1_2: 1.864e-2 , cx1_0: 6.285e-3 ",0.0002601826678959506,,,
547,2020-12-26 13:53:00,2.0,5.0151529685362535,66.8399143405763,92.0881490781557,0.02629999999999999,,"cx2_3: 9.520e-3 , cx2_1: 1.864e-2 ",0.00044821797850158254,,,
548,2020-12-26 13:53:00,3.0,5.259259763999879,70.06274133972701,131.559443932115,0.02290000000000003,,"cx3_4: 8.092e-3 , cx3_2: 9.520e-3 ",0.00027972098899497306,,,
549,2020-12-26 13:53:00,4.0,4.9976367755566375,84.84832167964045,123.56516070682274,0.0403,,cx4_3: 8.092e-3 ,0.00032475736126585383,,,
550,2020-12-27 15:00:00,,4.968671211622909,62.427422102971214,73.94758855739117,0.023700000000000054,0.0002957540235357527,cx0_1: 6.447e-3 ,,,,
551,2020-12-27 15:00:00,1.0,4.770091201533624,96.34243718697063,66.91782478868029,0.02479999999999993,0.0002527249688169423,"cx1_2: 1.728e-2 , cx1_0: 6.447e-3 ",,,,
552,2020-12-27 15:00:00,2.0,5.0151586136790565,79.90071539580232,89.87942393049946,0.017800000000000038,0.0004112188660964363,"cx2_3: 1.051e-2 , cx2_1: 1.728e-2 ",,,,
553,2020-12-27 15:00:00,3.0,5.259253530539064,94.72515001654202,118.18689524833259,0.022699999999999942,0.0004055114663398373,"cx3_4: 1.623e-2 , cx3_2: 1.051e-2 ",,,,
554,2020-12-27 15:00:00,4.0,4.9976464909059235,80.1776441329653,115.30077263761845,0.06830000000000003,0.00135579387188003,cx4_3: 1.623e-2 ,,,,
555,2020-12-28 15:00:00,,4.968671211622909,62.427422102971214,73.94758855739117,0.023700000000000054,0.0002957540235357527,cx0_1: 6.447e-3 ,,,,
556,2020-12-28 15:00:00,1.0,4.770091201533624,96.34243718697063,66.91782478868029,0.02479999999999993,0.0002527249688169423,"cx1_2: 1.728e-2 , cx1_0: 6.447e-3 ",,,,
557,2020-12-28 15:00:00,2.0,5.0151586136790565,79.90071539580232,89.87942393049946,0.017800000000000038,0.0004112188660964363,"cx2_3: 1.051e-2 , cx2_1: 1.728e-2 ",,,,
558,2020-12-28 15:00:00,3.0,5.259253530539064,94.72515001654202,118.18689524833259,0.022699999999999942,0.0004055114663398373,"cx3_4: 1.623e-2 , cx3_2: 1.051e-2 ",,,,
559,2020-12-28 15:00:00,4.0,4.9976464909059235,80.1776441329653,115.30077263761845,0.06830000000000003,0.00135579387188003,cx4_3: 1.623e-2 ,,,,
560,2020-12-29 10:43:00,,4.968671211622909,62.427422102971214,73.94758855739117,0.023700000000000054,0.0002957540235357527,cx0_1: 6.447e-3 ,,,,
561,2020-12-29 10:43:00,1.0,4.770091201533624,96.34243718697063,66.91782478868029,0.02479999999999993,0.0002527249688169423,"cx1_2: 1.728e-2 , cx1_0: 6.447e-3 ",,,,
562,2020-12-29 10:43:00,2.0,5.0151586136790565,79.90071539580232,89.87942393049946,0.017800000000000038,0.0004112188660964363,"cx2_3: 1.051e-2 , cx2_1: 1.728e-2 ",,,,
563,2020-12-29 10:43:00,3.0,5.259253530539064,94.72515001654202,118.18689524833259,0.022699999999999942,0.0004055114663398373,"cx3_4: 1.623e-2 , cx3_2: 1.051e-2 ",,,,
564,2020-12-29 10:43:00,4.0,4.9976464909059235,80.1776441329653,115.30077263761845,0.06830000000000003,0.00135579387188003,cx4_3: 1.623e-2 ,,,,
565,2020-12-30 17:00:00,,4.968671211622909,62.427422102971214,73.94758855739117,0.023700000000000054,0.0002957540235357527,cx0_1: 6.447e-3 ,,,,
566,2020-12-30 17:00:00,1.0,4.770091201533624,96.34243718697063,66.91782478868029,0.02479999999999993,0.0002527249688169423,"cx1_2: 1.728e-2 , cx1_0: 6.447e-3 ",,,,
567,2020-12-30 17:00:00,2.0,5.0151586136790565,79.90071539580232,89.87942393049946,0.017800000000000038,0.0004112188660964363,"cx2_3: 1.051e-2 , cx2_1: 1.728e-2 ",,,,
568,2020-12-30 17:00:00,3.0,5.259253530539064,94.72515001654202,118.18689524833259,0.022699999999999942,0.0004055114663398373,"cx3_4: 1.623e-2 , cx3_2: 1.051e-2 ",,,,
569,2020-12-30 17:00:00,4.0,4.9976464909059235,80.1776441329653,115.30077263761845,0.06830000000000003,0.00135579387188003,cx4_3: 1.623e-2 ,,,,
570,2020-12-31 15:00:00,,4.968671211622909,62.427422102971214,73.94758855739117,0.023700000000000054,0.0002957540235357527,cx0_1: 6.447e-3 ,,,,
571,2020-12-31 15:00:00,1.0,4.770091201533624,96.34243718697063,66.91782478868029,0.02479999999999993,0.0002527249688169423,"cx1_2: 1.728e-2 , cx1_0: 6.447e-3 ",,,,
572,2020-12-31 15:00:00,2.0,5.0151586136790565,79.90071539580232,89.87942393049946,0.017800000000000038,0.0004112188660964363,"cx2_3: 1.051e-2 , cx2_1: 1.728e-2 ",,,,
573,2020-12-31 15:00:00,3.0,5.259253530539064,94.72515001654202,118.18689524833259,0.022699999999999942,0.0004055114663398373,"cx3_4: 1.623e-2 , cx3_2: 1.051e-2 ",,,,
574,2020-12-31 15:00:00,4.0,4.9976464909059235,80.1776441329653,115.30077263761845,0.06830000000000003,0.00135579387188003,cx4_3: 1.623e-2 ,,,,
