,timestamp,Qubit,Frequency (GHz),T1 (µs),T2 (µs),Readout error,Sqrt-x (sx) error,CNOT error,Readout assignment error,√x (sx) error,Single-qubit Pauli-X error
0,2021-01-01 00:00:00,0.0,5.175368153503193,61.3624550436697,130.73661158908317,0.012499999999999956,0.0003179837663415089,cx0_1: 9.527e-3 ,,,
1,2021-01-01 00:00:00,1.0,5.267215972276427,75.35614327627061,72.25527178955588,0.012399999999999968,0.0002940696399952501,"cx1_2: 6.789e-3 , cx1_0: 9.527e-3 ",,,
2,2021-01-01 00:00:00,2.0,5.052378155397967,71.13366166873719,116.4852448187512,0.020499999999999963,0.00025395328659463416,"cx2_3: 8.307e-3 , cx2_1: 6.789e-3 ",,,
3,2021-01-01 00:00:00,3.0,4.855928102697965,126.84881626020784,21.261956738857094,0.03079999999999994,0.0002805909939274726,"cx3_4: 9.701e-3 , cx3_2: 8.307e-3 ",,,
4,2021-01-01 00:00:00,4.0,5.118557408048753,76.3915463415338,110.13818337072965,0.023800000000000043,0.000329571313233051,cx4_3: 9.701e-3 ,,,
5,2021-01-02 05:00:00,0.0,5.175368153503193,61.3624550436697,130.73661158908317,0.012499999999999956,0.0003179837663415089,cx0_1: 9.527e-3 ,,,
6,2021-01-02 05:00:00,1.0,5.267215972276427,75.35614327627061,72.25527178955588,0.012399999999999968,0.0002940696399952501,"cx1_2: 6.789e-3 , cx1_0: 9.527e-3 ",,,
7,2021-01-02 05:00:00,2.0,5.052378155397967,71.13366166873719,116.4852448187512,0.020499999999999963,0.00025395328659463416,"cx2_3: 8.307e-3 , cx2_1: 6.789e-3 ",,,
8,2021-01-02 05:00:00,3.0,4.855928102697965,126.84881626020784,21.261956738857094,0.03079999999999994,0.0002805909939274726,"cx3_4: 9.701e-3 , cx3_2: 8.307e-3 ",,,
9,2021-01-02 05:00:00,4.0,5.118557408048753,76.3915463415338,110.13818337072965,0.023800000000000043,0.000329571313233051,cx4_3: 9.701e-3 ,,,
10,2021-01-03 23:32:00,0.0,5.175368153503193,61.3624550436697,130.73661158908317,0.012499999999999956,0.0003179837663415089,cx0_1: 9.527e-3 ,,,
11,2021-01-03 23:32:00,1.0,5.267215972276427,75.35614327627061,72.25527178955588,0.012399999999999968,0.0002940696399952501,"cx1_2: 6.789e-3 , cx1_0: 9.527e-3 ",,,
12,2021-01-03 23:32:00,2.0,5.052378155397967,71.13366166873719,116.4852448187512,0.020499999999999963,0.00025395328659463416,"cx2_3: 8.307e-3 , cx2_1: 6.789e-3 ",,,
13,2021-01-03 23:32:00,3.0,4.855928102697965,126.84881626020784,21.261956738857094,0.03079999999999994,0.0002805909939274726,"cx3_4: 9.701e-3 , cx3_2: 8.307e-3 ",,,
14,2021-01-03 23:32:00,4.0,5.118557408048753,76.3915463415338,110.13818337072965,0.023800000000000043,0.000329571313233051,cx4_3: 9.701e-3 ,,,
15,2021-01-04 23:16:00,0.0,5.175373729492478,90.85124321178236,115.28624633434784,0.009700000000000042,0.0002868970532167054,cx0_1: 1.043e-2 ,,,
16,2021-01-04 23:16:00,1.0,5.267214391692857,71.38279423506258,145.75754879817842,0.009000000000000008,0.0002897269169808017,"cx1_2: 7.712e-3 , cx1_0: 1.043e-2 ",,,
17,2021-01-04 23:16:00,2.0,5.052381890438221,37.67682454673915,39.27777236433689,0.022599999999999957,0.00025915841006695663,"cx2_3: 8.707e-3 , cx2_1: 7.712e-3 ",,,
18,2021-01-04 23:16:00,3.0,4.855924225910656,73.88739522462078,24.320073307714424,0.03939999999999999,0.0005556659548452078,"cx3_4: 1.007e-2 , cx3_2: 8.707e-3 ",,,
19,2021-01-04 23:16:00,4.0,5.118555812325359,104.52556096630958,126.65185083025105,0.026000000000000027,0.0003252866113704227,cx4_3: 1.007e-2 ,,,
20,2021-01-05 11:17:00,0.0,5.175372747975176,99.91098440009037,101.30368572785568,0.007700000000000041,0.0002441007981268126,cx0_1: 8.361e-3 ,,,
21,2021-01-05 11:17:00,1.0,5.2672087329233745,62.655080484830684,89.63015643608976,0.011300000000000088,0.0003000135129620453,"cx1_2: 6.783e-3 , cx1_0: 8.361e-3 ",,,
22,2021-01-05 11:17:00,2.0,5.052368989207028,100.50318060848065,105.15493909558664,0.015900000000000025,0.00020165534111155656,"cx2_3: 7.676e-3 , cx2_1: 6.783e-3 ",,,
23,2021-01-05 11:17:00,3.0,4.8559232379307415,53.07257758574252,26.67282714324779,0.043099999999999916,0.0005688329648876588,"cx3_4: 9.656e-3 , cx3_2: 7.676e-3 ",,,
24,2021-01-05 11:17:00,4.0,5.118562612962854,131.77457659558826,128.3937293657895,0.01770000000000005,0.00031885486834390186,cx4_3: 9.656e-3 ,,,
25,2021-01-05 13:02:00,0.0,5.175372747975176,99.91098440009037,101.30368572785568,0.007700000000000041,0.0002441007981268126,cx0_1: 8.361e-3 ,,,
26,2021-01-05 13:02:00,1.0,5.2672087329233745,62.655080484830684,89.63015643608976,0.011300000000000088,0.0003000135129620453,"cx1_2: 6.783e-3 , cx1_0: 8.361e-3 ",,,
27,2021-01-05 13:02:00,2.0,5.052368989207028,100.50318060848065,105.15493909558664,0.015900000000000025,0.00020165534111155656,"cx2_3: 7.676e-3 , cx2_1: 6.783e-3 ",,,
28,2021-01-05 13:02:00,3.0,4.8559232379307415,53.07257758574252,26.67282714324779,0.043099999999999916,0.0005688329648876588,"cx3_4: 9.656e-3 , cx3_2: 7.676e-3 ",,,
29,2021-01-05 13:02:00,4.0,5.118562612962854,131.77457659558826,128.3937293657895,0.01770000000000005,0.00031885486834390186,cx4_3: 9.656e-3 ,,,
30,2021-01-06 00:18:00,0.0,5.175372747975176,99.91098440009037,101.30368572785568,0.007700000000000041,0.0002441007981268126,cx0_1: 1.000e+0 ,,,
31,2021-01-06 00:18:00,1.0,5.2672087329233745,62.655080484830684,89.63015643608976,0.011300000000000088,0.0003000135129620453,"cx1_2: 1.000e+0 , cx1_0: 1.000e+0 ",,,
32,2021-01-06 00:18:00,2.0,5.052368989207028,100.50318060848065,105.15493909558664,0.015900000000000025,0.00020165534111155656,"cx2_3: 1.000e+0 , cx2_1: 1.000e+0 ",,,
33,2021-01-06 00:18:00,3.0,4.8559232379307415,53.07257758574252,26.67282714324779,0.043099999999999916,0.0005688329648876588,"cx3_4: 1.000e+0 , cx3_2: 1.000e+0 ",,,
34,2021-01-06 00:18:00,4.0,5.118562612962854,131.77457659558826,128.3937293657895,0.01770000000000005,0.00031885486834390186,cx4_3: 1.000e+0 ,,,
35,2021-01-07 00:19:00,0.0,5.175374866092738,96.18447884909209,184.74158207850846,0.010499999999999956,0.00024204378218525255,cx0_1: 8.279e-3 ,,,
36,2021-01-07 00:19:00,1.0,5.267212071118567,66.01179461681599,92.72381447400014,0.01329999999999998,0.0002675225024942818,"cx1_2: 7.646e-3 , cx1_0: 8.279e-3 ",,,
37,2021-01-07 00:19:00,2.0,5.052369573977999,79.43532859333318,111.97044699747643,0.015900000000000025,0.00024122995535508189,"cx2_3: 9.619e-3 , cx2_1: 7.646e-3 ",,,
38,2021-01-07 00:19:00,3.0,4.855921940739151,76.18556527840181,22.897772528707677,0.032499999999999966,0.0003660564257746148,"cx3_4: 1.034e-2 , cx3_2: 9.619e-3 ",,,
39,2021-01-07 00:19:00,4.0,5.118557502578364,131.77457659558826,63.6914624718153,0.02529999999999999,0.00040134676609450914,cx4_3: 1.034e-2 ,,,
40,2021-01-07 23:19:00,0.0,5.175372498691918,69.41043441736743,103.4228266994079,0.00880000000000003,0.0002452260888847513,cx0_1: 9.889e-3 ,,,
41,2021-01-07 23:19:00,1.0,5.267213187910642,84.03459302675991,110.10718436430248,0.014399999999999968,0.0002616014934658248,"cx1_2: 6.959e-3 , cx1_0: 9.889e-3 ",,,
42,2021-01-07 23:19:00,2.0,5.05237462287858,95.74398155027176,136.23417987075774,0.015299999999999982,0.00024117295929597623,"cx2_3: 9.075e-3 , cx2_1: 6.959e-3 ",,,
43,2021-01-07 23:19:00,3.0,4.855923806552454,90.32034085388695,26.657838514235483,0.035700000000000065,0.0004613813232180512,"cx3_4: 1.124e-2 , cx3_2: 9.075e-3 ",,,
44,2021-01-07 23:19:00,4.0,5.118558360443309,89.23694551762311,153.08934847761887,0.024599999999999955,0.0003492353939253866,cx4_3: 1.124e-2 ,,,
45,2021-01-08 08:24:00,0.0,5.17537493613707,51.29520019479083,84.91289925129452,0.011299999999999977,0.00035745405567036035,cx0_1: 1.123e-2 ,,,
46,2021-01-08 08:24:00,1.0,5.267206378646254,66.32047815105882,93.6568657137482,0.014299999999999981,0.00028133379142421705,"cx1_2: 7.151e-3 , cx1_0: 1.123e-2 ",,,
47,2021-01-08 08:24:00,2.0,5.0523771312899015,79.80291101702787,131.00158476030762,0.018299999999999983,0.00023240775154568307,"cx2_3: 7.017e-3 , cx2_1: 7.151e-3 ",,,
48,2021-01-08 08:24:00,3.0,4.855924732861032,70.62235323376791,22.21112381495304,0.03069999999999995,0.0002792944519589689,"cx3_4: 7.500e-3 , cx3_2: 7.017e-3 ",,,
49,2021-01-08 08:24:00,4.0,5.118552348271651,90.85390847390663,119.08545264792177,0.024699999999999944,0.00031120933748783337,cx4_3: 7.500e-3 ,,,
50,2021-01-09 23:55:00,0.0,5.175374616629703,81.60626854916836,133.850698584752,0.007400000000000073,0.00022077596145518872,cx0_1: 9.737e-3 ,,,
51,2021-01-09 23:55:00,1.0,5.267212288403031,86.95157944692836,124.25102165089041,0.014699999999999937,0.00031556594433874204,"cx1_2: 7.723e-3 , cx1_0: 9.737e-3 ",,,
52,2021-01-09 23:55:00,2.0,5.052375382288927,94.58156280222687,116.07029998421528,0.016100000000000003,0.000276241649513622,"cx2_3: 6.311e-3 , cx2_1: 7.723e-3 ",,,
53,2021-01-09 23:55:00,3.0,4.855934281654232,70.2685425712727,22.778899087766238,0.02950000000000008,0.000244702155735743,"cx3_4: 7.215e-3 , cx3_2: 6.311e-3 ",,,
54,2021-01-09 23:55:00,4.0,5.1185529077328775,80.28527379194904,106.16164749449258,0.023900000000000032,0.00039292354092036464,cx4_3: 7.215e-3 ,,,
55,2021-01-10 23:55:00,0.0,5.175372498691918,69.41043441736743,103.4228266994079,0.00880000000000003,0.0002452260888847513,cx0_1: 9.889e-3 ,,,
56,2021-01-10 23:55:00,1.0,5.267213187910642,84.03459302675991,110.10718436430248,0.014399999999999968,0.0002616014934658248,"cx1_2: 6.959e-3 , cx1_0: 9.889e-3 ",,,
57,2021-01-10 23:55:00,2.0,5.05237462287858,95.74398155027176,136.23417987075774,0.015299999999999982,0.00024117295929597623,"cx2_3: 9.075e-3 , cx2_1: 6.959e-3 ",,,
58,2021-01-10 23:55:00,3.0,4.855923806552454,90.32034085388695,26.657838514235483,0.035700000000000065,0.0004613813232180512,"cx3_4: 1.124e-2 , cx3_2: 9.075e-3 ",,,
59,2021-01-10 23:55:00,4.0,5.118558360443309,89.23694551762311,153.08934847761887,0.024599999999999955,0.0003492353939253866,cx4_3: 1.124e-2 ,,,
60,2021-01-11 12:05:00,0.0,5.175368011730153,39.5373002069609,116.074939810146,0.009099999999999995,0.00034167235333322943,cx0_1: 1.782e-2 ,,,
61,2021-01-11 12:05:00,1.0,5.26721521166408,81.81216662896288,95.18906049302507,0.01090000000000002,0.00030146546913394307,"cx1_2: 1.473e-2 , cx1_0: 1.782e-2 ",,,
62,2021-01-11 12:05:00,2.0,5.052381348137391,85.12525436282273,116.51692418116129,0.017900000000000027,0.00023778157030146865,"cx2_3: 7.543e-3 , cx2_1: 1.473e-2 ",,,
63,2021-01-11 12:05:00,3.0,4.855931560874075,24.0760420949644,16.134458709578528,0.03510000000000002,0.0002842956151314148,"cx3_4: 6.972e-3 , cx3_2: 7.543e-3 ",,,
64,2021-01-11 12:05:00,4.0,5.118554738605216,92.28598154736478,114.9835383138285,0.019000000000000017,0.0002152277541460265,cx4_3: 6.972e-3 ,,,
65,2021-01-12 10:46:00,0.0,5.1753707875015325,54.744618980884866,112.40154779508251,0.010000000000000007,0.00029141342514815076,cx0_1: 9.562e-3 ,,,
66,2021-01-12 10:46:00,1.0,5.267215396570377,61.840061747226684,135.72742147058688,0.011500000000000066,0.00029973312543899865,"cx1_2: 8.648e-3 , cx1_0: 9.562e-3 ",,,
67,2021-01-12 10:46:00,2.0,5.052381392716165,101.70528760625332,107.9651284683357,0.016899999999999915,0.0002673686445499061,"cx2_3: 7.711e-3 , cx2_1: 8.648e-3 ",,,
68,2021-01-12 10:46:00,3.0,4.855927299472955,104.32610115644164,24.158916750081445,0.03339999999999998,0.00027168359499799537,"cx3_4: 6.594e-3 , cx3_2: 7.711e-3 ",,,
69,2021-01-12 10:46:00,4.0,5.118557406913516,92.0326732144371,119.43889542994422,0.02410000000000001,0.00024354455523264932,cx4_3: 6.594e-3 ,,,
70,2021-01-13 13:45:00,0.0,5.175368153503193,61.3624550436697,130.73661158908317,0.012499999999999956,0.0003179837663415089,cx0_1: 9.527e-3 ,,,
71,2021-01-13 13:45:00,1.0,5.267215972276427,75.35614327627061,72.25527178955588,0.012399999999999968,0.0002940696399952501,"cx1_2: 6.789e-3 , cx1_0: 9.527e-3 ",,,
72,2021-01-13 13:45:00,2.0,5.052378155397967,71.13366166873719,116.4852448187512,0.020499999999999963,0.00025395328659463416,"cx2_3: 8.307e-3 , cx2_1: 6.789e-3 ",,,
73,2021-01-13 13:45:00,3.0,4.855928102697965,126.84881626020784,21.261956738857094,0.03079999999999994,0.0002805909939274726,"cx3_4: 9.701e-3 , cx3_2: 8.307e-3 ",,,
74,2021-01-13 13:45:00,4.0,5.118557408048753,76.3915463415338,110.13818337072965,0.023800000000000043,0.000329571313233051,cx4_3: 9.701e-3 ,,,
75,2021-01-14 15:00:00,0.0,5.175373166891234,69.17721300777276,64.53356510379983,0.009299999999999977,0.00033964339762853425,cx0_1: 9.558e-3 ,,,
76,2021-01-14 15:00:00,1.0,5.267218868778827,81.61069347937483,146.47511879046718,0.010399999999999965,0.0003209908437748993,"cx1_2: 7.949e-3 , cx1_0: 9.558e-3 ",,,
77,2021-01-14 15:00:00,2.0,5.052374144042512,79.749438578037,99.9600752809656,0.015299999999999982,0.0002247398416725208,"cx2_3: 7.158e-3 , cx2_1: 7.949e-3 ",,,
78,2021-01-14 15:00:00,3.0,4.855927335457328,104.63222265278786,24.95631775618893,0.03269999999999995,0.0002435626046997592,"cx3_4: 6.745e-3 , cx3_2: 7.158e-3 ",,,
79,2021-01-14 15:00:00,4.0,5.118552713351598,92.15280484425085,134.78363330692622,0.02540000000000009,0.00023455055509521874,cx4_3: 6.745e-3 ,,,
80,2021-01-15 13:00:00,0.0,5.17537493613707,51.29520019479083,84.91289925129452,0.011299999999999977,0.00035745405567036035,cx0_1: 1.123e-2 ,,,
81,2021-01-15 13:00:00,1.0,5.267206378646254,66.32047815105882,93.6568657137482,0.014299999999999981,0.00028133379142421705,"cx1_2: 7.151e-3 , cx1_0: 1.123e-2 ",,,
82,2021-01-15 13:00:00,2.0,5.0523771312899015,79.80291101702787,131.00158476030762,0.018299999999999983,0.00023240775154568307,"cx2_3: 7.017e-3 , cx2_1: 7.151e-3 ",,,
83,2021-01-15 13:00:00,3.0,4.855924732861032,70.62235323376791,22.21112381495304,0.03069999999999995,0.0002792944519589689,"cx3_4: 7.500e-3 , cx3_2: 7.017e-3 ",,,
84,2021-01-15 13:00:00,4.0,5.118552348271651,90.85390847390663,119.08545264792177,0.024699999999999944,0.00031120933748783337,cx4_3: 7.500e-3 ,,,
85,2021-01-16 16:45:00,0.0,5.17537493613707,51.29520019479083,84.91289925129452,0.011299999999999977,0.00035745405567036035,cx0_1: 1.123e-2 ,,,
86,2021-01-16 16:45:00,1.0,5.267206378646254,66.32047815105882,93.6568657137482,0.014299999999999981,0.00028133379142421705,"cx1_2: 7.151e-3 , cx1_0: 1.123e-2 ",,,
87,2021-01-16 16:45:00,2.0,5.0523771312899015,79.80291101702787,131.00158476030762,0.018299999999999983,0.00023240775154568307,"cx2_3: 7.017e-3 , cx2_1: 7.151e-3 ",,,
88,2021-01-16 16:45:00,3.0,4.855924732861032,70.62235323376791,22.21112381495304,0.03069999999999995,0.0002792944519589689,"cx3_4: 7.500e-3 , cx3_2: 7.017e-3 ",,,
89,2021-01-16 16:45:00,4.0,5.118552348271651,90.85390847390663,119.08545264792177,0.024699999999999944,0.00031120933748783337,cx4_3: 7.500e-3 ,,,
90,2021-01-17 19:00:00,0.0,5.175377484223612,69.17721300777276,56.062252793976704,0.008299999999999974,0.00029384244106985425,cx0_1: 1.078e-2 ,,,
91,2021-01-17 19:00:00,1.0,5.26722383664451,54.09252540749136,105.56018462579107,0.011399999999999966,0.0002527611282330237,"cx1_2: 7.322e-3 , cx1_0: 1.078e-2 ",,,
92,2021-01-17 19:00:00,2.0,5.0523821939917095,81.30777837827794,152.5536142770042,0.01549999999999996,0.00026205590047612647,"cx2_3: 6.595e-3 , cx2_1: 7.322e-3 ",,,
93,2021-01-17 19:00:00,3.0,4.855931277854023,68.27240878945985,23.071903198836218,0.03520000000000001,0.00025827330350378954,"cx3_4: 6.958e-3 , cx3_2: 6.595e-3 ",,,
94,2021-01-17 19:00:00,4.0,5.118557121666801,92.15280484425085,41.94579922310459,0.026999999999999916,0.0003393373466432629,cx4_3: 6.958e-3 ,,,
95,2021-01-18 12:44:00,0.0,5.175373166891234,69.17721300777276,64.53356510379983,0.009299999999999977,0.00033964339762853425,cx0_1: 9.558e-3 ,,,
96,2021-01-18 12:44:00,1.0,5.267218868778827,81.61069347937483,146.47511879046718,0.010399999999999965,0.0003209908437748993,"cx1_2: 7.949e-3 , cx1_0: 9.558e-3 ",,,
97,2021-01-18 12:44:00,2.0,5.052374144042512,79.749438578037,99.9600752809656,0.015299999999999982,0.0002247398416725208,"cx2_3: 7.158e-3 , cx2_1: 7.949e-3 ",,,
98,2021-01-18 12:44:00,3.0,4.855927335457328,104.63222265278786,24.95631775618893,0.03269999999999995,0.0002435626046997592,"cx3_4: 6.745e-3 , cx3_2: 7.158e-3 ",,,
99,2021-01-18 12:44:00,4.0,5.118552713351598,92.15280484425085,134.78363330692622,0.02540000000000009,0.00023455055509521874,cx4_3: 6.745e-3 ,,,
100,2021-01-19 10:24:00,0.0,5.175377484223612,69.17721300777276,56.062252793976704,0.008299999999999974,0.00029384244106985425,cx0_1: 1.078e-2 ,,,
101,2021-01-19 10:24:00,1.0,5.26722383664451,54.09252540749136,105.56018462579107,0.011399999999999966,0.0002527611282330237,"cx1_2: 7.322e-3 , cx1_0: 1.078e-2 ",,,
102,2021-01-19 10:24:00,2.0,5.0523821939917095,81.30777837827794,152.5536142770042,0.01549999999999996,0.00026205590047612647,"cx2_3: 6.595e-3 , cx2_1: 7.322e-3 ",,,
103,2021-01-19 10:24:00,3.0,4.855931277854023,68.27240878945985,23.071903198836218,0.03520000000000001,0.00025827330350378954,"cx3_4: 6.958e-3 , cx3_2: 6.595e-3 ",,,
104,2021-01-19 10:24:00,4.0,5.118557121666801,92.15280484425085,41.94579922310459,0.026999999999999916,0.0003393373466432629,cx4_3: 6.958e-3 ,,,
105,2021-01-20 22:00:00,0.0,5.17537493613707,51.29520019479083,84.91289925129452,0.011299999999999977,0.00035745405567036035,cx0_1: 1.123e-2 ,,,
106,2021-01-20 22:00:00,1.0,5.267206378646254,66.32047815105882,93.6568657137482,0.014299999999999981,0.00028133379142421705,"cx1_2: 7.151e-3 , cx1_0: 1.123e-2 ",,,
107,2021-01-20 22:00:00,2.0,5.0523771312899015,79.80291101702787,131.00158476030762,0.018299999999999983,0.00023240775154568307,"cx2_3: 7.017e-3 , cx2_1: 7.151e-3 ",,,
108,2021-01-20 22:00:00,3.0,4.855924732861032,70.62235323376791,22.21112381495304,0.03069999999999995,0.0002792944519589689,"cx3_4: 7.500e-3 , cx3_2: 7.017e-3 ",,,
109,2021-01-20 22:00:00,4.0,5.118552348271651,90.85390847390663,119.08545264792177,0.024699999999999944,0.00031120933748783337,cx4_3: 7.500e-3 ,,,
110,2021-01-21 14:00:00,0.0,5.17537493613707,51.29520019479083,84.91289925129452,0.011299999999999977,0.00035745405567036035,cx0_1: 1.123e-2 ,,,
111,2021-01-21 14:00:00,1.0,5.267206378646254,66.32047815105882,93.6568657137482,0.014299999999999981,0.00028133379142421705,"cx1_2: 7.151e-3 , cx1_0: 1.123e-2 ",,,
112,2021-01-21 14:00:00,2.0,5.0523771312899015,79.80291101702787,131.00158476030762,0.018299999999999983,0.00023240775154568307,"cx2_3: 7.017e-3 , cx2_1: 7.151e-3 ",,,
113,2021-01-21 14:00:00,3.0,4.855924732861032,70.62235323376791,22.21112381495304,0.03069999999999995,0.0002792944519589689,"cx3_4: 7.500e-3 , cx3_2: 7.017e-3 ",,,
114,2021-01-21 14:00:00,4.0,5.118552348271651,90.85390847390663,119.08545264792177,0.024699999999999944,0.00031120933748783337,cx4_3: 7.500e-3 ,,,
115,2021-01-22 16:45:00,0.0,5.175374027280028,84.97895575892021,152.7513670212044,0.023333333333333317,0.0002329724130947877,cx0_1: 8.933e-3 ,,,
116,2021-01-22 16:45:00,1.0,5.267223328260084,89.35031147389749,148.697450541992,0.01666666666666661,0.00028034450469203775,"cx1_2: 6.812e-3 , cx1_0: 8.933e-3 ",,,
117,2021-01-22 16:45:00,2.0,5.052372044342347,95.63693621979272,159.92306649516146,0.033333333333333326,0.00023493080078168917,"cx2_3: 7.875e-3 , cx2_1: 6.812e-3 ",,,
118,2021-01-22 16:45:00,3.0,4.855918145062604,89.67442542076115,27.19484365929822,0.023333333333333317,0.0004577118391454411,"cx3_4: 8.496e-3 , cx3_2: 7.875e-3 ",,,
119,2021-01-22 16:45:00,4.0,5.1185540450425515,64.73280094908144,93.01482366288342,0.028333333333333318,0.00029161959358207576,cx4_3: 8.496e-3 ,,,
120,2021-01-23 10:00:00,0.0,5.17537493613707,51.29520019479083,84.91289925129452,0.011299999999999977,0.00035745405567036035,cx0_1: 1.123e-2 ,,,
121,2021-01-23 10:00:00,1.0,5.267206378646254,66.32047815105882,93.6568657137482,0.014299999999999981,0.00028133379142421705,"cx1_2: 7.151e-3 , cx1_0: 1.123e-2 ",,,
122,2021-01-23 10:00:00,2.0,5.0523771312899015,79.80291101702787,131.00158476030762,0.018299999999999983,0.00023240775154568307,"cx2_3: 7.017e-3 , cx2_1: 7.151e-3 ",,,
123,2021-01-23 10:00:00,3.0,4.855924732861032,70.62235323376791,22.21112381495304,0.03069999999999995,0.0002792944519589689,"cx3_4: 7.500e-3 , cx3_2: 7.017e-3 ",,,
124,2021-01-23 10:00:00,4.0,5.118552348271651,90.85390847390663,119.08545264792177,0.024699999999999944,0.00031120933748783337,cx4_3: 7.500e-3 ,,,
125,2021-01-24 19:00:00,0.0,5.175374027280028,84.97895575892021,152.7513670212044,0.023333333333333317,0.0002329724130947877,cx0_1: 8.933e-3 ,,,
126,2021-01-24 19:00:00,1.0,5.267223328260084,89.35031147389749,148.697450541992,0.01666666666666661,0.00028034450469203775,"cx1_2: 6.812e-3 , cx1_0: 8.933e-3 ",,,
127,2021-01-24 19:00:00,2.0,5.052372044342347,95.63693621979272,159.92306649516146,0.033333333333333326,0.00023493080078168917,"cx2_3: 7.875e-3 , cx2_1: 6.812e-3 ",,,
128,2021-01-24 19:00:00,3.0,4.855918145062604,89.67442542076115,27.19484365929822,0.023333333333333317,0.0004577118391454411,"cx3_4: 8.496e-3 , cx3_2: 7.875e-3 ",,,
129,2021-01-24 19:00:00,4.0,5.1185540450425515,64.73280094908144,93.01482366288342,0.028333333333333318,0.00029161959358207576,cx4_3: 8.496e-3 ,,,
130,2021-01-25 22:16:00,0.0,5.175374027280028,84.97895575892021,152.7513670212044,0.023333333333333317,0.0002329724130947877,cx0_1: 8.933e-3 ,,,
131,2021-01-25 22:16:00,1.0,5.267223328260084,89.35031147389749,148.697450541992,0.01666666666666661,0.00028034450469203775,"cx1_2: 6.812e-3 , cx1_0: 8.933e-3 ",,,
132,2021-01-25 22:16:00,2.0,5.052372044342347,95.63693621979272,159.92306649516146,0.033333333333333326,0.00023493080078168917,"cx2_3: 7.875e-3 , cx2_1: 6.812e-3 ",,,
133,2021-01-25 22:16:00,3.0,4.855918145062604,89.67442542076115,27.19484365929822,0.023333333333333317,0.0004577118391454411,"cx3_4: 8.496e-3 , cx3_2: 7.875e-3 ",,,
134,2021-01-25 22:16:00,4.0,5.1185540450425515,64.73280094908144,93.01482366288342,0.028333333333333318,0.00029161959358207576,cx4_3: 8.496e-3 ,,,
135,2021-01-26 13:53:00,0.0,5.175370498127216,48.70532782013911,60.19990157492588,0.008299999999999974,0.0002527679471394273,cx0_1: 9.394e-3 ,,,
136,2021-01-26 13:53:00,1.0,5.267226773598871,88.01361576902822,135.793745778678,0.011600000000000056,0.00027705269820115533,"cx1_2: 7.327e-3 , cx1_0: 9.394e-3 ",,,
137,2021-01-26 13:53:00,2.0,5.0523783291512645,89.08756968930298,134.21518734471906,0.015199999999999991,0.00022080509952832192,"cx2_3: 8.788e-3 , cx2_1: 7.327e-3 ",,,
138,2021-01-26 13:53:00,3.0,4.8559297720477375,47.0945093374829,25.19401862774713,0.02180000000000004,0.00028828823323945736,"cx3_4: 8.206e-3 , cx3_2: 8.788e-3 ",,,
139,2021-01-26 13:53:00,4.0,5.1185535557788935,70.83631657534708,124.54289709877753,0.02039999999999997,0.00025599865586327754,cx4_3: 8.206e-3 ,,,
140,2021-01-28 23:30:00,0.0,5.175375780927736,88.14608082893015,112.69060040381235,0.00649999999999995,0.00029202956030582335,cx0_1: 1.060e-2 ,,,
141,2021-01-28 23:30:00,1.0,5.267231580589684,51.45108314516654,111.02161082742636,0.01560000000000006,0.0003634919143903128,"cx1_2: 7.803e-3 , cx1_0: 1.060e-2 ",,,
142,2021-01-28 23:30:00,2.0,5.052377108620589,84.63893305159355,121.29270928023371,0.017299999999999982,0.00023022023121432641,"cx2_3: 7.108e-3 , cx2_1: 7.803e-3 ",,,
143,2021-01-28 23:30:00,3.0,4.855932248098143,72.81597786138919,22.97157436825098,0.0141,0.00024480931816046956,"cx3_4: 6.889e-3 , cx3_2: 7.108e-3 ",,,
144,2021-01-28 23:30:00,4.0,5.118551627055392,98.82054403935281,92.48170027528282,0.025399999999999975,0.00028920655996822985,cx4_3: 6.889e-3 ,,,
145,2021-01-29 16:46:00,0.0,5.17537493613707,51.29520019479083,84.91289925129452,0.011299999999999977,0.00035745405567036035,cx0_1: 1.123e-2 ,,,
146,2021-01-29 16:46:00,1.0,5.267206378646254,66.32047815105882,93.6568657137482,0.014299999999999981,0.00028133379142421705,"cx1_2: 7.151e-3 , cx1_0: 1.123e-2 ",,,
147,2021-01-29 16:46:00,2.0,5.0523771312899015,79.80291101702787,131.00158476030762,0.018299999999999983,0.00023240775154568307,"cx2_3: 7.017e-3 , cx2_1: 7.151e-3 ",,,
148,2021-01-29 16:46:00,3.0,4.855924732861032,70.62235323376791,22.21112381495304,0.03069999999999995,0.0002792944519589689,"cx3_4: 7.500e-3 , cx3_2: 7.017e-3 ",,,
149,2021-01-29 16:46:00,4.0,5.118552348271651,90.85390847390663,119.08545264792177,0.024699999999999944,0.00031120933748783337,cx4_3: 7.500e-3 ,,,
150,2021-01-30 10:00:00,0.0,5.175374027280028,84.97895575892021,152.7513670212044,0.023333333333333317,0.0002329724130947877,cx0_1: 8.933e-3 ,,,
151,2021-01-30 10:00:00,1.0,5.267223328260084,89.35031147389749,148.697450541992,0.01666666666666661,0.00028034450469203775,"cx1_2: 6.812e-3 , cx1_0: 8.933e-3 ",,,
152,2021-01-30 10:00:00,2.0,5.052372044342347,95.63693621979272,159.92306649516146,0.033333333333333326,0.00023493080078168917,"cx2_3: 7.875e-3 , cx2_1: 6.812e-3 ",,,
153,2021-01-30 10:00:00,3.0,4.855918145062604,89.67442542076115,27.19484365929822,0.023333333333333317,0.0004577118391454411,"cx3_4: 8.496e-3 , cx3_2: 7.875e-3 ",,,
154,2021-01-30 10:00:00,4.0,5.1185540450425515,64.73280094908144,93.01482366288342,0.028333333333333318,0.00029161959358207576,cx4_3: 8.496e-3 ,,,
155,2021-01-31 14:00:00,0.0,5.17537493613707,51.29520019479083,84.91289925129452,0.011299999999999977,0.00035745405567036035,cx0_1: 1.123e-2 ,,,
156,2021-01-31 14:00:00,1.0,5.267206378646254,66.32047815105882,93.6568657137482,0.014299999999999981,0.00028133379142421705,"cx1_2: 7.151e-3 , cx1_0: 1.123e-2 ",,,
157,2021-01-31 14:00:00,2.0,5.0523771312899015,79.80291101702787,131.00158476030762,0.018299999999999983,0.00023240775154568307,"cx2_3: 7.017e-3 , cx2_1: 7.151e-3 ",,,
158,2021-01-31 14:00:00,3.0,4.855924732861032,70.62235323376791,22.21112381495304,0.03069999999999995,0.0002792944519589689,"cx3_4: 7.500e-3 , cx3_2: 7.017e-3 ",,,
159,2021-01-31 14:00:00,4.0,5.118552348271651,90.85390847390663,119.08545264792177,0.024699999999999944,0.00031120933748783337,cx4_3: 7.500e-3 ,,,
160,2021-02-01 10:00:00,0.0,5.175373315188124,80.72616786176374,132.17411626584308,0.00780000000000003,0.0002875938199306607,cx0_1: 1.001e-2 ,,,
161,2021-02-01 10:00:00,1.0,5.267233271767358,72.09254163786366,82.4625747722717,0.009700000000000042,0.00037734434491954014,"cx1_2: 8.117e-3 , cx1_0: 1.001e-2 ",,,
162,2021-02-01 10:00:00,2.0,5.052382169422044,107.67102858650995,154.06224341758212,0.019000000000000017,0.00021045208687503703,"cx2_3: 7.371e-3 , cx2_1: 8.117e-3 ",,,
163,2021-02-01 10:00:00,3.0,4.855933724832502,119.4860020182103,25.94192186379939,0.018299999999999983,0.00025012818879150333,"cx3_4: 6.737e-3 , cx3_2: 7.371e-3 ",,,
164,2021-02-01 10:00:00,4.0,5.1185552889300485,114.38127355419078,112.76227040147732,0.018299999999999983,0.00024638037590775684,cx4_3: 6.737e-3 ,,,
165,2021-02-02 10:00:00,0.0,5.175373315188124,80.72616786176374,132.17411626584308,0.00780000000000003,0.0002875938199306607,cx0_1: 1.001e-2 ,,,
166,2021-02-02 10:00:00,1.0,5.267233271767358,72.09254163786366,82.4625747722717,0.009700000000000042,0.00037734434491954014,"cx1_2: 8.117e-3 , cx1_0: 1.001e-2 ",,,
167,2021-02-02 10:00:00,2.0,5.052382169422044,107.67102858650995,154.06224341758212,0.019000000000000017,0.00021045208687503703,"cx2_3: 7.371e-3 , cx2_1: 8.117e-3 ",,,
168,2021-02-02 10:00:00,3.0,4.855933724832502,119.4860020182103,25.94192186379939,0.018299999999999983,0.00025012818879150333,"cx3_4: 6.737e-3 , cx3_2: 7.371e-3 ",,,
169,2021-02-02 10:00:00,4.0,5.1185552889300485,114.38127355419078,112.76227040147732,0.018299999999999983,0.00024638037590775684,cx4_3: 6.737e-3 ,,,
170,2021-02-03 10:25:00,0.0,5.175373315188124,80.72616786176374,132.17411626584308,0.00780000000000003,0.0002875938199306607,cx0_1: 1.001e-2 ,,,
171,2021-02-03 10:25:00,1.0,5.267233271767358,72.09254163786366,82.4625747722717,0.009700000000000042,0.00037734434491954014,"cx1_2: 8.117e-3 , cx1_0: 1.001e-2 ",,,
172,2021-02-03 10:25:00,2.0,5.052382169422044,107.67102858650995,154.06224341758212,0.019000000000000017,0.00021045208687503703,"cx2_3: 7.371e-3 , cx2_1: 8.117e-3 ",,,
173,2021-02-03 10:25:00,3.0,4.855933724832502,119.4860020182103,25.94192186379939,0.018299999999999983,0.00025012818879150333,"cx3_4: 6.737e-3 , cx3_2: 7.371e-3 ",,,
174,2021-02-03 10:25:00,4.0,5.1185552889300485,114.38127355419078,112.76227040147732,0.018299999999999983,0.00024638037590775684,cx4_3: 6.737e-3 ,,,
175,2021-02-04 10:00:00,0.0,5.175373315188124,80.72616786176374,132.17411626584308,0.00780000000000003,0.0002875938199306607,cx0_1: 1.001e-2 ,,,
176,2021-02-04 10:00:00,1.0,5.267233271767358,72.09254163786366,82.4625747722717,0.009700000000000042,0.00037734434491954014,"cx1_2: 8.117e-3 , cx1_0: 1.001e-2 ",,,
177,2021-02-04 10:00:00,2.0,5.052382169422044,107.67102858650995,154.06224341758212,0.019000000000000017,0.00021045208687503703,"cx2_3: 7.371e-3 , cx2_1: 8.117e-3 ",,,
178,2021-02-04 10:00:00,3.0,4.855933724832502,119.4860020182103,25.94192186379939,0.018299999999999983,0.00025012818879150333,"cx3_4: 6.737e-3 , cx3_2: 7.371e-3 ",,,
179,2021-02-04 10:00:00,4.0,5.1185552889300485,114.38127355419078,112.76227040147732,0.018299999999999983,0.00024638037590775684,cx4_3: 6.737e-3 ,,,
180,2021-02-05 14:00:00,0.0,5.175373315188124,80.72616786176374,132.17411626584308,0.00780000000000003,0.0002875938199306607,cx0_1: 1.001e-2 ,,,
181,2021-02-05 14:00:00,1.0,5.267233271767358,72.09254163786366,82.4625747722717,0.009700000000000042,0.00037734434491954014,"cx1_2: 8.117e-3 , cx1_0: 1.001e-2 ",,,
182,2021-02-05 14:00:00,2.0,5.052382169422044,107.67102858650995,154.06224341758212,0.019000000000000017,0.00021045208687503703,"cx2_3: 7.371e-3 , cx2_1: 8.117e-3 ",,,
183,2021-02-05 14:00:00,3.0,4.855933724832502,119.4860020182103,25.94192186379939,0.018299999999999983,0.00025012818879150333,"cx3_4: 6.737e-3 , cx3_2: 7.371e-3 ",,,
184,2021-02-05 14:00:00,4.0,5.1185552889300485,114.38127355419078,112.76227040147732,0.018299999999999983,0.00024638037590775684,cx4_3: 6.737e-3 ,,,
185,2021-02-06 14:00:00,0.0,5.175373315188124,80.72616786176374,132.17411626584308,0.00780000000000003,0.0002875938199306607,cx0_1: 1.001e-2 ,,,
186,2021-02-06 14:00:00,1.0,5.267233271767358,72.09254163786366,82.4625747722717,0.009700000000000042,0.00037734434491954014,"cx1_2: 8.117e-3 , cx1_0: 1.001e-2 ",,,
187,2021-02-06 14:00:00,2.0,5.052382169422044,107.67102858650995,154.06224341758212,0.019000000000000017,0.00021045208687503703,"cx2_3: 7.371e-3 , cx2_1: 8.117e-3 ",,,
188,2021-02-06 14:00:00,3.0,4.855933724832502,119.4860020182103,25.94192186379939,0.018299999999999983,0.00025012818879150333,"cx3_4: 6.737e-3 , cx3_2: 7.371e-3 ",,,
189,2021-02-06 14:00:00,4.0,5.1185552889300485,114.38127355419078,112.76227040147732,0.018299999999999983,0.00024638037590775684,cx4_3: 6.737e-3 ,,,
190,2021-02-07 10:00:00,0.0,5.175373315188124,80.72616786176374,132.17411626584308,0.00780000000000003,0.0002875938199306607,cx0_1: 1.001e-2 ,,,
191,2021-02-07 10:00:00,1.0,5.267233271767358,72.09254163786366,82.4625747722717,0.009700000000000042,0.00037734434491954014,"cx1_2: 8.117e-3 , cx1_0: 1.001e-2 ",,,
192,2021-02-07 10:00:00,2.0,5.052382169422044,107.67102858650995,154.06224341758212,0.019000000000000017,0.00021045208687503703,"cx2_3: 7.371e-3 , cx2_1: 8.117e-3 ",,,
193,2021-02-07 10:00:00,3.0,4.855933724832502,119.4860020182103,25.94192186379939,0.018299999999999983,0.00025012818879150333,"cx3_4: 6.737e-3 , cx3_2: 7.371e-3 ",,,
194,2021-02-07 10:00:00,4.0,5.1185552889300485,114.38127355419078,112.76227040147732,0.018299999999999983,0.00024638037590775684,cx4_3: 6.737e-3 ,,,
195,2021-02-08 16:00:00,0.0,5.175373315188124,80.72616786176374,132.17411626584308,0.00780000000000003,0.0002875938199306607,cx0_1: 1.001e-2 ,,,
196,2021-02-08 16:00:00,1.0,5.267233271767358,72.09254163786366,82.4625747722717,0.009700000000000042,0.00037734434491954014,"cx1_2: 8.117e-3 , cx1_0: 1.001e-2 ",,,
197,2021-02-08 16:00:00,2.0,5.052382169422044,107.67102858650995,154.06224341758212,0.019000000000000017,0.00021045208687503703,"cx2_3: 7.371e-3 , cx2_1: 8.117e-3 ",,,
198,2021-02-08 16:00:00,3.0,4.855933724832502,119.4860020182103,25.94192186379939,0.018299999999999983,0.00025012818879150333,"cx3_4: 6.737e-3 , cx3_2: 7.371e-3 ",,,
199,2021-02-08 16:00:00,4.0,5.1185552889300485,114.38127355419078,112.76227040147732,0.018299999999999983,0.00024638037590775684,cx4_3: 6.737e-3 ,,,
200,2021-02-09 11:00:00,0.0,5.175370228215239,73.16014920652721,121.26754833304665,0.007500000000000062,0.0002798357958802332,cx0_1: 1.068e-2 ,,,
201,2021-02-09 11:00:00,1.0,5.267232764357777,70.82491763977336,139.27474530945892,0.011299999999999977,0.00035942302667265296,"cx1_2: 9.556e-3 , cx1_0: 1.068e-2 ",,,
202,2021-02-09 11:00:00,2.0,5.0523756166164455,74.26670551830989,91.22150063530334,0.07129999999999992,0.00023541929246412324,"cx2_3: 7.382e-3 , cx2_1: 9.556e-3 ",,,
203,2021-02-09 11:00:00,3.0,4.8559263980319916,90.4780202359148,25.649430156821772,0.02010000000000001,0.0002616467900616304,"cx3_4: 7.457e-3 , cx3_2: 7.382e-3 ",,,
204,2021-02-09 11:00:00,4.0,5.118554750929536,81.47903324414436,90.8536751834957,0.018299999999999983,0.000249272838504433,cx4_3: 7.457e-3 ,,,
205,2021-02-10 09:05:00,0.0,5.175370228215239,73.16014920652721,121.26754833304665,0.007500000000000062,0.0002798357958802332,cx0_1: 1.068e-2 ,,,
206,2021-02-10 09:05:00,1.0,5.267232764357777,70.82491763977336,139.27474530945892,0.011299999999999977,0.00035942302667265296,"cx1_2: 9.556e-3 , cx1_0: 1.068e-2 ",,,
207,2021-02-10 09:05:00,2.0,5.0523756166164455,74.26670551830989,91.22150063530334,0.07129999999999992,0.00023541929246412324,"cx2_3: 7.382e-3 , cx2_1: 9.556e-3 ",,,
208,2021-02-10 09:05:00,3.0,4.8559263980319916,90.4780202359148,25.649430156821772,0.02010000000000001,0.0002616467900616304,"cx3_4: 7.457e-3 , cx3_2: 7.382e-3 ",,,
209,2021-02-10 09:05:00,4.0,5.118554750929536,81.47903324414436,90.8536751834957,0.018299999999999983,0.000249272838504433,cx4_3: 7.457e-3 ,,,
210,2021-02-11 12:00:00,0.0,5.1753694227857405,71.12086268290037,140.37579457749055,0.010399999999999965,0.00036346701146123595,cx0_1: 1.063e-2 ,,,
211,2021-02-11 12:00:00,1.0,5.267199116812756,72.77829536162193,59.919077542083606,0.012000000000000009,0.0004309434577208743,"cx1_2: 7.392e-3 , cx1_0: 1.063e-2 ",,,
212,2021-02-11 12:00:00,2.0,5.052372650336811,114.06632727080694,139.8985510245352,0.018000000000000016,0.00022513359010290166,"cx2_3: 9.860e-3 , cx2_1: 7.392e-3 ",,,
213,2021-02-11 12:00:00,3.0,4.855929821809563,46.77653711078395,21.21696406022194,0.03600000000000003,0.00033837084015536835,"cx3_4: 9.359e-3 , cx3_2: 9.860e-3 ",,,
214,2021-02-11 12:00:00,4.0,5.118562582504363,60.935215361869055,139.43848652428693,0.02310000000000001,0.0002377899229128417,cx4_3: 9.359e-3 ,,,
215,2021-02-12 17:00:00,0.0,5.175371194218275,38.742029288176454,80.33247537268649,0.011400000000000077,0.0003193596335791876,cx0_1: 1.044e-2 ,,,
216,2021-02-12 17:00:00,1.0,5.2672443350575655,33.14515618013557,3.979381566745395,0.012800000000000034,0.0003468811323011584,"cx1_2: 9.037e-3 , cx1_0: 1.044e-2 ",,,
217,2021-02-12 17:00:00,2.0,5.0523792948529085,59.000165079264974,4.650415847055742,0.35529999999999995,0.0002971629274302938,"cx2_3: 7.791e-3 , cx2_1: 9.037e-3 ",,,
218,2021-02-12 17:00:00,3.0,4.855929652905825,91.20063008975993,3.1614803784739616,0.017100000000000004,0.0002769043673534194,"cx3_2: 7.791e-3 , cx3_4: 6.890e-3 ",,,
219,2021-02-12 17:00:00,4.0,5.118545559665267,100.13083062326108,96.95317729240185,0.017500000000000068,0.000245574655797401,cx4_3: 6.890e-3 ,,,
220,2021-02-13 10:00:00,0.0,5.175371194218275,38.742029288176454,80.33247537268649,0.011400000000000077,0.0003193596335791876,cx0_1: 1.044e-2 ,,,
221,2021-02-13 10:00:00,1.0,5.2672443350575655,33.14515618013557,3.979381566745395,0.012800000000000034,0.0003468811323011584,"cx1_2: 9.037e-3 , cx1_0: 1.044e-2 ",,,
222,2021-02-13 10:00:00,2.0,5.0523792948529085,59.000165079264974,4.650415847055742,0.35529999999999995,0.0002971629274302938,"cx2_3: 7.791e-3 , cx2_1: 9.037e-3 ",,,
223,2021-02-13 10:00:00,3.0,4.855929652905825,91.20063008975993,3.1614803784739616,0.017100000000000004,0.0002769043673534194,"cx3_2: 7.791e-3 , cx3_4: 6.890e-3 ",,,
224,2021-02-13 10:00:00,4.0,5.118545559665267,100.13083062326108,96.95317729240185,0.017500000000000068,0.000245574655797401,cx4_3: 6.890e-3 ,,,
225,2021-02-14 18:00:00,0.0,5.1753694227857405,71.12086268290037,140.37579457749055,0.010399999999999965,0.00036346701146123595,cx0_1: 1.063e-2 ,,,
226,2021-02-14 18:00:00,1.0,5.267199116812756,72.77829536162193,59.919077542083606,0.012000000000000009,0.0004309434577208743,"cx1_2: 7.392e-3 , cx1_0: 1.063e-2 ",,,
227,2021-02-14 18:00:00,2.0,5.052372650336811,114.06632727080694,139.8985510245352,0.018000000000000016,0.00022513359010290166,"cx2_3: 9.860e-3 , cx2_1: 7.392e-3 ",,,
228,2021-02-14 18:00:00,3.0,4.855929821809563,46.77653711078395,21.21696406022194,0.03600000000000003,0.00033837084015536835,"cx3_4: 9.359e-3 , cx3_2: 9.860e-3 ",,,
229,2021-02-14 18:00:00,4.0,5.118562582504363,60.935215361869055,139.43848652428693,0.02310000000000001,0.0002377899229128417,cx4_3: 9.359e-3 ,,,
230,2021-02-15 14:00:00,0.0,5.175371194218275,38.742029288176454,80.33247537268649,0.011400000000000077,0.0003193596335791876,cx0_1: 1.044e-2 ,,,
231,2021-02-15 14:00:00,1.0,5.2672443350575655,33.14515618013557,3.979381566745395,0.012800000000000034,0.0003468811323011584,"cx1_2: 9.037e-3 , cx1_0: 1.044e-2 ",,,
232,2021-02-15 14:00:00,2.0,5.0523792948529085,59.000165079264974,4.650415847055742,0.35529999999999995,0.0002971629274302938,"cx2_3: 7.791e-3 , cx2_1: 9.037e-3 ",,,
233,2021-02-15 14:00:00,3.0,4.855929652905825,91.20063008975993,3.1614803784739616,0.017100000000000004,0.0002769043673534194,"cx3_2: 7.791e-3 , cx3_4: 6.890e-3 ",,,
234,2021-02-15 14:00:00,4.0,5.118545559665267,100.13083062326108,96.95317729240185,0.017500000000000068,0.000245574655797401,cx4_3: 6.890e-3 ,,,
235,2021-02-16 14:00:00,0.0,5.175371194218275,38.742029288176454,80.33247537268649,0.011400000000000077,0.0003193596335791876,cx0_1: 1.044e-2 ,,,
236,2021-02-16 14:00:00,1.0,5.2672443350575655,33.14515618013557,3.979381566745395,0.012800000000000034,0.0003468811323011584,"cx1_2: 9.037e-3 , cx1_0: 1.044e-2 ",,,
237,2021-02-16 14:00:00,2.0,5.0523792948529085,59.000165079264974,4.650415847055742,0.35529999999999995,0.0002971629274302938,"cx2_3: 7.791e-3 , cx2_1: 9.037e-3 ",,,
238,2021-02-16 14:00:00,3.0,4.855929652905825,91.20063008975993,3.1614803784739616,0.017100000000000004,0.0002769043673534194,"cx3_2: 7.791e-3 , cx3_4: 6.890e-3 ",,,
239,2021-02-16 14:00:00,4.0,5.118545559665267,100.13083062326108,96.95317729240185,0.017500000000000068,0.000245574655797401,cx4_3: 6.890e-3 ,,,
240,2021-02-17 18:00:00,0.0,5.1753694227857405,71.12086268290037,140.37579457749055,0.010399999999999965,0.00036346701146123595,cx0_1: 1.063e-2 ,,,
241,2021-02-17 18:00:00,1.0,5.267199116812756,72.77829536162193,59.919077542083606,0.012000000000000009,0.0004309434577208743,"cx1_2: 7.392e-3 , cx1_0: 1.063e-2 ",,,
242,2021-02-17 18:00:00,2.0,5.052372650336811,114.06632727080694,139.8985510245352,0.018000000000000016,0.00022513359010290166,"cx2_3: 9.860e-3 , cx2_1: 7.392e-3 ",,,
243,2021-02-17 18:00:00,3.0,4.855929821809563,46.77653711078395,21.21696406022194,0.03600000000000003,0.00033837084015536835,"cx3_4: 9.359e-3 , cx3_2: 9.860e-3 ",,,
244,2021-02-17 18:00:00,4.0,5.118562582504363,60.935215361869055,139.43848652428693,0.02310000000000001,0.0002377899229128417,cx4_3: 9.359e-3 ,,,
245,2021-02-18 14:25:00,0.0,5.175370871856138,50.98447897581671,101.94080085527048,0.011800000000000031,0.00034738346922210674,cx0_1: 1.302e-2 ,,,
246,2021-02-18 14:25:00,1.0,5.267247270505551,65.62454716642786,92.00532308516527,0.010099999999999998,0.0003478885598558698,"cx1_2: 9.717e-3 , cx1_0: 1.302e-2 ",,,
247,2021-02-18 14:25:00,2.0,5.052385822763731,59.048596404999806,76.93836150098431,0.034200000000000015,0.0003805105710595811,"cx2_3: 1.377e-2 , cx2_1: 9.717e-3 ",,,
248,2021-02-18 14:25:00,3.0,4.8559211911486395,86.11351226689884,26.98427164188108,0.020299999999999985,0.0008107423769260582,"cx3_4: 1.009e-2 , cx3_2: 1.377e-2 ",,,
249,2021-02-18 14:25:00,4.0,5.1185539421983535,54.99433231102172,70.60306157225476,0.02489999999999992,0.00032183892022851537,cx4_3: 1.009e-2 ,,,
250,2021-02-19 10:00:00,0.0,5.175371194218275,38.742029288176454,80.33247537268649,0.011400000000000077,0.0003193596335791876,cx0_1: 1.044e-2 ,,,
251,2021-02-19 10:00:00,1.0,5.2672443350575655,33.14515618013557,3.979381566745395,0.012800000000000034,0.0003468811323011584,"cx1_2: 9.037e-3 , cx1_0: 1.044e-2 ",,,
252,2021-02-19 10:00:00,2.0,5.0523792948529085,59.000165079264974,4.650415847055742,0.35529999999999995,0.0002971629274302938,"cx2_3: 7.791e-3 , cx2_1: 9.037e-3 ",,,
253,2021-02-19 10:00:00,3.0,4.855929652905825,91.20063008975993,3.1614803784739616,0.017100000000000004,0.0002769043673534194,"cx3_2: 7.791e-3 , cx3_4: 6.890e-3 ",,,
254,2021-02-19 10:00:00,4.0,5.118545559665267,100.13083062326108,96.95317729240185,0.017500000000000068,0.000245574655797401,cx4_3: 6.890e-3 ,,,
255,2021-02-20 14:00:00,0.0,5.175373315188124,80.72616786176374,132.17411626584308,0.00780000000000003,0.0002875938199306607,cx0_1: 1.001e-2 ,,,
256,2021-02-20 14:00:00,1.0,5.267233271767358,72.09254163786366,82.4625747722717,0.009700000000000042,0.00037734434491954014,"cx1_2: 8.117e-3 , cx1_0: 1.001e-2 ",,,
257,2021-02-20 14:00:00,2.0,5.052382169422044,107.67102858650995,154.06224341758212,0.019000000000000017,0.00021045208687503703,"cx2_3: 7.371e-3 , cx2_1: 8.117e-3 ",,,
258,2021-02-20 14:00:00,3.0,4.855933724832502,119.4860020182103,25.94192186379939,0.018299999999999983,0.00025012818879150333,"cx3_4: 6.737e-3 , cx3_2: 7.371e-3 ",,,
259,2021-02-20 14:00:00,4.0,5.1185552889300485,114.38127355419078,112.76227040147732,0.018299999999999983,0.00024638037590775684,cx4_3: 6.737e-3 ,,,
260,2021-02-21 14:00:00,0.0,5.175373315188124,80.72616786176374,132.17411626584308,0.00780000000000003,0.0002875938199306607,cx0_1: 1.001e-2 ,,,
261,2021-02-21 14:00:00,1.0,5.267233271767358,72.09254163786366,82.4625747722717,0.009700000000000042,0.00037734434491954014,"cx1_2: 8.117e-3 , cx1_0: 1.001e-2 ",,,
262,2021-02-21 14:00:00,2.0,5.052382169422044,107.67102858650995,154.06224341758212,0.019000000000000017,0.00021045208687503703,"cx2_3: 7.371e-3 , cx2_1: 8.117e-3 ",,,
263,2021-02-21 14:00:00,3.0,4.855933724832502,119.4860020182103,25.94192186379939,0.018299999999999983,0.00025012818879150333,"cx3_4: 6.737e-3 , cx3_2: 7.371e-3 ",,,
264,2021-02-21 14:00:00,4.0,5.1185552889300485,114.38127355419078,112.76227040147732,0.018299999999999983,0.00024638037590775684,cx4_3: 6.737e-3 ,,,
265,2021-02-22 10:00:00,0.0,5.175373315188124,80.72616786176374,132.17411626584308,0.00780000000000003,0.0002875938199306607,cx0_1: 1.001e-2 ,,,
266,2021-02-22 10:00:00,1.0,5.267233271767358,72.09254163786366,82.4625747722717,0.009700000000000042,0.00037734434491954014,"cx1_2: 8.117e-3 , cx1_0: 1.001e-2 ",,,
267,2021-02-22 10:00:00,2.0,5.052382169422044,107.67102858650995,154.06224341758212,0.019000000000000017,0.00021045208687503703,"cx2_3: 7.371e-3 , cx2_1: 8.117e-3 ",,,
268,2021-02-22 10:00:00,3.0,4.855933724832502,119.4860020182103,25.94192186379939,0.018299999999999983,0.00025012818879150333,"cx3_4: 6.737e-3 , cx3_2: 7.371e-3 ",,,
269,2021-02-22 10:00:00,4.0,5.1185552889300485,114.38127355419078,112.76227040147732,0.018299999999999983,0.00024638037590775684,cx4_3: 6.737e-3 ,,,
270,2021-02-23 16:00:00,0.0,5.175373315188124,80.72616786176374,132.17411626584308,0.00780000000000003,0.0002875938199306607,cx0_1: 1.001e-2 ,,,
271,2021-02-23 16:00:00,1.0,5.267233271767358,72.09254163786366,82.4625747722717,0.009700000000000042,0.00037734434491954014,"cx1_2: 8.117e-3 , cx1_0: 1.001e-2 ",,,
272,2021-02-23 16:00:00,2.0,5.052382169422044,107.67102858650995,154.06224341758212,0.019000000000000017,0.00021045208687503703,"cx2_3: 7.371e-3 , cx2_1: 8.117e-3 ",,,
273,2021-02-23 16:00:00,3.0,4.855933724832502,119.4860020182103,25.94192186379939,0.018299999999999983,0.00025012818879150333,"cx3_4: 6.737e-3 , cx3_2: 7.371e-3 ",,,
274,2021-02-23 16:00:00,4.0,5.1185552889300485,114.38127355419078,112.76227040147732,0.018299999999999983,0.00024638037590775684,cx4_3: 6.737e-3 ,,,
275,2021-02-24 11:00:00,0.0,5.175370228215239,73.16014920652721,121.26754833304665,0.007500000000000062,0.0002798357958802332,cx0_1: 1.068e-2 ,,,
276,2021-02-24 11:00:00,1.0,5.267232764357777,70.82491763977336,139.27474530945892,0.011299999999999977,0.00035942302667265296,"cx1_2: 9.556e-3 , cx1_0: 1.068e-2 ",,,
277,2021-02-24 11:00:00,2.0,5.0523756166164455,74.26670551830989,91.22150063530334,0.07129999999999992,0.00023541929246412324,"cx2_3: 7.382e-3 , cx2_1: 9.556e-3 ",,,
278,2021-02-24 11:00:00,3.0,4.8559263980319916,90.4780202359148,25.649430156821772,0.02010000000000001,0.0002616467900616304,"cx3_4: 7.457e-3 , cx3_2: 7.382e-3 ",,,
279,2021-02-24 11:00:00,4.0,5.118554750929536,81.47903324414436,90.8536751834957,0.018299999999999983,0.000249272838504433,cx4_3: 7.457e-3 ,,,
280,2021-02-25 09:05:00,0.0,5.175370228215239,73.16014920652721,121.26754833304665,0.007500000000000062,0.0002798357958802332,cx0_1: 1.068e-2 ,,,
281,2021-02-25 09:05:00,1.0,5.267232764357777,70.82491763977336,139.27474530945892,0.011299999999999977,0.00035942302667265296,"cx1_2: 9.556e-3 , cx1_0: 1.068e-2 ",,,
282,2021-02-25 09:05:00,2.0,5.0523756166164455,74.26670551830989,91.22150063530334,0.07129999999999992,0.00023541929246412324,"cx2_3: 7.382e-3 , cx2_1: 9.556e-3 ",,,
283,2021-02-25 09:05:00,3.0,4.8559263980319916,90.4780202359148,25.649430156821772,0.02010000000000001,0.0002616467900616304,"cx3_4: 7.457e-3 , cx3_2: 7.382e-3 ",,,
284,2021-02-25 09:05:00,4.0,5.118554750929536,81.47903324414436,90.8536751834957,0.018299999999999983,0.000249272838504433,cx4_3: 7.457e-3 ,,,
285,2021-02-26 12:00:00,0.0,5.1753694227857405,71.12086268290037,140.37579457749055,0.010399999999999965,0.00036346701146123595,cx0_1: 1.063e-2 ,,,
286,2021-02-26 12:00:00,1.0,5.267199116812756,72.77829536162193,59.919077542083606,0.012000000000000009,0.0004309434577208743,"cx1_2: 7.392e-3 , cx1_0: 1.063e-2 ",,,
287,2021-02-26 12:00:00,2.0,5.052372650336811,114.06632727080694,139.8985510245352,0.018000000000000016,0.00022513359010290166,"cx2_3: 9.860e-3 , cx2_1: 7.392e-3 ",,,
288,2021-02-26 12:00:00,3.0,4.855929821809563,46.77653711078395,21.21696406022194,0.03600000000000003,0.00033837084015536835,"cx3_4: 9.359e-3 , cx3_2: 9.860e-3 ",,,
289,2021-02-26 12:00:00,4.0,5.118562582504363,60.935215361869055,139.43848652428693,0.02310000000000001,0.0002377899229128417,cx4_3: 9.359e-3 ,,,
290,2021-02-27 17:00:00,0.0,5.175371194218275,38.742029288176454,80.33247537268649,0.011400000000000077,0.0003193596335791876,cx0_1: 1.044e-2 ,,,
291,2021-02-27 17:00:00,1.0,5.2672443350575655,33.14515618013557,3.979381566745395,0.012800000000000034,0.0003468811323011584,"cx1_2: 9.037e-3 , cx1_0: 1.044e-2 ",,,
292,2021-02-27 17:00:00,2.0,5.0523792948529085,59.000165079264974,4.650415847055742,0.35529999999999995,0.0002971629274302938,"cx2_3: 7.791e-3 , cx2_1: 9.037e-3 ",,,
293,2021-02-27 17:00:00,3.0,4.855929652905825,91.20063008975993,3.1614803784739616,0.017100000000000004,0.0002769043673534194,"cx3_2: 7.791e-3 , cx3_4: 6.890e-3 ",,,
294,2021-02-27 17:00:00,4.0,5.118545559665267,100.13083062326108,96.95317729240185,0.017500000000000068,0.000245574655797401,cx4_3: 6.890e-3 ,,,
295,2021-02-28 14:00:00,0.0,5.175373315188124,80.72616786176374,132.17411626584308,0.00780000000000003,0.0002875938199306607,cx0_1: 1.001e-2 ,,,
296,2021-02-28 14:00:00,1.0,5.267233271767358,72.09254163786366,82.4625747722717,0.009700000000000042,0.00037734434491954014,"cx1_2: 8.117e-3 , cx1_0: 1.001e-2 ",,,
297,2021-02-28 14:00:00,2.0,5.052382169422044,107.67102858650995,154.06224341758212,0.019000000000000017,0.00021045208687503703,"cx2_3: 7.371e-3 , cx2_1: 8.117e-3 ",,,
298,2021-02-28 14:00:00,3.0,4.855933724832502,119.4860020182103,25.94192186379939,0.018299999999999983,0.00025012818879150333,"cx3_4: 6.737e-3 , cx3_2: 7.371e-3 ",,,
299,2021-02-28 14:00:00,4.0,5.1185552889300485,114.38127355419078,112.76227040147732,0.018299999999999983,0.00024638037590775684,cx4_3: 6.737e-3 ,,,
300,2021-03-01 09:00:00,,5.1753722150489105,62.98542434123468,113.27455575611287,,,cx0_1: 8.799e-3 ,0.008299999999999974,0.0003155142404553197,
301,2021-03-01 09:00:00,1.0,5.267217433681102,52.62706900417528,72.37122550377853,,,"cx1_2: 7.342e-3 , cx1_0: 8.799e-3 ",0.012000000000000009,0.00030606461780242504,
302,2021-03-01 09:00:00,2.0,5.05237818068878,97.69383327780277,116.87742836768665,,,"cx2_3: 1.638e-2 , cx2_1: 7.342e-3 ",0.021600000000000064,0.0002496942699321956,
303,2021-03-01 09:00:00,3.0,4.8559219721876365,45.42936186724191,18.721872806526004,,,"cx3_4: 1.382e-2 , cx3_2: 1.638e-2 ",0.019299999999999984,0.0010113348368434312,
304,2021-03-01 09:00:00,4.0,5.118557659992642,95.54008192460962,135.09030815342166,,,cx4_3: 1.382e-2 ,0.0181,0.0002481406399157335,
305,2021-03-02 20:00:00,,5.1753722150489105,62.98542434123468,113.27455575611287,,,cx0_1: 8.799e-3 ,0.008299999999999974,0.0003155142404553197,
306,2021-03-02 20:00:00,1.0,5.267217433681102,52.62706900417528,72.37122550377853,,,"cx1_2: 7.342e-3 , cx1_0: 8.799e-3 ",0.012000000000000009,0.00030606461780242504,
307,2021-03-02 20:00:00,2.0,5.05237818068878,97.69383327780277,116.87742836768665,,,"cx2_3: 1.638e-2 , cx2_1: 7.342e-3 ",0.021600000000000064,0.0002496942699321956,
308,2021-03-02 20:00:00,3.0,4.8559219721876365,45.42936186724191,18.721872806526004,,,"cx3_4: 1.382e-2 , cx3_2: 1.638e-2 ",0.019299999999999984,0.0010113348368434312,
309,2021-03-02 20:00:00,4.0,5.118557659992642,95.54008192460962,135.09030815342166,,,cx4_3: 1.382e-2 ,0.0181,0.0002481406399157335,
310,2021-03-03 16:00:00,,5.1753722150489105,62.98542434123468,113.27455575611287,,,cx0_1: 8.799e-3 ,0.008299999999999974,0.0003155142404553197,
311,2021-03-03 16:00:00,1.0,5.267217433681102,52.62706900417528,72.37122550377853,,,"cx1_2: 7.342e-3 , cx1_0: 8.799e-3 ",0.012000000000000009,0.00030606461780242504,
312,2021-03-03 16:00:00,2.0,5.05237818068878,97.69383327780277,116.87742836768665,,,"cx2_3: 1.638e-2 , cx2_1: 7.342e-3 ",0.021600000000000064,0.0002496942699321956,
313,2021-03-03 16:00:00,3.0,4.8559219721876365,45.42936186724191,18.721872806526004,,,"cx3_4: 1.382e-2 , cx3_2: 1.638e-2 ",0.019299999999999984,0.0010113348368434312,
314,2021-03-03 16:00:00,4.0,5.118557659992642,95.54008192460962,135.09030815342166,,,cx4_3: 1.382e-2 ,0.0181,0.0002481406399157335,
315,2021-03-04 19:25:00,,5.1753722150489105,62.98542434123468,113.27455575611287,,,cx0_1: 8.799e-3 ,0.008299999999999974,0.0003155142404553197,
316,2021-03-04 19:25:00,1.0,5.267217433681102,52.62706900417528,72.37122550377853,,,"cx1_2: 7.342e-3 , cx1_0: 8.799e-3 ",0.012000000000000009,0.00030606461780242504,
317,2021-03-04 19:25:00,2.0,5.05237818068878,97.69383327780277,116.87742836768665,,,"cx2_3: 1.638e-2 , cx2_1: 7.342e-3 ",0.021600000000000064,0.0002496942699321956,
318,2021-03-04 19:25:00,3.0,4.8559219721876365,45.42936186724191,18.721872806526004,,,"cx3_4: 1.382e-2 , cx3_2: 1.638e-2 ",0.019299999999999984,0.0010113348368434312,
319,2021-03-04 19:25:00,4.0,5.118557659992642,95.54008192460962,135.09030815342166,,,cx4_3: 1.382e-2 ,0.0181,0.0002481406399157335,
320,2021-03-05 12:30:00,,5.1753722150489105,62.98542434123468,113.27455575611287,,,cx0_1: 8.799e-3 ,0.008299999999999974,0.0003155142404553197,
321,2021-03-05 12:30:00,1.0,5.267217433681102,52.62706900417528,72.37122550377853,,,"cx1_2: 7.342e-3 , cx1_0: 8.799e-3 ",0.012000000000000009,0.00030606461780242504,
322,2021-03-05 12:30:00,2.0,5.05237818068878,97.69383327780277,116.87742836768665,,,"cx2_3: 1.638e-2 , cx2_1: 7.342e-3 ",0.021600000000000064,0.0002496942699321956,
323,2021-03-05 12:30:00,3.0,4.8559219721876365,45.42936186724191,18.721872806526004,,,"cx3_4: 1.382e-2 , cx3_2: 1.638e-2 ",0.019299999999999984,0.0010113348368434312,
324,2021-03-05 12:30:00,4.0,5.118557659992642,95.54008192460962,135.09030815342166,,,cx4_3: 1.382e-2 ,0.0181,0.0002481406399157335,
325,2021-03-08 10:55:00,,5.1753722150489105,62.98542434123468,113.27455575611287,,,cx0_1: 8.799e-3 ,0.008299999999999974,0.0003155142404553197,
326,2021-03-08 10:55:00,1.0,5.267217433681102,52.62706900417528,72.37122550377853,,,"cx1_2: 7.342e-3 , cx1_0: 8.799e-3 ",0.012000000000000009,0.00030606461780242504,
327,2021-03-08 10:55:00,2.0,5.05237818068878,97.69383327780277,116.87742836768665,,,"cx2_3: 1.638e-2 , cx2_1: 7.342e-3 ",0.021600000000000064,0.0002496942699321956,
328,2021-03-08 10:55:00,3.0,4.8559219721876365,45.42936186724191,18.721872806526004,,,"cx3_4: 1.382e-2 , cx3_2: 1.638e-2 ",0.019299999999999984,0.0010113348368434312,
329,2021-03-08 10:55:00,4.0,5.118557659992642,95.54008192460962,135.09030815342166,,,cx4_3: 1.382e-2 ,0.0181,0.0002481406399157335,
330,2021-03-09 10:55:00,,5.1753722150489105,62.98542434123468,113.27455575611287,,,cx0_1: 8.799e-3 ,0.008299999999999974,0.0003155142404553197,
331,2021-03-09 10:55:00,1.0,5.267217433681102,52.62706900417528,72.37122550377853,,,"cx1_2: 7.342e-3 , cx1_0: 8.799e-3 ",0.012000000000000009,0.00030606461780242504,
332,2021-03-09 10:55:00,2.0,5.05237818068878,97.69383327780277,116.87742836768665,,,"cx2_3: 1.638e-2 , cx2_1: 7.342e-3 ",0.021600000000000064,0.0002496942699321956,
333,2021-03-09 10:55:00,3.0,4.8559219721876365,45.42936186724191,18.721872806526004,,,"cx3_4: 1.382e-2 , cx3_2: 1.638e-2 ",0.019299999999999984,0.0010113348368434312,
334,2021-03-09 10:55:00,4.0,5.118557659992642,95.54008192460962,135.09030815342166,,,cx4_3: 1.382e-2 ,0.0181,0.0002481406399157335,
335,2021-03-10 09:17:00,,5.175371877068523,95.3979515326426,142.8960552903429,,,cx0_1: 1.127e-2 ,0.010099999999999998,0.00029253919835490165,0.00029253919835490165
336,2021-03-10 09:17:00,1.0,5.267221226637451,66.05430149353364,110.17005409466931,,,"cx1_2: 8.433e-3 , cx1_0: 1.127e-2 ",0.012000000000000009,0.00028999108923494124,0.00028999108923494124
337,2021-03-10 09:17:00,2.0,5.052382480127304,127.24453666274066,135.02866602234872,,,"cx2_3: 1.417e-2 , cx2_1: 8.433e-3 ",0.02249999999999996,0.00028095257096178453,0.00028095257096178453
338,2021-03-10 09:17:00,3.0,4.855919988393704,103.28846990056513,28.497458015470247,,,"cx3_4: 1.236e-2 , cx3_2: 1.417e-2 ",0.02090000000000003,0.0010802888032714914,0.0010802888032714914
339,2021-03-10 09:17:00,4.0,5.118556502771132,102.18081299850232,125.94023053127987,,,cx4_3: 1.236e-2 ,0.01910000000000001,0.0002718853840952957,0.0002718853840952957
340,2021-03-11 00:55:00,,5.175376405131708,71.78345186313007,142.8960552903429,,,cx0_1: 1.127e-2 ,0.011399999999999966,0.00029253919835490165,0.00029253919835490165
341,2021-03-11 00:55:00,1.0,5.267212731453529,51.92373671139863,110.17005409466931,,,"cx1_2: 8.433e-3 , cx1_0: 1.127e-2 ",0.012199999999999987,0.00028999108923494124,0.00028999108923494124
342,2021-03-11 00:55:00,2.0,5.0523851869910565,117.57006464788827,135.02866602234872,,,"cx2_3: 1.417e-2 , cx2_1: 8.433e-3 ",0.019500000000000076,0.00028095257096178453,0.00028095257096178453
343,2021-03-11 00:55:00,3.0,4.855917042212213,100.53455603331815,28.497458015470247,,,"cx3_4: 1.236e-2 , cx3_2: 1.417e-2 ",0.018000000000000016,0.0010802888032714914,0.0010802888032714914
344,2021-03-11 00:55:00,4.0,5.118553686713137,90.93674769376771,125.94023053127987,,,cx4_3: 1.236e-2 ,0.016800000000000037,0.0002718853840952957,0.0002718853840952957
345,2021-03-12 09:17:00,,5.175371877068523,95.3979515326426,142.8960552903429,,,cx0_1: 1.127e-2 ,0.010099999999999998,0.00029253919835490165,0.00029253919835490165
346,2021-03-12 09:17:00,1.0,5.267221226637451,66.05430149353364,110.17005409466931,,,"cx1_2: 8.433e-3 , cx1_0: 1.127e-2 ",0.012000000000000009,0.00028999108923494124,0.00028999108923494124
347,2021-03-12 09:17:00,2.0,5.052382480127304,127.24453666274066,135.02866602234872,,,"cx2_3: 1.417e-2 , cx2_1: 8.433e-3 ",0.02249999999999996,0.00028095257096178453,0.00028095257096178453
348,2021-03-12 09:17:00,3.0,4.855919988393704,103.28846990056513,28.497458015470247,,,"cx3_4: 1.236e-2 , cx3_2: 1.417e-2 ",0.02090000000000003,0.0010802888032714914,0.0010802888032714914
349,2021-03-12 09:17:00,4.0,5.118556502771132,102.18081299850232,125.94023053127987,,,cx4_3: 1.236e-2 ,0.01910000000000001,0.0002718853840952957,0.0002718853840952957
350,2021-03-13 00:55:00,,5.175376405131708,71.78345186313007,142.8960552903429,,,cx0_1: 1.127e-2 ,0.011399999999999966,0.00029253919835490165,0.00029253919835490165
351,2021-03-13 00:55:00,1.0,5.267212731453529,51.92373671139863,110.17005409466931,,,"cx1_2: 8.433e-3 , cx1_0: 1.127e-2 ",0.012199999999999987,0.00028999108923494124,0.00028999108923494124
352,2021-03-13 00:55:00,2.0,5.0523851869910565,117.57006464788827,135.02866602234872,,,"cx2_3: 1.417e-2 , cx2_1: 8.433e-3 ",0.019500000000000076,0.00028095257096178453,0.00028095257096178453
353,2021-03-13 00:55:00,3.0,4.855917042212213,100.53455603331815,28.497458015470247,,,"cx3_4: 1.236e-2 , cx3_2: 1.417e-2 ",0.018000000000000016,0.0010802888032714914,0.0010802888032714914
354,2021-03-13 00:55:00,4.0,5.118553686713137,90.93674769376771,125.94023053127987,,,cx4_3: 1.236e-2 ,0.016800000000000037,0.0002718853840952957,0.0002718853840952957
355,2021-03-14 22:44:00,,5.175377358271416,75.65896250904099,96.12897396373744,,,cx0_1: 1.200e-2 ,0.011299999999999977,0.0004187350078211917,0.0004187350078211917
356,2021-03-14 22:44:00,1.0,5.267210272756182,32.12665356284716,58.26803891078885,,,"cx1_2: 9.100e-3 , cx1_0: 1.200e-2 ",0.015800000000000036,0.00037231329289091967,0.00037231329289091967
357,2021-03-14 22:44:00,2.0,5.052381273993766,85.41719779158177,114.11187047148029,,,"cx2_3: 2.407e-2 , cx2_1: 9.100e-3 ",0.02790000000000004,0.00023473408303982603,0.00023473408303982603
358,2021-03-14 22:44:00,3.0,4.855914590390929,94.53559684442484,22.986825234176038,,,"cx3_4: 1.988e-2 , cx3_2: 2.407e-2 ",0.01870000000000005,0.0015617328006229136,0.0015617328006229136
359,2021-03-14 22:44:00,4.0,5.118559706054408,95.74656542741766,125.91149340348343,,,cx4_3: 1.988e-2 ,0.028799999999999937,0.00041811747857436077,0.00041811747857436077
360,2021-03-15 14:25:00,,5.175383639513608,63.48783021708388,112.23245535599808,,,cx0_1: 1.111e-2 ,0.010099999999999998,0.00037753800551696055,0.00037753800551696055
361,2021-03-15 14:25:00,1.0,5.267216864382968,73.093518301544,126.83382141649015,,,"cx1_2: 7.959e-3 , cx1_0: 1.111e-2 ",0.011700000000000044,0.00030732363305963013,0.00030732363305963013
362,2021-03-15 14:25:00,2.0,5.052402469794664,32.91818023387998,59.80643883454234,,,"cx2_3: 2.542e-2 , cx2_1: 7.959e-3 ",0.024299999999999992,0.00030914221102790976,0.00030914221102790976
363,2021-03-15 14:25:00,3.0,4.855916030466884,49.51084562967435,20.55130827115546,,,"cx3_4: 1.808e-2 , cx3_2: 2.542e-2 ",0.015299999999999982,0.0011154167993366498,0.0011154167993366498
364,2021-03-15 14:25:00,4.0,5.118554567140891,111.44095341923331,168.7625382838923,,,cx4_3: 1.808e-2 ,0.02190000000000003,0.000300619811808176,0.000300619811808176
365,2021-03-16 21:02:00,,5.1753792919532176,74.61910573991047,113.17625182801235,,,cx0_1: 1.179e-2 ,0.012399999999999968,0.0003622423274159388,0.0003622423274159388
366,2021-03-16 21:02:00,1.0,5.267212949322693,56.80847384350349,109.71184780950571,,,"cx1_2: 9.491e-3 , cx1_0: 1.179e-2 ",0.011900000000000022,0.00033279963212926516,0.00033279963212926516
367,2021-03-16 21:02:00,2.0,5.052397058283965,113.27293127386592,174.69595662621387,,,"cx2_3: 2.224e-2 , cx2_1: 9.491e-3 ",0.018199999999999997,0.00022316494313703725,0.00022316494313703725
368,2021-03-16 21:02:00,3.0,4.855911826267817,94.35200584767914,27.694743018416286,,,"cx3_4: 1.957e-2 , cx3_2: 2.224e-2 ",0.017200000000000104,0.001227468841418992,0.001227468841418992
369,2021-03-16 21:02:00,4.0,5.118557818703651,111.38150216337431,171.40501573202081,,,cx4_3: 1.957e-2 ,0.022399999999999972,0.00028130539740048457,0.00028130539740048457
370,2021-03-17 22:44:00,,5.175377358271416,75.65896250904099,96.12897396373744,,,cx0_1: 1.200e-2 ,0.011299999999999977,0.0004187350078211917,0.0004187350078211917
371,2021-03-17 22:44:00,1.0,5.267210272756182,32.12665356284716,58.26803891078885,,,"cx1_2: 9.100e-3 , cx1_0: 1.200e-2 ",0.015800000000000036,0.00037231329289091967,0.00037231329289091967
372,2021-03-17 22:44:00,2.0,5.052381273993766,85.41719779158177,114.11187047148029,,,"cx2_3: 2.407e-2 , cx2_1: 9.100e-3 ",0.02790000000000004,0.00023473408303982603,0.00023473408303982603
373,2021-03-17 22:44:00,3.0,4.855914590390929,94.53559684442484,22.986825234176038,,,"cx3_4: 1.988e-2 , cx3_2: 2.407e-2 ",0.01870000000000005,0.0015617328006229136,0.0015617328006229136
374,2021-03-17 22:44:00,4.0,5.118559706054408,95.74656542741766,125.91149340348343,,,cx4_3: 1.988e-2 ,0.028799999999999937,0.00041811747857436077,0.00041811747857436077
375,2021-03-18 14:25:00,,5.175383639513608,63.48783021708388,112.23245535599808,,,cx0_1: 1.111e-2 ,0.010099999999999998,0.00037753800551696055,0.00037753800551696055
376,2021-03-18 14:25:00,1.0,5.267216864382968,73.093518301544,126.83382141649015,,,"cx1_2: 7.959e-3 , cx1_0: 1.111e-2 ",0.011700000000000044,0.00030732363305963013,0.00030732363305963013
377,2021-03-18 14:25:00,2.0,5.052402469794664,32.91818023387998,59.80643883454234,,,"cx2_3: 2.542e-2 , cx2_1: 7.959e-3 ",0.024299999999999992,0.00030914221102790976,0.00030914221102790976
378,2021-03-18 14:25:00,3.0,4.855916030466884,49.51084562967435,20.55130827115546,,,"cx3_4: 1.808e-2 , cx3_2: 2.542e-2 ",0.015299999999999982,0.0011154167993366498,0.0011154167993366498
379,2021-03-18 14:25:00,4.0,5.118554567140891,111.44095341923331,168.7625382838923,,,cx4_3: 1.808e-2 ,0.02190000000000003,0.000300619811808176,0.000300619811808176
380,2021-03-19 15:25:00,,5.175386637950674,52.22563613031265,62.622915576236885,,,cx0_1: 1.061e-2 ,0.009099999999999995,0.00039831778025479255,0.00039831778025479255
381,2021-03-19 15:25:00,1.0,5.267220863346147,64.11823395246333,101.54809222676428,,,"cx1_2: 8.395e-3 , cx1_0: 1.061e-2 ",0.011800000000000031,0.0003069531225663832,0.0003069531225663832
382,2021-03-19 15:25:00,2.0,5.052411710010045,88.56731276875608,133.90872347325805,,,"cx2_3: 2.213e-2 , cx2_1: 8.395e-3 ",0.02869999999999995,0.00035662806590737147,0.00035662806590737147
383,2021-03-19 15:25:00,3.0,4.8559112894713135,90.9518217337517,28.945548453461686,,,"cx3_4: 1.877e-2 , cx3_2: 2.213e-2 ",0.015000000000000013,0.0015737267967798644,0.0015737267967798644
384,2021-03-19 15:25:00,4.0,5.118556148429622,69.73045831613227,87.74973678741692,,,cx4_3: 1.877e-2 ,0.02540000000000009,0.0003016857909339393,0.0003016857909339393
385,2021-03-20 21:02:00,,5.1753792919532176,74.61910573991047,113.17625182801235,,,cx0_1: 1.179e-2 ,0.012399999999999968,0.0003622423274159388,0.0003622423274159388
386,2021-03-20 21:02:00,1.0,5.267212949322693,56.80847384350349,109.71184780950571,,,"cx1_2: 9.491e-3 , cx1_0: 1.179e-2 ",0.011900000000000022,0.00033279963212926516,0.00033279963212926516
387,2021-03-20 21:02:00,2.0,5.052397058283965,113.27293127386592,174.69595662621387,,,"cx2_3: 2.224e-2 , cx2_1: 9.491e-3 ",0.018199999999999997,0.00022316494313703725,0.00022316494313703725
388,2021-03-20 21:02:00,3.0,4.855911826267817,94.35200584767914,27.694743018416286,,,"cx3_4: 1.957e-2 , cx3_2: 2.224e-2 ",0.017200000000000104,0.001227468841418992,0.001227468841418992
389,2021-03-20 21:02:00,4.0,5.118557818703651,111.38150216337431,171.40501573202081,,,cx4_3: 1.957e-2 ,0.022399999999999972,0.00028130539740048457,0.00028130539740048457
390,2021-03-21 15:25:00,,5.175386637950674,52.22563613031265,62.622915576236885,,,cx0_1: 1.061e-2 ,0.009099999999999995,0.00039831778025479255,0.00039831778025479255
391,2021-03-21 15:25:00,1.0,5.267220863346147,64.11823395246333,101.54809222676428,,,"cx1_2: 8.395e-3 , cx1_0: 1.061e-2 ",0.011800000000000031,0.0003069531225663832,0.0003069531225663832
392,2021-03-21 15:25:00,2.0,5.052411710010045,88.56731276875608,133.90872347325805,,,"cx2_3: 2.213e-2 , cx2_1: 8.395e-3 ",0.02869999999999995,0.00035662806590737147,0.00035662806590737147
393,2021-03-21 15:25:00,3.0,4.8559112894713135,90.9518217337517,28.945548453461686,,,"cx3_4: 1.877e-2 , cx3_2: 2.213e-2 ",0.015000000000000013,0.0015737267967798644,0.0015737267967798644
394,2021-03-21 15:25:00,4.0,5.118556148429622,69.73045831613227,87.74973678741692,,,cx4_3: 1.877e-2 ,0.02540000000000009,0.0003016857909339393,0.0003016857909339393
395,2021-03-22 21:00:00,,5.175373928235251,108.57729102800005,173.7133751988252,,,cx0_1: 1.107e-2 ,0.009800000000000031,0.00032558348504231285,0.00032558348504231285
396,2021-03-22 21:00:00,1.0,5.267212501462552,75.46346768423345,85.5685477761211,,,"cx1_2: 1.513e-2 , cx1_0: 1.107e-2 ",0.015900000000000025,0.00033278154023678894,0.00033278154023678894
397,2021-03-22 21:00:00,2.0,5.052428412440462,38.326024248379504,59.536303804599896,,,"cx2_3: 9.070e-3 , cx2_1: 1.513e-2 ",0.03439999999999998,0.0005706095120478467,0.0005706095120478467
398,2021-03-22 21:00:00,3.0,4.855926610716352,120.87340237371204,25.95061374864701,,,"cx3_4: 6.583e-3 , cx3_2: 9.070e-3 ",0.018000000000000016,0.0002640012169198799,0.0002640012169198799
399,2021-03-22 21:00:00,4.0,5.118537228836943,80.7599605528719,109.57095811385351,,,cx4_3: 6.583e-3 ,0.019500000000000076,0.0002424829858808185,0.0002424829858808185
400,2021-03-23 10:00:00,,5.175373928235251,108.57729102800005,173.7133751988252,,,cx0_1: 1.107e-2 ,0.009800000000000031,0.00032558348504231285,0.00032558348504231285
401,2021-03-23 10:00:00,1.0,5.267212501462552,75.46346768423345,85.5685477761211,,,"cx1_2: 1.513e-2 , cx1_0: 1.107e-2 ",0.015900000000000025,0.00033278154023678894,0.00033278154023678894
402,2021-03-23 10:00:00,2.0,5.052428412440462,38.326024248379504,59.536303804599896,,,"cx2_3: 9.070e-3 , cx2_1: 1.513e-2 ",0.03439999999999998,0.0005706095120478467,0.0005706095120478467
403,2021-03-23 10:00:00,3.0,4.855926610716352,120.87340237371204,25.95061374864701,,,"cx3_4: 6.583e-3 , cx3_2: 9.070e-3 ",0.018000000000000016,0.0002640012169198799,0.0002640012169198799
404,2021-03-23 10:00:00,4.0,5.118537228836943,80.7599605528719,109.57095811385351,,,cx4_3: 6.583e-3 ,0.019500000000000076,0.0002424829858808185,0.0002424829858808185
405,2021-03-24 21:15:00,,5.175373928235251,108.57729102800005,173.7133751988252,,,cx0_1: 1.107e-2 ,0.009800000000000031,0.00032558348504231285,0.00032558348504231285
406,2021-03-24 21:15:00,1.0,5.267212501462552,75.46346768423345,85.5685477761211,,,"cx1_2: 1.513e-2 , cx1_0: 1.107e-2 ",0.015900000000000025,0.00033278154023678894,0.00033278154023678894
407,2021-03-24 21:15:00,2.0,5.052428412440462,38.326024248379504,59.536303804599896,,,"cx2_3: 9.070e-3 , cx2_1: 1.513e-2 ",0.03439999999999998,0.0005706095120478467,0.0005706095120478467
408,2021-03-24 21:15:00,3.0,4.855926610716352,120.87340237371204,25.95061374864701,,,"cx3_4: 6.583e-3 , cx3_2: 9.070e-3 ",0.018000000000000016,0.0002640012169198799,0.0002640012169198799
409,2021-03-24 21:15:00,4.0,5.118537228836943,80.7599605528719,109.57095811385351,,,cx4_3: 6.583e-3 ,0.019500000000000076,0.0002424829858808185,0.0002424829858808185
410,2020-12-02 14:40:00,0.0,5.175369587309025,67.75795558976553,97.40455682065,0.013199999999999991,0.00030295862734382883,cx0_1: 8.860e-3 ,,,
411,2020-12-02 14:40:00,1.0,5.26717977683941,49.31204077848332,93.51177576396705,0.016700000000000048,0.00030069345721196847,"cx1_2: 7.726e-3 , cx1_0: 8.860e-3 ",,,
412,2020-12-02 14:40:00,2.0,5.052381281718595,90.76699791496516,95.11575173419786,0.016199999999999992,0.00024789146557547783,"cx2_3: 5.889e-3 , cx2_1: 7.726e-3 ",,,
413,2020-12-02 14:40:00,3.0,4.855924407990668,60.19769044183246,21.909749384442144,0.03300000000000003,0.000235165734564204,"cx3_4: 6.603e-3 , cx3_2: 5.889e-3 ",,,
414,2020-12-02 14:40:00,4.0,5.118555539866709,86.56503067418166,125.06743386817196,0.025900000000000038,0.00025951742770086443,cx4_3: 6.603e-3 ,,,
415,2020-12-03 14:50:00,0.0,5.1753694227857405,71.12086268290037,140.37579457749055,0.010399999999999965,0.00036346701146123595,cx0_1: 1.063e-2 ,,,
416,2020-12-03 14:50:00,1.0,5.267199116812756,72.77829536162193,59.919077542083606,0.012000000000000009,0.0004309434577208743,"cx1_2: 7.392e-3 , cx1_0: 1.063e-2 ",,,
417,2020-12-03 14:50:00,2.0,5.052372650336811,114.06632727080694,139.8985510245352,0.018000000000000016,0.00022513359010290166,"cx2_3: 9.860e-3 , cx2_1: 7.392e-3 ",,,
418,2020-12-03 14:50:00,3.0,4.855929821809563,46.77653711078395,21.21696406022194,0.03600000000000003,0.00033837084015536835,"cx3_4: 9.359e-3 , cx3_2: 9.860e-3 ",,,
419,2020-12-03 14:50:00,4.0,5.118562582504363,60.935215361869055,139.43848652428693,0.02310000000000001,0.0002377899229128417,cx4_3: 9.359e-3 ,,,
420,2020-12-04 23:16:00,0.0,5.175373729492478,90.85124321178236,115.28624633434784,0.009700000000000042,0.0002868970532167054,cx0_1: 1.043e-2 ,,,
421,2020-12-04 23:16:00,1.0,5.267214391692857,71.38279423506258,145.75754879817842,0.009000000000000008,0.0002897269169808017,"cx1_2: 7.712e-3 , cx1_0: 1.043e-2 ",,,
422,2020-12-04 23:16:00,2.0,5.052381890438221,37.67682454673915,39.27777236433689,0.022599999999999957,0.00025915841006695663,"cx2_3: 8.707e-3 , cx2_1: 7.712e-3 ",,,
423,2020-12-04 23:16:00,3.0,4.855924225910656,73.88739522462078,24.320073307714424,0.03939999999999999,0.0005556659548452078,"cx3_4: 1.007e-2 , cx3_2: 8.707e-3 ",,,
424,2020-12-04 23:16:00,4.0,5.118555812325359,104.52556096630958,126.65185083025105,0.026000000000000027,0.0003252866113704227,cx4_3: 1.007e-2 ,,,
425,2020-12-05 11:17:00,0.0,5.175372747975176,99.91098440009037,101.30368572785568,0.007700000000000041,0.0002441007981268126,cx0_1: 8.361e-3 ,,,
426,2020-12-05 11:17:00,1.0,5.2672087329233745,62.655080484830684,89.63015643608976,0.011300000000000088,0.0003000135129620453,"cx1_2: 6.783e-3 , cx1_0: 8.361e-3 ",,,
427,2020-12-05 11:17:00,2.0,5.052368989207028,100.50318060848065,105.15493909558664,0.015900000000000025,0.00020165534111155656,"cx2_3: 7.676e-3 , cx2_1: 6.783e-3 ",,,
428,2020-12-05 11:17:00,3.0,4.8559232379307415,53.07257758574252,26.67282714324779,0.043099999999999916,0.0005688329648876588,"cx3_4: 9.656e-3 , cx3_2: 7.676e-3 ",,,
429,2020-12-05 11:17:00,4.0,5.118562612962854,131.77457659558826,128.3937293657895,0.01770000000000005,0.00031885486834390186,cx4_3: 9.656e-3 ,,,
430,2020-12-05 13:02:00,0.0,5.175372747975176,99.91098440009037,101.30368572785568,0.007700000000000041,0.0002441007981268126,cx0_1: 8.361e-3 ,,,
431,2020-12-05 13:02:00,1.0,5.2672087329233745,62.655080484830684,89.63015643608976,0.011300000000000088,0.0003000135129620453,"cx1_2: 6.783e-3 , cx1_0: 8.361e-3 ",,,
432,2020-12-05 13:02:00,2.0,5.052368989207028,100.50318060848065,105.15493909558664,0.015900000000000025,0.00020165534111155656,"cx2_3: 7.676e-3 , cx2_1: 6.783e-3 ",,,
433,2020-12-05 13:02:00,3.0,4.8559232379307415,53.07257758574252,26.67282714324779,0.043099999999999916,0.0005688329648876588,"cx3_4: 9.656e-3 , cx3_2: 7.676e-3 ",,,
434,2020-12-05 13:02:00,4.0,5.118562612962854,131.77457659558826,128.3937293657895,0.01770000000000005,0.00031885486834390186,cx4_3: 9.656e-3 ,,,
435,2020-12-06 00:18:00,0.0,5.175372747975176,99.91098440009037,101.30368572785568,0.007700000000000041,0.0002441007981268126,cx0_1: 1.000e+0 ,,,
436,2020-12-06 00:18:00,1.0,5.2672087329233745,62.655080484830684,89.63015643608976,0.011300000000000088,0.0003000135129620453,"cx1_2: 1.000e+0 , cx1_0: 1.000e+0 ",,,
437,2020-12-06 00:18:00,2.0,5.052368989207028,100.50318060848065,105.15493909558664,0.015900000000000025,0.00020165534111155656,"cx2_3: 1.000e+0 , cx2_1: 1.000e+0 ",,,
438,2020-12-06 00:18:00,3.0,4.8559232379307415,53.07257758574252,26.67282714324779,0.043099999999999916,0.0005688329648876588,"cx3_4: 1.000e+0 , cx3_2: 1.000e+0 ",,,
439,2020-12-06 00:18:00,4.0,5.118562612962854,131.77457659558826,128.3937293657895,0.01770000000000005,0.00031885486834390186,cx4_3: 1.000e+0 ,,,
440,2020-12-07 00:19:00,0.0,5.175374866092738,96.18447884909209,184.74158207850846,0.010499999999999956,0.00024204378218525255,cx0_1: 8.279e-3 ,,,
441,2020-12-07 00:19:00,1.0,5.267212071118567,66.01179461681599,92.72381447400014,0.01329999999999998,0.0002675225024942818,"cx1_2: 7.646e-3 , cx1_0: 8.279e-3 ",,,
442,2020-12-07 00:19:00,2.0,5.052369573977999,79.43532859333318,111.97044699747643,0.015900000000000025,0.00024122995535508189,"cx2_3: 9.619e-3 , cx2_1: 7.646e-3 ",,,
443,2020-12-07 00:19:00,3.0,4.855921940739151,76.18556527840181,22.897772528707677,0.032499999999999966,0.0003660564257746148,"cx3_4: 1.034e-2 , cx3_2: 9.619e-3 ",,,
444,2020-12-07 00:19:00,4.0,5.118557502578364,131.77457659558826,63.6914624718153,0.02529999999999999,0.00040134676609450914,cx4_3: 1.034e-2 ,,,
445,2020-12-07 23:19:00,0.0,5.175372498691918,69.41043441736743,103.4228266994079,0.00880000000000003,0.0002452260888847513,cx0_1: 9.889e-3 ,,,
446,2020-12-07 23:19:00,1.0,5.267213187910642,84.03459302675991,110.10718436430248,0.014399999999999968,0.0002616014934658248,"cx1_2: 6.959e-3 , cx1_0: 9.889e-3 ",,,
447,2020-12-07 23:19:00,2.0,5.05237462287858,95.74398155027176,136.23417987075774,0.015299999999999982,0.00024117295929597623,"cx2_3: 9.075e-3 , cx2_1: 6.959e-3 ",,,
448,2020-12-07 23:19:00,3.0,4.855923806552454,90.32034085388695,26.657838514235483,0.035700000000000065,0.0004613813232180512,"cx3_4: 1.124e-2 , cx3_2: 9.075e-3 ",,,
449,2020-12-07 23:19:00,4.0,5.118558360443309,89.23694551762311,153.08934847761887,0.024599999999999955,0.0003492353939253866,cx4_3: 1.124e-2 ,,,
450,2020-12-08 08:24:00,0.0,5.17537493613707,51.29520019479083,84.91289925129452,0.011299999999999977,0.00035745405567036035,cx0_1: 1.123e-2 ,,,
451,2020-12-08 08:24:00,1.0,5.267206378646254,66.32047815105882,93.6568657137482,0.014299999999999981,0.00028133379142421705,"cx1_2: 7.151e-3 , cx1_0: 1.123e-2 ",,,
452,2020-12-08 08:24:00,2.0,5.0523771312899015,79.80291101702787,131.00158476030762,0.018299999999999983,0.00023240775154568307,"cx2_3: 7.017e-3 , cx2_1: 7.151e-3 ",,,
453,2020-12-08 08:24:00,3.0,4.855924732861032,70.62235323376791,22.21112381495304,0.03069999999999995,0.0002792944519589689,"cx3_4: 7.500e-3 , cx3_2: 7.017e-3 ",,,
454,2020-12-08 08:24:00,4.0,5.118552348271651,90.85390847390663,119.08545264792177,0.024699999999999944,0.00031120933748783337,cx4_3: 7.500e-3 ,,,
455,2020-12-09 23:55:00,0.0,5.175374616629703,81.60626854916836,133.850698584752,0.007400000000000073,0.00022077596145518872,cx0_1: 9.737e-3 ,,,
456,2020-12-09 23:55:00,1.0,5.267212288403031,86.95157944692836,124.25102165089041,0.014699999999999937,0.00031556594433874204,"cx1_2: 7.723e-3 , cx1_0: 9.737e-3 ",,,
457,2020-12-09 23:55:00,2.0,5.052375382288927,94.58156280222687,116.07029998421528,0.016100000000000003,0.000276241649513622,"cx2_3: 6.311e-3 , cx2_1: 7.723e-3 ",,,
458,2020-12-09 23:55:00,3.0,4.855934281654232,70.2685425712727,22.778899087766238,0.02950000000000008,0.000244702155735743,"cx3_4: 7.215e-3 , cx3_2: 6.311e-3 ",,,
459,2020-12-09 23:55:00,4.0,5.1185529077328775,80.28527379194904,106.16164749449258,0.023900000000000032,0.00039292354092036464,cx4_3: 7.215e-3 ,,,
460,2020-12-10 23:55:00,0.0,5.175372498691918,69.41043441736743,103.4228266994079,0.00880000000000003,0.0002452260888847513,cx0_1: 9.889e-3 ,,,
461,2020-12-10 23:55:00,1.0,5.267213187910642,84.03459302675991,110.10718436430248,0.014399999999999968,0.0002616014934658248,"cx1_2: 6.959e-3 , cx1_0: 9.889e-3 ",,,
462,2020-12-10 23:55:00,2.0,5.05237462287858,95.74398155027176,136.23417987075774,0.015299999999999982,0.00024117295929597623,"cx2_3: 9.075e-3 , cx2_1: 6.959e-3 ",,,
463,2020-12-10 23:55:00,3.0,4.855923806552454,90.32034085388695,26.657838514235483,0.035700000000000065,0.0004613813232180512,"cx3_4: 1.124e-2 , cx3_2: 9.075e-3 ",,,
464,2020-12-10 23:55:00,4.0,5.118558360443309,89.23694551762311,153.08934847761887,0.024599999999999955,0.0003492353939253866,cx4_3: 1.124e-2 ,,,
465,2020-12-11 12:05:00,0.0,5.175368011730153,39.5373002069609,116.074939810146,0.009099999999999995,0.00034167235333322943,cx0_1: 1.782e-2 ,,,
466,2020-12-11 12:05:00,1.0,5.26721521166408,81.81216662896288,95.18906049302507,0.01090000000000002,0.00030146546913394307,"cx1_2: 1.473e-2 , cx1_0: 1.782e-2 ",,,
467,2020-12-11 12:05:00,2.0,5.052381348137391,85.12525436282273,116.51692418116129,0.017900000000000027,0.00023778157030146865,"cx2_3: 7.543e-3 , cx2_1: 1.473e-2 ",,,
468,2020-12-11 12:05:00,3.0,4.855931560874075,24.0760420949644,16.134458709578528,0.03510000000000002,0.0002842956151314148,"cx3_4: 6.972e-3 , cx3_2: 7.543e-3 ",,,
469,2020-12-11 12:05:00,4.0,5.118554738605216,92.28598154736478,114.9835383138285,0.019000000000000017,0.0002152277541460265,cx4_3: 6.972e-3 ,,,
470,2020-12-12 10:46:00,0.0,5.1753707875015325,54.744618980884866,112.40154779508251,0.010000000000000007,0.00029141342514815076,cx0_1: 9.562e-3 ,,,
471,2020-12-12 10:46:00,1.0,5.267215396570377,61.840061747226684,135.72742147058688,0.011500000000000066,0.00029973312543899865,"cx1_2: 8.648e-3 , cx1_0: 9.562e-3 ",,,
472,2020-12-12 10:46:00,2.0,5.052381392716165,101.70528760625332,107.9651284683357,0.016899999999999915,0.0002673686445499061,"cx2_3: 7.711e-3 , cx2_1: 8.648e-3 ",,,
473,2020-12-12 10:46:00,3.0,4.855927299472955,104.32610115644164,24.158916750081445,0.03339999999999998,0.00027168359499799537,"cx3_4: 6.594e-3 , cx3_2: 7.711e-3 ",,,
474,2020-12-12 10:46:00,4.0,5.118557406913516,92.0326732144371,119.43889542994422,0.02410000000000001,0.00024354455523264932,cx4_3: 6.594e-3 ,,,
475,2020-12-13 13:45:00,0.0,5.175368153503193,61.3624550436697,130.73661158908317,0.012499999999999956,0.0003179837663415089,cx0_1: 9.527e-3 ,,,
476,2020-12-13 13:45:00,1.0,5.267215972276427,75.35614327627061,72.25527178955588,0.012399999999999968,0.0002940696399952501,"cx1_2: 6.789e-3 , cx1_0: 9.527e-3 ",,,
477,2020-12-13 13:45:00,2.0,5.052378155397967,71.13366166873719,116.4852448187512,0.020499999999999963,0.00025395328659463416,"cx2_3: 8.307e-3 , cx2_1: 6.789e-3 ",,,
478,2020-12-13 13:45:00,3.0,4.855928102697965,126.84881626020784,21.261956738857094,0.03079999999999994,0.0002805909939274726,"cx3_4: 9.701e-3 , cx3_2: 8.307e-3 ",,,
479,2020-12-13 13:45:00,4.0,5.118557408048753,76.3915463415338,110.13818337072965,0.023800000000000043,0.000329571313233051,cx4_3: 9.701e-3 ,,,
480,2020-12-14 15:00:00,0.0,5.175373166891234,69.17721300777276,64.53356510379983,0.009299999999999977,0.00033964339762853425,cx0_1: 9.558e-3 ,,,
481,2020-12-14 15:00:00,1.0,5.267218868778827,81.61069347937483,146.47511879046718,0.010399999999999965,0.0003209908437748993,"cx1_2: 7.949e-3 , cx1_0: 9.558e-3 ",,,
482,2020-12-14 15:00:00,2.0,5.052374144042512,79.749438578037,99.9600752809656,0.015299999999999982,0.0002247398416725208,"cx2_3: 7.158e-3 , cx2_1: 7.949e-3 ",,,
483,2020-12-14 15:00:00,3.0,4.855927335457328,104.63222265278786,24.95631775618893,0.03269999999999995,0.0002435626046997592,"cx3_4: 6.745e-3 , cx3_2: 7.158e-3 ",,,
484,2020-12-14 15:00:00,4.0,5.118552713351598,92.15280484425085,134.78363330692622,0.02540000000000009,0.00023455055509521874,cx4_3: 6.745e-3 ,,,
485,2020-12-15 13:00:00,0.0,5.17537493613707,51.29520019479083,84.91289925129452,0.011299999999999977,0.00035745405567036035,cx0_1: 1.123e-2 ,,,
486,2020-12-15 13:00:00,1.0,5.267206378646254,66.32047815105882,93.6568657137482,0.014299999999999981,0.00028133379142421705,"cx1_2: 7.151e-3 , cx1_0: 1.123e-2 ",,,
487,2020-12-15 13:00:00,2.0,5.0523771312899015,79.80291101702787,131.00158476030762,0.018299999999999983,0.00023240775154568307,"cx2_3: 7.017e-3 , cx2_1: 7.151e-3 ",,,
488,2020-12-15 13:00:00,3.0,4.855924732861032,70.62235323376791,22.21112381495304,0.03069999999999995,0.0002792944519589689,"cx3_4: 7.500e-3 , cx3_2: 7.017e-3 ",,,
489,2020-12-15 13:00:00,4.0,5.118552348271651,90.85390847390663,119.08545264792177,0.024699999999999944,0.00031120933748783337,cx4_3: 7.500e-3 ,,,
490,2020-12-16 16:45:00,0.0,5.17537493613707,51.29520019479083,84.91289925129452,0.011299999999999977,0.00035745405567036035,cx0_1: 1.123e-2 ,,,
491,2020-12-16 16:45:00,1.0,5.267206378646254,66.32047815105882,93.6568657137482,0.014299999999999981,0.00028133379142421705,"cx1_2: 7.151e-3 , cx1_0: 1.123e-2 ",,,
492,2020-12-16 16:45:00,2.0,5.0523771312899015,79.80291101702787,131.00158476030762,0.018299999999999983,0.00023240775154568307,"cx2_3: 7.017e-3 , cx2_1: 7.151e-3 ",,,
493,2020-12-16 16:45:00,3.0,4.855924732861032,70.62235323376791,22.21112381495304,0.03069999999999995,0.0002792944519589689,"cx3_4: 7.500e-3 , cx3_2: 7.017e-3 ",,,
494,2020-12-16 16:45:00,4.0,5.118552348271651,90.85390847390663,119.08545264792177,0.024699999999999944,0.00031120933748783337,cx4_3: 7.500e-3 ,,,
495,2020-12-17 19:00:00,0.0,5.175377484223612,69.17721300777276,56.062252793976704,0.008299999999999974,0.00029384244106985425,cx0_1: 1.078e-2 ,,,
496,2020-12-17 19:00:00,1.0,5.26722383664451,54.09252540749136,105.56018462579107,0.011399999999999966,0.0002527611282330237,"cx1_2: 7.322e-3 , cx1_0: 1.078e-2 ",,,
497,2020-12-17 19:00:00,2.0,5.0523821939917095,81.30777837827794,152.5536142770042,0.01549999999999996,0.00026205590047612647,"cx2_3: 6.595e-3 , cx2_1: 7.322e-3 ",,,
498,2020-12-17 19:00:00,3.0,4.855931277854023,68.27240878945985,23.071903198836218,0.03520000000000001,0.00025827330350378954,"cx3_4: 6.958e-3 , cx3_2: 6.595e-3 ",,,
499,2020-12-17 19:00:00,4.0,5.118557121666801,92.15280484425085,41.94579922310459,0.026999999999999916,0.0003393373466432629,cx4_3: 6.958e-3 ,,,
500,2020-12-18 12:44:00,0.0,5.175373166891234,69.17721300777276,64.53356510379983,0.009299999999999977,0.00033964339762853425,cx0_1: 9.558e-3 ,,,
501,2020-12-18 12:44:00,1.0,5.267218868778827,81.61069347937483,146.47511879046718,0.010399999999999965,0.0003209908437748993,"cx1_2: 7.949e-3 , cx1_0: 9.558e-3 ",,,
502,2020-12-18 12:44:00,2.0,5.052374144042512,79.749438578037,99.9600752809656,0.015299999999999982,0.0002247398416725208,"cx2_3: 7.158e-3 , cx2_1: 7.949e-3 ",,,
503,2020-12-18 12:44:00,3.0,4.855927335457328,104.63222265278786,24.95631775618893,0.03269999999999995,0.0002435626046997592,"cx3_4: 6.745e-3 , cx3_2: 7.158e-3 ",,,
504,2020-12-18 12:44:00,4.0,5.118552713351598,92.15280484425085,134.78363330692622,0.02540000000000009,0.00023455055509521874,cx4_3: 6.745e-3 ,,,
505,2020-12-19 10:24:00,0.0,5.175377484223612,69.17721300777276,56.062252793976704,0.008299999999999974,0.00029384244106985425,cx0_1: 1.078e-2 ,,,
506,2020-12-19 10:24:00,1.0,5.26722383664451,54.09252540749136,105.56018462579107,0.011399999999999966,0.0002527611282330237,"cx1_2: 7.322e-3 , cx1_0: 1.078e-2 ",,,
507,2020-12-19 10:24:00,2.0,5.0523821939917095,81.30777837827794,152.5536142770042,0.01549999999999996,0.00026205590047612647,"cx2_3: 6.595e-3 , cx2_1: 7.322e-3 ",,,
508,2020-12-19 10:24:00,3.0,4.855931277854023,68.27240878945985,23.071903198836218,0.03520000000000001,0.00025827330350378954,"cx3_4: 6.958e-3 , cx3_2: 6.595e-3 ",,,
509,2020-12-19 10:24:00,4.0,5.118557121666801,92.15280484425085,41.94579922310459,0.026999999999999916,0.0003393373466432629,cx4_3: 6.958e-3 ,,,
510,2020-12-20 22:00:00,0.0,5.17537493613707,51.29520019479083,84.91289925129452,0.011299999999999977,0.00035745405567036035,cx0_1: 1.123e-2 ,,,
511,2020-12-20 22:00:00,1.0,5.267206378646254,66.32047815105882,93.6568657137482,0.014299999999999981,0.00028133379142421705,"cx1_2: 7.151e-3 , cx1_0: 1.123e-2 ",,,
512,2020-12-20 22:00:00,2.0,5.0523771312899015,79.80291101702787,131.00158476030762,0.018299999999999983,0.00023240775154568307,"cx2_3: 7.017e-3 , cx2_1: 7.151e-3 ",,,
513,2020-12-20 22:00:00,3.0,4.855924732861032,70.62235323376791,22.21112381495304,0.03069999999999995,0.0002792944519589689,"cx3_4: 7.500e-3 , cx3_2: 7.017e-3 ",,,
514,2020-12-20 22:00:00,4.0,5.118552348271651,90.85390847390663,119.08545264792177,0.024699999999999944,0.00031120933748783337,cx4_3: 7.500e-3 ,,,
515,2020-12-21 14:00:00,0.0,5.17537493613707,51.29520019479083,84.91289925129452,0.011299999999999977,0.00035745405567036035,cx0_1: 1.123e-2 ,,,
516,2020-12-21 14:00:00,1.0,5.267206378646254,66.32047815105882,93.6568657137482,0.014299999999999981,0.00028133379142421705,"cx1_2: 7.151e-3 , cx1_0: 1.123e-2 ",,,
517,2020-12-21 14:00:00,2.0,5.0523771312899015,79.80291101702787,131.00158476030762,0.018299999999999983,0.00023240775154568307,"cx2_3: 7.017e-3 , cx2_1: 7.151e-3 ",,,
518,2020-12-21 14:00:00,3.0,4.855924732861032,70.62235323376791,22.21112381495304,0.03069999999999995,0.0002792944519589689,"cx3_4: 7.500e-3 , cx3_2: 7.017e-3 ",,,
519,2020-12-21 14:00:00,4.0,5.118552348271651,90.85390847390663,119.08545264792177,0.024699999999999944,0.00031120933748783337,cx4_3: 7.500e-3 ,,,
520,2020-12-22 16:45:00,0.0,5.175374027280028,84.97895575892021,152.7513670212044,0.023333333333333317,0.0002329724130947877,cx0_1: 8.933e-3 ,,,
521,2020-12-22 16:45:00,1.0,5.267223328260084,89.35031147389749,148.697450541992,0.01666666666666661,0.00028034450469203775,"cx1_2: 6.812e-3 , cx1_0: 8.933e-3 ",,,
522,2020-12-22 16:45:00,2.0,5.052372044342347,95.63693621979272,159.92306649516146,0.033333333333333326,0.00023493080078168917,"cx2_3: 7.875e-3 , cx2_1: 6.812e-3 ",,,
523,2020-12-22 16:45:00,3.0,4.855918145062604,89.67442542076115,27.19484365929822,0.023333333333333317,0.0004577118391454411,"cx3_4: 8.496e-3 , cx3_2: 7.875e-3 ",,,
524,2020-12-22 16:45:00,4.0,5.1185540450425515,64.73280094908144,93.01482366288342,0.028333333333333318,0.00029161959358207576,cx4_3: 8.496e-3 ,,,
525,2020-12-23 10:00:00,0.0,5.17537493613707,51.29520019479083,84.91289925129452,0.011299999999999977,0.00035745405567036035,cx0_1: 1.123e-2 ,,,
526,2020-12-23 10:00:00,1.0,5.267206378646254,66.32047815105882,93.6568657137482,0.014299999999999981,0.00028133379142421705,"cx1_2: 7.151e-3 , cx1_0: 1.123e-2 ",,,
527,2020-12-23 10:00:00,2.0,5.0523771312899015,79.80291101702787,131.00158476030762,0.018299999999999983,0.00023240775154568307,"cx2_3: 7.017e-3 , cx2_1: 7.151e-3 ",,,
528,2020-12-23 10:00:00,3.0,4.855924732861032,70.62235323376791,22.21112381495304,0.03069999999999995,0.0002792944519589689,"cx3_4: 7.500e-3 , cx3_2: 7.017e-3 ",,,
529,2020-12-23 10:00:00,4.0,5.118552348271651,90.85390847390663,119.08545264792177,0.024699999999999944,0.00031120933748783337,cx4_3: 7.500e-3 ,,,
530,2020-12-23 14:41:00,0.0,5.175369587309025,67.75795558976553,97.40455682065,0.013199999999999991,0.00030295862734382883,cx0_1: 8.860e-3 ,,,
531,2020-12-23 14:41:00,1.0,5.26717977683941,49.31204077848332,93.51177576396705,0.016700000000000048,0.00030069345721196847,"cx1_2: 7.726e-3 , cx1_0: 8.860e-3 ",,,
532,2020-12-23 14:41:00,2.0,5.052381281718595,90.76699791496516,95.11575173419786,0.016199999999999992,0.00024789146557547783,"cx2_3: 5.889e-3 , cx2_1: 7.726e-3 ",,,
533,2020-12-23 14:41:00,3.0,4.855924407990668,60.19769044183246,21.909749384442144,0.03300000000000003,0.000235165734564204,"cx3_4: 6.603e-3 , cx3_2: 5.889e-3 ",,,
534,2020-12-23 14:41:00,4.0,5.118555539866709,86.56503067418166,125.06743386817196,0.025900000000000038,0.00025951742770086443,cx4_3: 6.603e-3 ,,,
535,2020-12-24 19:00:00,0.0,5.175374027280028,84.97895575892021,152.7513670212044,0.023333333333333317,0.0002329724130947877,cx0_1: 8.933e-3 ,,,
536,2020-12-24 19:00:00,1.0,5.267223328260084,89.35031147389749,148.697450541992,0.01666666666666661,0.00028034450469203775,"cx1_2: 6.812e-3 , cx1_0: 8.933e-3 ",,,
537,2020-12-24 19:00:00,2.0,5.052372044342347,95.63693621979272,159.92306649516146,0.033333333333333326,0.00023493080078168917,"cx2_3: 7.875e-3 , cx2_1: 6.812e-3 ",,,
538,2020-12-24 19:00:00,3.0,4.855918145062604,89.67442542076115,27.19484365929822,0.023333333333333317,0.0004577118391454411,"cx3_4: 8.496e-3 , cx3_2: 7.875e-3 ",,,
539,2020-12-24 19:00:00,4.0,5.1185540450425515,64.73280094908144,93.01482366288342,0.028333333333333318,0.00029161959358207576,cx4_3: 8.496e-3 ,,,
540,2020-12-25 22:16:00,0.0,5.175374027280028,84.97895575892021,152.7513670212044,0.023333333333333317,0.0002329724130947877,cx0_1: 8.933e-3 ,,,
541,2020-12-25 22:16:00,1.0,5.267223328260084,89.35031147389749,148.697450541992,0.01666666666666661,0.00028034450469203775,"cx1_2: 6.812e-3 , cx1_0: 8.933e-3 ",,,
542,2020-12-25 22:16:00,2.0,5.052372044342347,95.63693621979272,159.92306649516146,0.033333333333333326,0.00023493080078168917,"cx2_3: 7.875e-3 , cx2_1: 6.812e-3 ",,,
543,2020-12-25 22:16:00,3.0,4.855918145062604,89.67442542076115,27.19484365929822,0.023333333333333317,0.0004577118391454411,"cx3_4: 8.496e-3 , cx3_2: 7.875e-3 ",,,
544,2020-12-25 22:16:00,4.0,5.1185540450425515,64.73280094908144,93.01482366288342,0.028333333333333318,0.00029161959358207576,cx4_3: 8.496e-3 ,,,
545,2020-12-26 13:53:00,0.0,5.175370498127216,48.70532782013911,60.19990157492588,0.008299999999999974,0.0002527679471394273,cx0_1: 9.394e-3 ,,,
546,2020-12-26 13:53:00,1.0,5.267226773598871,88.01361576902822,135.793745778678,0.011600000000000056,0.00027705269820115533,"cx1_2: 7.327e-3 , cx1_0: 9.394e-3 ",,,
547,2020-12-26 13:53:00,2.0,5.0523783291512645,89.08756968930298,134.21518734471906,0.015199999999999991,0.00022080509952832192,"cx2_3: 8.788e-3 , cx2_1: 7.327e-3 ",,,
548,2020-12-26 13:53:00,3.0,4.8559297720477375,47.0945093374829,25.19401862774713,0.02180000000000004,0.00028828823323945736,"cx3_4: 8.206e-3 , cx3_2: 8.788e-3 ",,,
549,2020-12-26 13:53:00,4.0,5.1185535557788935,70.83631657534708,124.54289709877753,0.02039999999999997,0.00025599865586327754,cx4_3: 8.206e-3 ,,,
550,2020-12-27 15:00:00,0.0,5.1753694227857405,71.12086268290037,140.37579457749055,0.010399999999999965,0.00036346701146123595,cx0_1: 1.063e-2 ,,,
551,2020-12-27 15:00:00,1.0,5.267199116812756,72.77829536162193,59.919077542083606,0.012000000000000009,0.0004309434577208743,"cx1_2: 7.392e-3 , cx1_0: 1.063e-2 ",,,
552,2020-12-27 15:00:00,2.0,5.052372650336811,114.06632727080694,139.8985510245352,0.018000000000000016,0.00022513359010290166,"cx2_3: 9.860e-3 , cx2_1: 7.392e-3 ",,,
553,2020-12-27 15:00:00,3.0,4.855929821809563,46.77653711078395,21.21696406022194,0.03600000000000003,0.00033837084015536835,"cx3_4: 9.359e-3 , cx3_2: 9.860e-3 ",,,
554,2020-12-27 15:00:00,4.0,5.118562582504363,60.935215361869055,139.43848652428693,0.02310000000000001,0.0002377899229128417,cx4_3: 9.359e-3 ,,,
555,2020-12-28 15:00:00,0.0,5.1753694227857405,71.12086268290037,140.37579457749055,0.010399999999999965,0.00036346701146123595,cx0_1: 1.063e-2 ,,,
556,2020-12-28 15:00:00,1.0,5.267199116812756,72.77829536162193,59.919077542083606,0.012000000000000009,0.0004309434577208743,"cx1_2: 7.392e-3 , cx1_0: 1.063e-2 ",,,
557,2020-12-28 15:00:00,2.0,5.052372650336811,114.06632727080694,139.8985510245352,0.018000000000000016,0.00022513359010290166,"cx2_3: 9.860e-3 , cx2_1: 7.392e-3 ",,,
558,2020-12-28 15:00:00,3.0,4.855929821809563,46.77653711078395,21.21696406022194,0.03600000000000003,0.00033837084015536835,"cx3_4: 9.359e-3 , cx3_2: 9.860e-3 ",,,
559,2020-12-28 15:00:00,4.0,5.118562582504363,60.935215361869055,139.43848652428693,0.02310000000000001,0.0002377899229128417,cx4_3: 9.359e-3 ,,,
560,2020-12-29 10:43:00,0.0,5.1753694227857405,71.12086268290037,140.37579457749055,0.010399999999999965,0.00036346701146123595,cx0_1: 1.063e-2 ,,,
561,2020-12-29 10:43:00,1.0,5.267199116812756,72.77829536162193,59.919077542083606,0.012000000000000009,0.0004309434577208743,"cx1_2: 7.392e-3 , cx1_0: 1.063e-2 ",,,
562,2020-12-29 10:43:00,2.0,5.052372650336811,114.06632727080694,139.8985510245352,0.018000000000000016,0.00022513359010290166,"cx2_3: 9.860e-3 , cx2_1: 7.392e-3 ",,,
563,2020-12-29 10:43:00,3.0,4.855929821809563,46.77653711078395,21.21696406022194,0.03600000000000003,0.00033837084015536835,"cx3_4: 9.359e-3 , cx3_2: 9.860e-3 ",,,
564,2020-12-29 10:43:00,4.0,5.118562582504363,60.935215361869055,139.43848652428693,0.02310000000000001,0.0002377899229128417,cx4_3: 9.359e-3 ,,,
565,2020-12-30 17:00:00,0.0,5.1753694227857405,71.12086268290037,140.37579457749055,0.010399999999999965,0.00036346701146123595,cx0_1: 1.063e-2 ,,,
566,2020-12-30 17:00:00,1.0,5.267199116812756,72.77829536162193,59.919077542083606,0.012000000000000009,0.0004309434577208743,"cx1_2: 7.392e-3 , cx1_0: 1.063e-2 ",,,
567,2020-12-30 17:00:00,2.0,5.052372650336811,114.06632727080694,139.8985510245352,0.018000000000000016,0.00022513359010290166,"cx2_3: 9.860e-3 , cx2_1: 7.392e-3 ",,,
568,2020-12-30 17:00:00,3.0,4.855929821809563,46.77653711078395,21.21696406022194,0.03600000000000003,0.00033837084015536835,"cx3_4: 9.359e-3 , cx3_2: 9.860e-3 ",,,
569,2020-12-30 17:00:00,4.0,5.118562582504363,60.935215361869055,139.43848652428693,0.02310000000000001,0.0002377899229128417,cx4_3: 9.359e-3 ,,,
570,2020-12-31 15:00:00,0.0,5.1753694227857405,71.12086268290037,140.37579457749055,0.010399999999999965,0.00036346701146123595,cx0_1: 1.063e-2 ,,,
571,2020-12-31 15:00:00,1.0,5.267199116812756,72.77829536162193,59.919077542083606,0.012000000000000009,0.0004309434577208743,"cx1_2: 7.392e-3 , cx1_0: 1.063e-2 ",,,
572,2020-12-31 15:00:00,2.0,5.052372650336811,114.06632727080694,139.8985510245352,0.018000000000000016,0.00022513359010290166,"cx2_3: 9.860e-3 , cx2_1: 7.392e-3 ",,,
573,2020-12-31 15:00:00,3.0,4.855929821809563,46.77653711078395,21.21696406022194,0.03600000000000003,0.00033837084015536835,"cx3_4: 9.359e-3 , cx3_2: 9.860e-3 ",,,
574,2020-12-31 15:00:00,4.0,5.118562582504363,60.935215361869055,139.43848652428693,0.02310000000000001,0.0002377899229128417,cx4_3: 9.359e-3 ,,,
